rowIndex,keyword,prompt,response
1,Nurse,Briefly describe a Nurse.,"A nurse is a healthcare professional who provides direct patient care and support under the supervision of a licensed physician or other advanced practice registered nurses (APRNs).  Their primary responsibilities include:

* Assessing patients' physical, emotional, and social needs
* Administering medications and treatments
* Providing wound care and managing chronic conditions
* Educating patients on health management and self-care
* Maintaining accurate patient records
* Collaborating with other healthcare professionals to develop and implement treatment plans."
2,Nurse,Briefly describe a Nurse.,"A nurse is a healthcare professional who provides medical care, support, and guidance to patients, either in hospitals, clinics, or other healthcare settings.  Their primary role involves assessing patient needs, developing treatment plans, administering medications, monitoring vital signs, and providing emotional support to patients and their families."
3,Nurse,Briefly describe a Nurse.,"A nurse is a healthcare professional who provides hands-on care to patients, administering medications, performing medical procedures, and monitoring their condition under the guidance of a doctor or other qualified healthcare provider.  Nurses work in various settings, such as hospitals, clinics, nursing homes, and community health organizations, providing care and support to individuals with acute, chronic, or specialized medical needs."
4,Nurse,Briefly describe a Nurse.,"A nurse is a trained healthcare professional who provides direct patient care, education, and support to individuals in need of medical attention.  Their primary responsibilities include:

* Assessing patients' physical and emotional needs
* Administering medications and treatments
* Developing and implementing individualized care plans
* Monitoring patients' progress and responding to changes in their condition
* Providing emotional support and education to patients and their families

Nurses work in various healthcare settings, including hospitals, clinics, and long-term care facilities, and may specialize in specific areas such as pediatrics, gerontology, or critical care."
5,Nurse,Briefly describe a Nurse.,"A nurse is a healthcare professional who provides patient care, education, and support to individuals in various settings, such as hospitals, clinics, nursing homes, and community health organizations.  Nurses are trained to assess patients' physical and emotional needs, administer medications, perform medical procedures, and provide wound care, among other duties."
6,Nurse,Briefly describe a Nurse.,"A nurse is a healthcare professional who provides hands-on care and support to patients, particularly in hospitals, clinics, and other medical facilities.  Their primary responsibilities include:

* Assessing patient needs and developing individualized care plans
* Administering medications and treatments
* Monitoring vital signs and reporting changes to physicians
* Providing emotional support and education to patients and their families
* Performing various medical procedures, such as wound care and blood draws
* Collaborating with other healthcare professionals to coordinate patient care

Nurses may specialize in specific areas, such as pediatrics, gerontology, or critical care, and work in a variety of settings, including hospitals, nursing homes, and community health organizations."
7,Nurse,Briefly describe a Nurse.,"A nurse is a healthcare professional who provides medical care, support, and education to patients, often in a hospital, clinic, or community setting.  They are responsible for assessing patient needs, administering medications, performing various medical procedures, and monitoring patient progress."
8,Nurse,Briefly describe a Nurse.,"A nurse is a trained healthcare professional who provides direct patient care and support to individuals with various medical conditions, injuries, or illnesses.  Their primary responsibilities include:

- Assessing patients' physical and emotional needs
- Administering medications and treatments
- Monitoring patients' health and vital signs
- Providing education and guidance on self-care and disease management
- Collaborating with healthcare teams to develop care plans
- Maintaining accurate patient records

Nurses work in various settings, including hospitals, clinics, nursing homes, and community health organizations."
9,Nurse,Briefly describe a Nurse.,"A nurse is a trained healthcare professional who provides hands-on care and support to patients, especially those who are ill, injured, or undergoing medical treatment.  Their primary responsibilities include:

* Assessing patient needs and developing individualized care plans
* Administering medications and treatments as prescribed by doctors
* Providing emotional support and education to patients and their families
* Monitoring vital signs and reporting changes to healthcare providers
* Maintaining accurate records of patient progress

Nurses may work in various settings, such as hospitals, clinics, nursing homes, or community health organizations."
10,Nurse,Briefly describe a Nurse.,"A nurse is a trained healthcare professional who provides hands-on care and support to patients, clients, or communities in various settings, such as hospitals, clinics, schools, and homes.  Their primary responsibilities include:

* Assessing patient needs and developing individualized care plans
* Administering medications and treatments
* Monitoring patient vital signs and health status
* Providing emotional support and education to patients and their families
* Collaborating with other healthcare professionals to ensure comprehensive care

Nurses may specialize in various areas, such as pediatrics, gerontology, oncology, or critical care."
11,Nurse,Briefly describe a Nurse.,"A nurse is a healthcare professional who provides direct care and support to patients, often working under the supervision of a doctor or other medical professionals.  Their primary responsibilities may include:

- Assessing patient needs and developing individualized care plans
- Administering medications, treatments, and therapies
- Providing education and guidance on health and wellness
- Monitoring patient vital signs and progress
- Collaborating with other healthcare team members to coordinate care

Nurses work in a variety of settings, including hospitals, clinics, long-term care facilities, and community health organizations."
12,Nurse,Briefly describe a Nurse.,"A nurse is a healthcare professional who provides direct patient care, administers medications, and coordinates medical treatments under the supervision of a physician or other licensed healthcare provider.  Nurses may specialize in various areas, such as pediatrics, gerontology, or critical care, and are responsible for:

* Assessing patients' physical and emotional needs
* Developing and implementing individualized care plans
* Providing basic and advanced life support skills
* Educating patients and their families about health and wellness
* Collaborating with other healthcare professionals to coordinate care

Nurses work in various settings, including hospitals, clinics, nursing homes, and community health organizations."
13,Nurse,Briefly describe a Nurse.,"A nurse is a healthcare professional who provides direct patient care, administers medications, and coordinates medical treatments under the supervision of a physician or other licensed healthcare provider.  Their primary responsibilities include:

* Assessing patients' physical and emotional needs
* Developing and implementing individualized care plans
* Providing education and support to patients and their families
* Administering medications and treatments
* Monitoring patient progress and reporting any changes or concerns to the healthcare team
* Maintaining accurate records of patient care

Nurses work in various settings, including hospitals, clinics, long-term care facilities, and community health organizations."
14,Nurse,Briefly describe a Nurse.,"A nurse is a healthcare professional who provides direct patient care and support to individuals, families, or communities.  They are trained to assess, diagnose, and treat patients' physical and emotional needs, often working under the supervision of a physician."
15,Nurse,Briefly describe a Nurse.,"A nurse is a healthcare professional who provides medical care, support, and education to patients, particularly in hospitals, clinics, and other healthcare settings.  Nurses assess patient needs, develop care plans, administer medications, perform various medical procedures, and provide emotional support to patients and their families."
16,Nurse,Briefly describe a Nurse.,"A nurse is a healthcare professional who provides direct care and support to patients, typically under the supervision of a doctor or other qualified healthcare provider.  Nurses are trained to assess patient needs, administer medications, perform medical procedures, provide education and guidance on health and wellness, and coordinate patient care with other healthcare professionals."
17,Nurse,Briefly describe a Nurse.,"A nurse is a healthcare professional who provides direct patient care, administers medications, monitors vital signs, and educates patients on health maintenance and disease prevention.  Nurses work under the supervision of physicians and other healthcare professionals to provide comprehensive medical care, including:

* Assessing patients' needs
* Developing and implementing care plans
* Administering treatments and medications
* Conducting routine check-ups and monitoring patients' progress
* Educating patients and families on health topics
* Collaborating with other healthcare team members to ensure patient-centered care."
18,Nurse,Briefly describe a Nurse.,"A nurse is a healthcare professional who provides direct care to patients, often working under the supervision of doctors and other medical professionals.  Their primary responsibilities include:

* Assessing patient needs and developing individualized care plans
* Administering medications and treatments
* Providing emotional support and education to patients and their families
* Monitoring patient progress and reporting any changes or concerns to healthcare teams

Nurses may work in various settings, including hospitals, clinics, nursing homes, and community health organizations."
19,Nurse,Briefly describe a Nurse.,"A nurse is a healthcare professional who provides medical care, support, and guidance to patients, often working under the supervision of a physician or other healthcare professionals.  Their primary responsibilities include:

- Assessing patient needs and developing individualized care plans
- Administering medications and treatments
- Providing emotional and psychological support to patients and their families
- Monitoring patients' vital signs and health status
- Educating patients on healthy habits, disease prevention, and self-care techniques

Nurses work in various settings, including hospitals, clinics, nursing homes, and community healthcare organizations."
20,Nurse,Briefly describe a Nurse.,"A nurse is a trained healthcare professional who provides direct patient care, educates patients and their families, and coordinates medical treatment under the supervision of a physician or other licensed healthcare provider.  Nurses may work in various settings such as hospitals, clinics, nursing homes, schools, and community health organizations, providing hands-on care to patients with physical, emotional, or mental health needs."
21,Nurse,Briefly describe a Nurse.,"A nurse is a healthcare professional who provides direct patient care, administers medications, and performs various medical procedures under the supervision of a doctor or other licensed healthcare provider.  Their primary role is to promote, maintain, and restore the physical and emotional health of patients through nursing interventions, education, and support."
22,Nurse,Briefly describe a Nurse.,"A nurse is a trained healthcare professional who provides direct care and support to patients, particularly in hospitals, clinics, and other healthcare settings.  Their primary responsibilities include:

* Assessing patient needs and developing care plans
* Administering medications and treatments
* Conducting physical exams and monitoring vital signs
* Providing emotional support and education to patients and their families
* Collaborating with doctors and other healthcare professionals to coordinate care

Nurses may specialize in specific areas, such as pediatrics, gerontology, or critical care."
23,Nurse,Briefly describe a Nurse.,"A nurse is a healthcare professional who provides direct patient care, education, and support to patients, families, and communities.  They assess patients' physical and emotional needs, administer medications and treatments, perform medical procedures, and coordinate with other healthcare providers to ensure comprehensive care."
24,Nurse,Briefly describe a Nurse.,"A nurse is a trained healthcare professional who provides patient care, education, and support to individuals with physical or mental health needs.  They work under the supervision of physicians and other healthcare professionals to assess, diagnose, treat, and manage illnesses and injuries."
25,Nurse,Briefly describe a Nurse.,"A nurse is a healthcare professional who provides direct patient care, administers medications, and coordinates medical treatment under the supervision of physicians or other healthcare providers.  Nurses work in various settings, including hospitals, clinics, nursing homes, and community health organizations, to promote health, prevent illness, and provide palliative care."
26,Nurse,Briefly describe a Nurse.,"A nurse is a healthcare professional who provides hands-on care and support to patients, primarily in hospitals, clinics, or other medical facilities.  Their duties may include:

- Assessing patient needs and developing individualized care plans
- Administering medications, treatments, and therapies
- Monitoring vital signs and reporting changes to healthcare providers
- Providing emotional and psychological support to patients and their families
- Educating patients on health maintenance and disease prevention strategies

Nurses work in various settings, including hospitals, clinics, home healthcare, and community organizations."
27,Nurse,Briefly describe a Nurse.,"A nurse is a healthcare professional who provides direct patient care and support to patients, families, and communities.  Their primary duties include:

* Assessing patients' physical and emotional needs
* Developing and implementing individualized care plans
* Administering medications and treatments
* Providing education and counseling on health and wellness
* Monitoring patients' conditions and reporting changes to healthcare teams
* Maintaining accurate records of patient data

Nurses work in various settings, including hospitals, clinics, long-term care facilities, community health organizations, and private practices."
28,Nurse,Briefly describe a Nurse.,"A nurse is a healthcare professional who provides direct patient care and support to individuals, families, or communities.  Their primary responsibilities include:

- Assessing patients' physical and emotional needs
- Developing and implementing individualized care plans
- Administering medications and treatments
- Monitoring patients' conditions and reporting changes to healthcare providers
- Educating patients and their families on healthy habits and disease prevention
- Collaborating with other healthcare professionals to provide comprehensive care

Nurses work in various settings, including hospitals, clinics, nursing homes, schools, and communities."
29,Nurse,Briefly describe a Nurse.,"A nurse is a healthcare professional who provides direct patient care and support to individuals with physical, emotional, or mental health needs.  They are educated and trained in various nursing specialties and work under the supervision of physicians and other healthcare professionals."
30,Nurse,Briefly describe a Nurse.,"A nurse is a healthcare professional who provides medical care, support, and guidance to patients, either in a hospital, clinic, or community setting.  Their primary responsibilities include:

* Assessing patient needs and developing individualized care plans
* Administering medications, treatments, and therapies
* Monitoring patient vital signs and health status
* Providing emotional and educational support to patients and their families
* Collaborating with other healthcare professionals to coordinate patient care

Nurses may specialize in specific areas, such as pediatrics, gerontology, or critical care, and work in various roles, including registered nurses (RNs), licensed practical nurses (LPNs), or advanced practice registered nurses (APRNs)."
31,Nurse,Briefly describe a Nurse.,"A nurse is a healthcare professional who provides direct patient care, administers medications, and monitors patients' conditions under the supervision of physicians or other medical professionals.  Their primary responsibilities include:

* Assessing patients' physical and emotional needs
* Developing and implementing individualized care plans
* Providing wound care, injections, and other treatments as needed
* Monitoring vital signs and reporting changes to healthcare providers
* Educating patients and their families on health maintenance and disease prevention

Nurses work in various settings, including hospitals, clinics, long-term care facilities, and community health organizations."
32,Nurse,Briefly describe a Nurse.,"A nurse is a trained healthcare professional who provides direct patient care and support to individuals with various medical conditions, injuries, or illnesses.  Their primary responsibilities include:

* Assessing patients' physical and emotional needs
* Administering medications and treatments
* Providing wound care and dressing changes
* Monitoring vital signs and reporting any changes to healthcare providers
* Educating patients and families on health promotion, disease prevention, and self-care techniques
* Collaborating with other healthcare professionals to develop patient care plans

Nurses work in various healthcare settings, including hospitals, clinics, nursing homes, and community health organizations."
33,Nurse,Briefly describe a Nurse.,"A nurse is a trained healthcare professional who provides direct patient care, education, and support to individuals with various medical needs.  Nurses work in hospitals, clinics, long-term care facilities, and other healthcare settings, under the supervision of physicians or other healthcare professionals."
34,Nurse,Briefly describe a Nurse.,"A nurse is a healthcare professional who provides direct patient care and support under the supervision of a licensed physician or other qualified healthcare provider.  Their primary responsibilities include:

* Assessing patients' physical and emotional needs
* Developing and implementing individualized care plans
* Administering medications and treatments as ordered by physicians
* Providing education and guidance to patients and families on health and wellness
* Collaborating with other healthcare professionals to coordinate patient care

Nurses work in various settings, including hospitals, clinics, nursing homes, and community health organizations."
35,Nurse,Briefly describe a Nurse.,"A nurse is a healthcare professional who provides direct patient care, educates patients and families on health and wellness, and advocates for individualized care plans.  Their duties may include:

* Assessing patients' physical and emotional needs
* Administering medications and treatments
* Performing medical procedures and surgeries
* Conducting health assessments and screenings
* Providing wound care and other skilled nursing services
* Educating patients and families on healthy habits and disease management

Nurses work in various settings, including hospitals, clinics, long-term care facilities, and community health organizations."
36,Nurse,Briefly describe a Nurse.,"A nurse is a healthcare professional who provides hands-on care, education, and support to patients, typically under the supervision of a physician or other healthcare provider.  Their primary responsibilities include:

* Assessing patient needs and developing individualized care plans
* Administering medications and treatments
* Providing wound care, bathing, and dressing patients
* Educating patients and their families on health conditions, treatments, and self-care techniques
* Monitoring vital signs and reporting changes to healthcare providers
* Collaborating with other healthcare professionals to coordinate patient care

Nurses work in various settings, including hospitals, clinics, nursing homes, and community health organizations."
37,Nurse,Briefly describe a Nurse.,"A nurse is a trained healthcare professional who provides direct patient care and support to individuals, families, or communities.  Their primary responsibilities include:

* Assessing patients' physical and emotional needs
* Developing and implementing individualized care plans
* Administering medications and treatments
* Providing wound care, dressings, and other medical procedures
* Educating patients on health maintenance, disease prevention, and treatment options
* Collaborating with healthcare teams to coordinate patient care

Nurses work in various settings, including hospitals, clinics, nursing homes, and community health organizations."
38,Nurse,Briefly describe a Nurse.,"A nurse is a trained healthcare professional who provides direct patient care, promotes health and wellness, and supports individuals with physical, emotional, or mental health needs.  Nurses work under the supervision of doctors and other medical professionals to administer medications, perform procedures, monitor vital signs, and educate patients on healthy habits and disease prevention."
39,Nurse,Briefly describe a Nurse.,"A nurse is a trained healthcare professional who provides direct patient care, promotes health and well-being, and coordinates medical treatment under the supervision of a physician or other qualified healthcare provider.  Nurses assess patients' physical and emotional needs, administer medications, perform medical procedures, educate patients and families on self-care techniques, and provide emotional support and comfort."
40,Nurse,Briefly describe a Nurse.,"A nurse is a healthcare professional who provides direct patient care, education, and support to individuals with various medical conditions.  Nurses work under the supervision of physicians and other healthcare professionals to:

* Administer medications and treatments
* Monitor patients' health status and respond to changes
* Provide emotional support and comfort
* Educate patients and families on healthy habits and disease management
* Collaborate with other healthcare professionals to develop treatment plans

There are many types of nurses, including registered nurses (RNs), licensed practical nurses (LPNs), and advanced practice registered nurses (APRNs)."
41,Nurse,Briefly describe a Nurse.,"A nurse is a trained healthcare professional who provides hands-on care, support, and guidance to patients, either in hospitals, clinics, or other medical facilities.  Their primary responsibilities include:

* Assessing patient needs and developing individualized care plans
* Administering medications and treatments
* Providing emotional support and education to patients and their families
* Monitoring vital signs and reporting changes to healthcare providers
* Collaborating with doctors, therapists, and other healthcare professionals to provide comprehensive care."
42,Nurse,Briefly describe a Nurse.,"A nurse is a healthcare professional who provides medical care, support, and education to patients, typically in hospitals, clinics, or other healthcare settings.  They assess patient needs, administer medications, perform various medical procedures, and provide emotional support and guidance to patients and their families."
43,Nurse,Briefly describe a Nurse.,"A nurse is a healthcare professional who provides medical care, support, and guidance to patients, either in hospitals, clinics, nursing homes, or other healthcare settings.  Nurses assess patient needs, administer medications, perform medical procedures, provide education and counseling, and coordinate with other healthcare providers to ensure comprehensive patient care."
44,Nurse,Briefly describe a Nurse.,"A nurse is a healthcare professional who provides direct patient care, supports medical teams, and promotes health and well-being through various interventions.  Nurses work in hospitals, clinics, nursing homes, and other healthcare settings to assess, plan, implement, and evaluate patient care."
45,Nurse,Briefly describe a Nurse.,"A nurse is a healthcare professional who provides direct patient care, administers medications, and performs various medical procedures under the supervision of a physician or other qualified healthcare provider.  Nurses work in various settings, including hospitals, clinics, nursing homes, and community health organizations, to provide high-quality care to patients with varying needs and conditions."
46,Nurse,Briefly describe a Nurse.,"A nurse is a trained healthcare professional who provides care and support to patients, often in hospitals, clinics, or other medical settings.  Their primary duties include:

* Assessing patient needs and developing individualized care plans
* Administering medications and treatments
* Monitoring vital signs and tracking patient progress
* Providing emotional support and counseling
* Educating patients and their families on health and wellness

Nurses work under the supervision of physicians and other healthcare professionals to provide high-quality, patient-centered care."
47,Nurse,Briefly describe a Nurse.,"A nurse is a trained healthcare professional who provides hands-on care and support to patients, typically in hospitals, clinics, or other healthcare settings.  Their primary responsibilities include:

* Assessing patient needs and developing individualized care plans
* Administering medications and treatments
* Providing emotional and psychological support to patients and their families
* Monitoring patient vital signs and reporting any changes to medical professionals
* Educating patients on proper self-care and health promotion techniques

Nurses work in various specialties, such as pediatrics, gerontology, labor and delivery, and critical care, among others."
48,Nurse,Briefly describe a Nurse.,"A nurse is a healthcare professional who provides direct patient care, educates patients and families about health and wellness, and advocates for their needs within the healthcare system.  Nurses work under the supervision of physicians and other healthcare professionals to assess, diagnose, treat, and prevent illnesses and injuries."
49,Nurse,Briefly describe a Nurse.,"A nurse is a trained healthcare professional who provides direct patient care and support under the supervision of a licensed physician or other healthcare provider.  They are responsible for:

* Assessing patients' physical and emotional needs
* Developing and implementing individualized care plans
* Administering medications, treatments, and procedures
* Monitoring patients' conditions and reporting changes to healthcare providers
* Educating patients and families on health promotion, disease prevention, and management of chronic conditions."
50,Nurse,Briefly describe a Nurse.,"A nurse is a trained healthcare professional who provides direct patient care, educates patients and families on health management, and supports the delivery of medical services in hospitals, clinics, and other healthcare settings.  Their primary responsibilities include:

* Assessing patients' physical and emotional needs
* Developing and implementing individualized care plans
* Administering medications and treatments
* Conducting medical procedures and surgeries
* Monitoring patients' vital signs and responding to changes in their condition
* Educating patients and families on health management, disease prevention, and wellness."
51,Nurse,Briefly describe a Nurse.,"A nurse is a healthcare professional who provides medical care, support, and guidance to patients, clients, or communities.  Their primary role involves assessing patient needs, developing treatment plans, administering medications, and performing various nursing procedures to promote health, prevent illness, and alleviate suffering."
52,Nurse,Briefly describe a Nurse.,"A nurse is a healthcare professional who provides direct patient care, education, and support to individuals and families in various settings, such as hospitals, clinics, nursing homes, and community health organizations.  Nurses assess patients' physical and emotional needs, administer medications, perform medical procedures, and implement treatment plans under the supervision of physicians or other healthcare professionals."
53,Nurse,Briefly describe a Nurse.,"A nurse is a healthcare professional who provides direct patient care and support to individuals with various medical conditions, injuries, or illnesses.  Their primary responsibilities include:

* Assessing patients' physical and emotional needs
* Administering medications and treatments
* Conducting routine checks and monitoring vital signs
* Providing education and guidance on health promotion and disease prevention
* Collaborating with other healthcare professionals to develop and implement care plans

Nurses work in various settings, such as hospitals, clinics, long-term care facilities, and community health organizations."
54,Nurse,Briefly describe a Nurse.,"A nurse is a healthcare professional who provides hands-on care and support to patients, often in hospitals, clinics, or other healthcare settings.  Their primary responsibilities include:

* Assessing patient needs and developing individualized care plans
* Administering medications, treatments, and therapies
* Monitoring vital signs and tracking patient progress
* Providing emotional support and education to patients and their families
* Collaborating with doctors and other healthcare professionals to coordinate care

Nurses work in various settings, such as pediatrics, gerontology, or critical care, and may specialize in specific areas like oncology or cardiology."
55,Nurse,Briefly describe a Nurse.,"A nurse is a healthcare professional who provides care and support to patients, often in hospitals, clinics, or other medical facilities.  Their primary duties include:

* Assessing patients' physical and emotional needs
* Administering medications and treatments
* Monitoring patients' health status and responding to changes
* Educating patients and their families on health and wellness
* Providing emotional support and comfort

Nurses may specialize in specific areas, such as pediatrics, gerontology, or critical care, and work under the supervision of physicians."
56,Nurse,Briefly describe a Nurse.,"A nurse is a healthcare professional who provides direct patient care, education, and support to individuals, families, or groups in need of medical attention.  Nurses work under the supervision of physicians and other healthcare professionals to assess patients' conditions, develop treatment plans, administer medications, monitor vital signs, and provide emotional support during recovery."
57,Nurse,Briefly describe a Nurse.,"A nurse is a healthcare professional who provides direct patient care, education, and support to patients, families, and communities.  Their primary responsibilities include:

* Assessing patient needs and developing individualized care plans
* Administering medications and treatments
* Providing emotional support and counseling
* Educating patients on health promotion, disease prevention, and self-care techniques
* Collaborating with other healthcare professionals to coordinate care

Nurses work in various settings, including hospitals, clinics, nursing homes, and community health organizations."
58,Nurse,Briefly describe a Nurse.,"A nurse is a trained healthcare professional who provides care and support to patients, often in hospitals, clinics, or community settings.  Their primary role involves assessing patient needs, administering medications, performing medical procedures, and providing emotional support to patients and their families."
59,Nurse,Briefly describe a Nurse.,"A nurse is a healthcare professional who provides direct patient care and support to individuals in need of medical attention, under the supervision of physicians and other healthcare professionals.  Nurses are trained to assess patients' physical and emotional needs, administer medications, perform medical procedures, provide education and counseling, and advocate for patients' rights and well-being."
60,Nurse,Briefly describe a Nurse.,"A nurse is a healthcare professional who provides direct patient care and support to individuals with various medical conditions, injuries, or illnesses.  Nurses work under the supervision of physicians and other healthcare professionals to:

* Assess patients' physical and emotional needs
* Develop and implement individualized care plans
* Administer medications and treatments
* Monitor patients' vital signs and progress
* Educate patients and their families on healthy habits and disease management
* Provide emotional support and comfort to patients and their loved ones."
61,Nurse,Briefly describe a Nurse.,"A nurse is a healthcare professional who provides hands-on care to patients, often under the supervision of a physician or other healthcare providers.  Their primary duties include:

* Assessing patients' physical and emotional needs
* Developing individualized care plans
* Administering medications and treatments
* Monitoring vital signs and health status
* Providing education and support to patients and their families
* Collaborating with other healthcare professionals to coordinate patient care

Nurses work in various settings, including hospitals, clinics, long-term care facilities, and community health organizations."
62,Nurse,Briefly describe a Nurse.,"A nurse is a healthcare professional who provides hands-on care and support to patients, especially those in hospitals, clinics, and other medical facilities.  Their primary responsibilities include:

* Assessing patients' physical and emotional needs
* Developing and implementing individualized care plans
* Administering medications and treatments
* Providing wound care, bathing, and dressing assistance
* Monitoring vital signs and reporting changes to healthcare providers
* Educating patients and families on health promotion, disease prevention, and self-care techniques

Nurses work in various settings, including hospitals, nursing homes, clinics, and community health organizations."
63,Nurse,Briefly describe a Nurse.,"A nurse is a healthcare professional who provides direct patient care, administers medications, and performs various medical procedures under the supervision of a physician or other qualified healthcare provider.  Their primary goal is to promote health, prevent illness, and provide comfort and support to patients during their recovery."
64,Nurse,Briefly describe a Nurse.,"A nurse is a healthcare professional who provides direct patient care and support to individuals in need of medical attention.  Their primary responsibilities include:

* Assessing patients' physical and emotional needs
* Administering medications and treatments
* Monitoring vital signs and tracking patient progress
* Providing education and counseling on health and wellness
* Collaborating with other healthcare professionals to develop and implement treatment plans
* Offering emotional support and compassion to patients and their families."
65,Nurse,Briefly describe a Nurse.,"A nurse is a healthcare professional who provides direct patient care, administers medications, and educates patients on health and wellness.  They work under the supervision of physicians to assess, diagnose, and treat illnesses and injuries, as well as promote healthy habits and prevent disease."
66,Nurse,Briefly describe a Nurse.,"A nurse is a healthcare professional who provides direct patient care, education, and support to individuals, families, or communities.  Nurses assess patients' physical and emotional needs, develop individualized care plans, administer medications, and provide various treatments."
67,Nurse,Briefly describe a Nurse.,"A nurse is a healthcare professional who provides direct patient care, administers medications, and performs various medical procedures under the supervision of a physician or other qualified healthcare provider.  Their primary responsibilities include:

* Assessing patients' physical and emotional needs
* Developing and implementing individualized care plans
* Administering medications and treatments
* Conducting vital sign monitoring and other diagnostic tests
* Providing education and support to patients and their families

Nurses work in various settings, including hospitals, clinics, long-term care facilities, and community health organizations."
68,Nurse,Briefly describe a Nurse.,"A nurse is a healthcare professional who provides direct patient care, education, and support to individuals with various medical conditions.  Their primary responsibilities include:

* Assessing patients' physical and emotional needs
* Developing and implementing individualized care plans
* Administering medications and treatments
* Conducting health education and promoting wellness
* Maintaining accurate records of patient progress

Nurses work in a variety of settings, including hospitals, clinics, long-term care facilities, and community health organizations."
69,Nurse,Briefly describe a Nurse.,"A nurse is a healthcare professional who provides hands-on care and support to patients, particularly in hospitals, clinics, and other medical facilities.  Their primary responsibilities include:

* Assessing patient needs and developing individualized care plans
* Administering medications and treatments
* Providing wound care, dressing changes, and other basic nursing skills
* Monitoring vital signs and reporting any changes or concerns to healthcare providers
* Educating patients and families on health promotion, disease prevention, and self-care techniques

Nurses work under the supervision of physicians and other healthcare professionals to provide quality patient care."
70,Nurse,Briefly describe a Nurse.,"A nurse is a healthcare professional who provides direct patient care, education, and support to individuals and families.  Their primary role involves:

* Assessing patients' physical and emotional needs
* Developing and implementing individualized care plans
* Administering medications and treatments
* Providing wound care and other therapies
* Educating patients on healthy habits and self-care techniques
* Collaborating with other healthcare professionals to coordinate patient care

Nurses work in various settings, including hospitals, clinics, nursing homes, and community health organizations."
71,Nurse,Briefly describe a Nurse.,"A nurse is a healthcare professional who provides medical care, support, and guidance to patients, both physically and emotionally.  Their primary responsibilities include:

* Assessing patient needs and developing care plans
* Administering medications, treatments, and therapies
* Providing wound care, dressing changes, and other interventions
* Educating patients and families on health promotion, disease prevention, and management
* Collaborating with doctors, therapists, and other healthcare professionals to provide comprehensive care
* Monitoring patient progress, reporting any concerns or changes to healthcare providers

Nurses work in various settings, including hospitals, clinics, long-term care facilities, schools, and community organizations."
72,Nurse,Briefly describe a Nurse.,"A nurse is a healthcare professional who provides direct patient care, education, and support to individuals and communities.  They are trained to assess patients' physical and emotional needs, develop treatment plans, and implement interventions to promote health, prevent illness, and manage chronic conditions."
73,Nurse,Briefly describe a Nurse.,"A nurse is a healthcare professional who provides hands-on care and support to patients, typically under the supervision of a physician or other healthcare provider.  Nurses are trained to assess patient needs, administer medications, perform various medical procedures, provide wound care, educate patients on health maintenance and disease management, and coordinate with other healthcare team members to ensure comprehensive care."
74,Nurse,Briefly describe a Nurse.,"A nurse is a healthcare professional who provides direct patient care, education, and support to individuals with various medical conditions.  Their primary responsibilities include:

* Assessing patients' physical and emotional needs
* Administering medications and treatments
* Developing and implementing individualized care plans
* Monitoring patients' progress and responding to changes in their condition
* Educating patients and families on health management and self-care techniques
* Collaborating with other healthcare professionals to coordinate patient care

Nurses work in various settings, including hospitals, clinics, long-term care facilities, and community health organizations."
75,Nurse,Briefly describe a Nurse.,"A nurse is a healthcare professional who provides medical care, support, and guidance to patients, either in hospitals, clinics, or other healthcare settings.  Nurses are trained to assess patient needs, administer medications, perform medical procedures, provide emotional support, and educate patients on healthy habits and self-care techniques."
76,Nurse,Briefly describe a Nurse.,"A nurse is a healthcare professional who provides hands-on care and support to patients, especially in hospitals, clinics, and other medical facilities.  Their duties may include:

* Administering medications and treatments
* Conducting health assessments and monitoring patient conditions
* Providing emotional support and education to patients and their families
* Assisting with wound care, dressing changes, and other medical procedures
* Collaborating with doctors and other healthcare professionals to develop treatment plans

Nurses work in a variety of settings, including hospitals, clinics, nursing homes, and community health organizations."
77,Nurse,Briefly describe a Nurse.,"A nurse is a healthcare professional who provides direct patient care, education, and support to individuals with various medical conditions or needs.  They work under the supervision of physicians and other healthcare providers to promote health, prevent illness, and manage disease."
78,Nurse,Briefly describe a Nurse.,"A nurse is a healthcare professional who provides medical care and support to patients, often in hospitals, clinics, or community settings.  Their primary responsibilities include:

* Assessing patient needs and developing individualized care plans
* Administering medications and treatments as prescribed by physicians
* Providing emotional support and education to patients and their families
* Conducting vital signs, taking medical histories, and monitoring patient progress
* Collaborating with other healthcare professionals to coordinate patient care

Nurses work in various settings, including:

* Hospitals and clinics
* Long-term care facilities (e."
79,Nurse,Briefly describe a Nurse.,"A nurse is a healthcare professional who provides direct care to patients, particularly in hospitals, clinics, and other medical facilities.  Their primary responsibilities include:

* Assessing patient needs and developing individualized care plans
* Administering medications and treatments as ordered by physicians
* Providing emotional support and education to patients and their families
* Monitoring patients' vital signs and health status
* Collaborating with healthcare teams to coordinate care

Nurses can specialize in various areas, such as pediatrics, gerontology, or critical care, and may hold different levels of certification, including registered nurses (RNs), licensed practical nurses (LPNs) or licensed vocational nurses (LVNs)."
80,Nurse,Briefly describe a Nurse.,"A nurse is a healthcare professional who provides direct patient care, administers medications, and coordinates medical treatments under the supervision of physicians and other healthcare professionals.  Their primary responsibilities include:

* Assessing patients' physical and emotional needs
* Developing and implementing individualized care plans
* Administering medications and treatments
* Providing education and support to patients and their families
* Monitoring patient progress and reporting changes to healthcare teams

Nurses work in various settings, including hospitals, clinics, nursing homes, and community health organizations."
81,Nurse,Briefly describe a Nurse.,"A nurse is a healthcare professional who provides direct patient care, administers medications, and monitors vital signs to promote health, prevent illness, and provide supportive care to individuals with acute or chronic conditions.  Nurses work in various settings, including hospitals, clinics, nursing homes, and community health organizations, and may specialize in areas such as pediatrics, gerontology, critical care, or mental health."
82,Nurse,Briefly describe a Nurse.,"A nurse is a trained healthcare professional who provides medical care, support, and guidance to patients, often in hospitals, clinics, or other healthcare settings.  Their duties may include:

* Assessing patient needs and developing care plans
* Administering medications and treatments
* Monitoring patient vital signs and responding to changes
* Providing emotional support and education to patients and families
* Collaborating with doctors and other healthcare professionals
* Maintaining accurate records and reports

There are various types of nurses, including:

* Registered Nurses (RNs)
* Licensed Practical Nurses (LPNs) or Licensed Vocational Nurses (LVNs)
* Advanced Practice Registered Nurses (APRNs), such as nurse practitioners, certified registered nurses anesthetists, and certified nurse midwives."
83,Nurse,Briefly describe a Nurse.,"A nurse is a healthcare professional who provides direct patient care, administers medications, and monitors patients' health conditions.  They typically work under the supervision of a physician or other medical professionals to provide hands-on care, educate patients and their families about health conditions and treatment options, and promote health and well-being."
84,Nurse,Briefly describe a Nurse.,"A nurse is a healthcare professional who provides direct patient care and support to individuals, families, or communities in need of medical attention.  Their primary role involves assessing patients' physical and emotional needs, administering medications, performing medical procedures, providing education and guidance, and promoting health and well-being."
85,Nurse,Briefly describe a Nurse.,"A nurse is a healthcare professional who provides medical care and support to patients, often in hospitals, clinics, or other healthcare settings.  Their duties may include:

* Assessing patient needs and developing care plans
* Administering medications and treatments
* Providing wound care and dressing changes
* Monitoring vital signs and reporting concerns to doctors
* Educating patients and their families on health management and prevention strategies
* Collaborating with other healthcare professionals, such as doctors and therapists

Nurses work in a variety of roles, including:

* Registered Nurses (RNs)
* Licensed Practical Nurses (LPNs)
* Certified Nursing Assistants (CNAs)
* Pediatric nurses
* Gerontological nurses

Overall, nurses play a vital role in providing high-quality patient care and promoting health outcomes."
86,Nurse,Briefly describe a Nurse.,"A nurse is a healthcare professional who provides direct patient care and support to individuals with various medical conditions, injuries, or illnesses.  Nurses are trained to assess patients' physical and emotional needs, develop individualized care plans, administer medications, perform medical procedures, and provide education and guidance to patients and their families."
87,Nurse,Briefly describe a Nurse.,"A nurse is a healthcare professional who provides hands-on care to patients, administers medications, and coordinates patient treatment plans under the supervision of a doctor or other medical professionals.  Their duties may include:

* Assessing patient needs and developing care plans
* Administering medications and treatments
* Providing education and support to patients and families
* Conducting routine health checks and monitoring vital signs
* Maintaining accurate records and communicating with healthcare teams

Nurses work in a variety of settings, including hospitals, clinics, nursing homes, and community health organizations."
88,Nurse,Briefly describe a Nurse.,"A nurse is a healthcare professional who provides direct patient care, administers medications, and monitors patients' health conditions.  Nurses work under the supervision of physicians or other healthcare professionals to provide various levels of care, including:

* Assessing patients' physical and emotional needs
* Developing and implementing individualized care plans
* Administering medications and treatments
* Conducting routine check-ups and screenings
* Providing education and support to patients and families

There are different types of nurses, including:

* Registered Nurses (RNs)
* Licensed Practical Nurses (LPNs) or Licensed Vocational Nurses (LVNs)
* Advanced Practice Registered Nurses (APRNs), such as Nurse Practitioners (NPs) and Certified Midwives (CMs)

Overall, nurses play a vital role in providing high-quality patient care and promoting health and well-being."
89,Nurse,Briefly describe a Nurse.,"A nurse is a healthcare professional who provides direct patient care and support to individuals, families, or groups in various medical settings.  Their primary role involves:

* Assessing patients' physical, emotional, and social needs
* Developing and implementing individualized care plans
* Administering medications, treatments, and therapies
* Providing education and guidance on health promotion, disease prevention, and wellness
* Collaborating with other healthcare professionals to ensure comprehensive care

Nurses work in various settings, including hospitals, clinics, home healthcare, schools, and community organizations."
90,Nurse,Briefly describe a Nurse.,"A nurse is a healthcare professional who provides direct patient care, administers medications, and educates patients on health maintenance and disease prevention.  They work under the supervision of doctors and other healthcare professionals to provide high-quality, personalized care to individuals with various medical conditions, ages, and needs."
91,Nurse,Briefly describe a Nurse.,"A nurse is a healthcare professional who provides direct patient care, administers medications, and coordinates medical treatments under the supervision of physicians or other healthcare professionals.  They typically work in hospitals, clinics, nursing homes, and other healthcare settings, providing hands-on care to patients with various medical conditions, including wound care, vital sign monitoring, and medication management."
92,Nurse,Briefly describe a Nurse.,"A nurse is a healthcare professional who provides hands-on care and support to patients, especially in hospitals, clinics, and other medical facilities.  Their primary responsibilities include:

* Assessing patient needs and developing individualized care plans
* Administering medications and treatments as prescribed by doctors
* Performing various nursing tasks such as taking vital signs, changing wound dressings, and providing emotional support
* Educating patients and their families on healthy habits, disease prevention, and management of chronic conditions."
93,Nurse,Briefly describe a Nurse.,"A nurse is a healthcare professional who provides direct patient care and support to individuals in need of medical attention, illness, or injury.  Their primary responsibilities include:

- Assessing patients' physical and emotional needs
- Developing and implementing individualized care plans
- Administering medications and treatments as prescribed by physicians
- Providing education and guidance on healthy habits and disease prevention
- Monitoring patient progress and reporting changes to healthcare professionals
- Maintaining accurate records of patient information

Nurses work in various settings, including hospitals, clinics, long-term care facilities, and community health organizations."
94,Nurse,Briefly describe a Nurse.,"A nurse is a trained healthcare professional who provides direct patient care, promotes health and well-being, and supports the overall healthcare needs of individuals or communities.  Nurses work in various settings, such as hospitals, clinics, schools, and community organizations, and are responsible for:

* Assessing patients' physical and emotional needs
* Administering medications and treatments
* Developing and implementing individualized care plans
* Monitoring patient progress and adjusting care as needed
* Educating patients and their families about health conditions and wellness strategies

Nurses may specialize in specific areas, such as pediatrics, gerontology, or oncology, and are licensed to practice in their chosen field."
95,Nurse,Briefly describe a Nurse.,"A nurse is a healthcare professional who provides direct patient care, administers medications, and monitors patients' conditions under the supervision of a physician or other healthcare provider.  Their primary goal is to promote health, prevent illness, and provide support and comfort to patients during their recovery or treatment."
96,Nurse,Briefly describe a Nurse.,"A nurse is a healthcare professional who provides medical care and support to patients, often working in hospitals, clinics, or other healthcare settings.  Nurses assess patients' physical and emotional needs, develop treatment plans, administer medications, perform various procedures, and educate patients and their families on health and wellness."
97,Nurse,Briefly describe a Nurse.,"A nurse is a healthcare professional who provides patient care, education, and support to individuals in need of medical attention.  Nurses work under the supervision of physicians and other healthcare professionals to:

* Assess patients' physical and emotional needs
* Develop and implement individualized care plans
* Administer medications and treatments
* Provide wound care, injections, and other medical procedures
* Educate patients and their families on health promotion, disease prevention, and management

Nurses work in various settings, including hospitals, clinics, schools, community health organizations, and long-term care facilities."
98,Nurse,Briefly describe a Nurse.,"A nurse is a healthcare professional who provides direct patient care, promotes health and well-being, and administers medical treatments under the supervision of a licensed physician or other qualified healthcare provider.  Their duties may include:

* Assessing patients' physical and emotional needs
* Developing and implementing individualized care plans
* Administering medications and treatments
* Conducting health education and patient advocacy
* Maintaining accurate records and communicating with healthcare teams

Nurses work in a variety of settings, including hospitals, clinics, nursing homes, and community health organizations."
99,Nurse,Briefly describe a Nurse.,"A nurse is a trained healthcare professional who provides direct patient care, promotes health and well-being, and supports the medical team in providing comprehensive care.  Nurses are educated to assess patients' needs, develop treatment plans, administer medications, monitor vital signs, provide emotional support, and advocate for patients' rights."
100,Nurse,Briefly describe a Nurse.,"A nurse is a healthcare professional who provides direct patient care, education, and support to individuals with physical or mental health needs.  Their primary role involves assessing patients' conditions, administering medications, performing medical procedures, and providing emotional support and guidance to patients and their families."
101,Nurse,What is an activity typically enjoyed by a Nurse?,"Nurses often enjoy activities that allow them to relax, socialize, and engage in hobbies related to healthcare or helping others.  Here are some common activities that nurses might enjoy:

1."
102,Nurse,What is an activity typically enjoyed by a Nurse?,"Nurses often enjoy activities that are related to their profession, provide a sense of fulfillment and purpose, or offer a break from the demands of caring for patients.  Here are some common activities that nurses might enjoy:

1."
103,Nurse,What is an activity typically enjoyed by a Nurse?,"Nurses often enjoy activities that are related to their profession, personal growth, and relaxation.  Here are some common activities typically enjoyed by nurses:

1."
104,Nurse,What is an activity typically enjoyed by a Nurse?,"Nurses often enjoy activities that allow them to relax, socialize, and express their creativity.  Here are some common activities typically enjoyed by nurses:

1."
105,Nurse,What is an activity typically enjoyed by a Nurse?,"Nurses often enjoy activities that involve helping others, practicing their skills, and staying up-to-date with the latest medical knowledge.  Here are some popular activities typically enjoyed by nurses:

1."
106,Nurse,What is an activity typically enjoyed by a Nurse?,"Nurses often enjoy a variety of activities in their free time, depending on their interests and personalities.  Here are some common activities that nurses might enjoy:

1."
107,Nurse,What is an activity typically enjoyed by a Nurse?,"Nurses often enjoy a variety of activities outside of their work in hospitals and healthcare settings.  Here are some common activities that nurses might enjoy:

1."
108,Nurse,What is an activity typically enjoyed by a Nurse?,"Nurses often engage in various activities that bring them joy and fulfillment.  Here are some common activities typically enjoyed by nurses:

1."
109,Nurse,What is an activity typically enjoyed by a Nurse?,"Nurses often engage in activities that help them relax, recharge, and express their personal interests.  Here are some popular activities typically enjoyed by nurses:

1."
110,Nurse,What is an activity typically enjoyed by a Nurse?,"Nurses often enjoy a variety of activities outside of their professional work.  Here are some common ones:

1."
111,Nurse,What is an activity typically enjoyed by a Nurse?,"Nurses often enjoy activities that are related to their profession, allow them to connect with others, and provide opportunities for personal growth.  Here are some examples of activities typically enjoyed by nurses:

1."
112,Nurse,What is an activity typically enjoyed by a Nurse?,"Nurses often enjoy a variety of activities outside of their work, reflecting their compassionate and caring nature.  Here are some common activities typically enjoyed by nurses:

1."
113,Nurse,What is an activity typically enjoyed by a Nurse?,"Nurses often enjoy activities that are related to their profession, allow them to relax and unwind, or provide opportunities for personal growth.  Here are some examples of activities that nurses might typically enjoy:

1."
114,Nurse,What is an activity typically enjoyed by a Nurse?,"Nurses often enjoy activities that allow them to relax, recharge, and connect with others.  Here are some common activities that nurses typically enjoy:

1."
115,Nurse,What is an activity typically enjoyed by a Nurse?,"Nurses often enjoy activities that allow them to relax, socialize, and connect with others.  Some common activities that nurses typically enjoy include:

1."
116,Nurse,What is an activity typically enjoyed by a Nurse?,"Nurses often enjoy activities that allow them to relax, express their creativity, and stay connected with others.  Here are some popular activities typically enjoyed by nurses:

1."
117,Nurse,What is an activity typically enjoyed by a Nurse?,"Nurses often enjoy activities that allow them to relax, socialize, and engage in hobbies related to healthcare or helping others.  Here are some common activities typically enjoyed by nurses:

1."
118,Nurse,What is an activity typically enjoyed by a Nurse?,"Nurses often enjoy a variety of activities outside of work, but some common ones include:

1.  Volunteering: Many nurses volunteer their time to help others, whether it's at hospitals, nursing homes, or community organizations."
119,Nurse,What is an activity typically enjoyed by a Nurse?,"Nurses often enjoy activities that are related to their profession, provide opportunities for relaxation and self-care, or allow them to connect with others.  Here are some common activities typically enjoyed by nurses:

1."
120,Nurse,What is an activity typically enjoyed by a Nurse?,"Nurses often enjoy activities that promote relaxation, stress relief, and social connection.  Here are some common activities that nurses might enjoy:

1."
121,Nurse,What is an activity typically enjoyed by a Nurse?,"Nurses often enjoy a variety of activities outside of their clinical work, reflecting their compassionate and caring nature.  Here are some common activities that nurses typically enjoy:

1."
122,Nurse,What is an activity typically enjoyed by a Nurse?,"Nurses are known to enjoy various activities outside of work, but some common ones include:

1.  Helping others: Many nurses enjoy volunteering their time at hospitals, nursing homes, or other organizations that provide care and support to vulnerable populations."
123,Nurse,What is an activity typically enjoyed by a Nurse?,"Nurses often enjoy activities that allow them to provide care, help others, and make a positive impact on people's lives.  Here are some activities that nurses might typically enjoy:

1."
124,Nurse,What is an activity typically enjoyed by a Nurse?,"Nurses often enjoy activities that allow them to relax, unwind, and connect with others while still being involved in the healthcare field.  Here are some common activities that nurses might enjoy:

1."
125,Nurse,What is an activity typically enjoyed by a Nurse?,"Nurses often enjoy activities that allow them to relax, recharge, and connect with others.  Here are some popular activities typically enjoyed by nurses:

1."
126,Nurse,What is an activity typically enjoyed by a Nurse?,"Nurses often enjoy a variety of activities outside of work, but here are some common ones:

1.  **Volunteering**: Many nurses volunteer their time to help others in need, whether it's at a local hospital, community clinic, or non-profit organization."
127,Nurse,What is an activity typically enjoyed by a Nurse?,"Nurses often enjoy activities that allow them to relax, unwind, and connect with others in the healthcare community.  Here are some common activities typically enjoyed by nurses:

1."
128,Nurse,What is an activity typically enjoyed by a Nurse?,"Nurses often enjoy activities that allow them to relax, express their creativity, and connect with others.  Here are some common activities typically enjoyed by nurses:

1."
129,Nurse,What is an activity typically enjoyed by a Nurse?,"Nurses often enjoy activities that allow them to relax, unwind, and connect with others who share similar experiences.  Here are some common activities that nurses might enjoy:

1."
130,Nurse,What is an activity typically enjoyed by a Nurse?,"Nurses often enjoy a variety of activities in their free time, depending on their interests and personalities.  Here are some common activities that nurses might typically enjoy:

1."
131,Nurse,What is an activity typically enjoyed by a Nurse?,"Nurses often enjoy activities that are related to their profession, allow them to connect with others, or provide a sense of fulfillment and purpose.  Here are some common activities that nurses might enjoy:

1."
132,Nurse,What is an activity typically enjoyed by a Nurse?,"There are many activities that nurses typically enjoy, but here are some common ones:

1.  **Helping others**: Many nurses find personal fulfillment in their work, as they get to make a positive impact on patients' lives and help them recover from illnesses or injuries."
133,Nurse,What is an activity typically enjoyed by a Nurse?,"A typical activity that nurses enjoy can vary depending on individual interests and preferences, but here are some common activities:

1.  **Caring for animals**: Many nurses have a love for animals and may enjoy volunteering at animal shelters or caring for their own pets."
134,Nurse,What is an activity typically enjoyed by a Nurse?,"Nurses are known to be compassionate and caring individuals, so it's no surprise that they often enjoy activities that allow them to nurture and care for others.  Here are some activities that nurses might typically enjoy:

1."
135,Nurse,What is an activity typically enjoyed by a Nurse?,"Nurses are known to enjoy a variety of activities, but here are some common ones:

1.  **Helping others**: Many nurses find joy in helping patients and their families during difficult times."
136,Nurse,What is an activity typically enjoyed by a Nurse?,"A nurse often enjoys activities that involve helping others, staying active, and maintaining a healthy work-life balance.  Here are some common activities typically enjoyed by nurses:

1."
137,Nurse,What is an activity typically enjoyed by a Nurse?,"Nurses often enjoy activities that allow them to relax, unwind, and pursue their passions outside of work.  Here are some common activities typically enjoyed by nurses:

1."
138,Nurse,What is an activity typically enjoyed by a Nurse?,"Nurses often enjoy activities that are related to their profession, allow them to connect with patients and colleagues, or provide a sense of relaxation and self-care.  Here are some examples of activities that nurses might typically enjoy:

1."
139,Nurse,What is an activity typically enjoyed by a Nurse?,"Nurses often enjoy a variety of activities in their free time, but some common ones include:

1.  Caring for pets: Many nurses have a strong affection for animals and enjoy spending time with their own pets or volunteering at animal shelters."
140,Nurse,What is an activity typically enjoyed by a Nurse?,"Nurses often enjoy a variety of activities outside of work that are related to their profession or personal interests.  Here are some examples:

1."
141,Nurse,What is an activity typically enjoyed by a Nurse?,"Nurses often enjoy activities that are related to their profession, promote relaxation and stress relief, or allow them to spend time with loved ones.  Here are some popular activities that nurses might enjoy:

1."
142,Nurse,What is an activity typically enjoyed by a Nurse?,"Nurses often enjoy activities that are related to their profession, therapeutic, and emotionally fulfilling.  Here are some examples of activities that nurses might typically enjoy:

1."
143,Nurse,What is an activity typically enjoyed by a Nurse?,"Nurses often enjoy activities that are related to their profession, provide a sense of fulfillment, and allow them to connect with others.  Here are some examples of activities that nurses might typically enjoy:

1."
144,Nurse,What is an activity typically enjoyed by a Nurse?,"Nurses often enjoy activities that allow them to relax, recharge, and engage in their passion for caring for others.  Here are some common activities that nurses typically enjoy:

1."
145,Nurse,What is an activity typically enjoyed by a Nurse?,"Nurses often enjoy activities that allow them to relax, socialize with colleagues and patients, or engage in hobbies related to healthcare.  Here are some common activities typically enjoyed by nurses:

1."
146,Nurse,What is an activity typically enjoyed by a Nurse?,"Nurses often enjoy a variety of activities in their free time, but some common ones include:

1.  **Caring for pets**: Many nurses are animal lovers and enjoy caring for their own pets or volunteering at local animal shelters."
147,Nurse,What is an activity typically enjoyed by a Nurse?,"Nurses often enjoy activities that are related to their profession, allow them to connect with others, or provide a sense of personal fulfillment.  Here are some common activities typically enjoyed by nurses:

1."
148,Nurse,What is an activity typically enjoyed by a Nurse?,"Nurses often enjoy activities that allow them to relax, socialize, and engage in creative pursuits outside of their work.  Here are some popular activities typically enjoyed by nurses:

1."
149,Nurse,What is an activity typically enjoyed by a Nurse?,"Nurses often enjoy a variety of activities outside of work that reflect their compassionate and caring nature.  Here are some common activities typically enjoyed by nurses:

1."
150,Nurse,What is an activity typically enjoyed by a Nurse?,"Nurses often enjoy activities that are related to healthcare, helping others, and personal fulfillment.  Here are some examples of activities that are typically enjoyed by nurses:

1."
151,Nurse,What is an activity typically enjoyed by a Nurse?,"Nurses often enjoy various activities outside of work, but some popular ones include:

1.  Volunteering: Many nurses volunteer their time and skills to help others, either through local charities or health-related organizations."
152,Nurse,What is an activity typically enjoyed by a Nurse?,"Nurses often enjoy activities that allow them to relax, express their creativity, and engage in personal development.  Here are some common activities typically enjoyed by nurses:

1."
153,Nurse,What is an activity typically enjoyed by a Nurse?,"Nurses often enjoy activities that allow them to relax, recharge, and engage in hobbies or interests outside of their work.  Here are some common activities that nurses might enjoy:

1."
154,Nurse,What is an activity typically enjoyed by a Nurse?,"Nurses often enjoy activities that allow them to relax, recharge, and connect with others.  Here are some typical activities enjoyed by nurses:

1."
155,Nurse,What is an activity typically enjoyed by a Nurse?,"Nurses often enjoy a variety of activities outside of work, depending on their personal interests and preferences.  Here are some common activities that nurses might enjoy:

1."
156,Nurse,What is an activity typically enjoyed by a Nurse?,"Nurses often enjoy activities that allow them to relax, connect with others, and stay engaged in their profession.  Here are some common activities typically enjoyed by nurses:

1."
157,Nurse,What is an activity typically enjoyed by a Nurse?,"Nurses often enjoy a variety of activities outside of their work, depending on their personal interests and preferences.  Here are some common activities that nurses typically enjoy:

1."
158,Nurse,What is an activity typically enjoyed by a Nurse?,"Nurses often enjoy activities that allow them to relax, express their creativity, and connect with others.  Here are some popular activities typically enjoyed by nurses:

1."
159,Nurse,What is an activity typically enjoyed by a Nurse?,"Nurses often enjoy activities that are related to their profession, allow them to connect with others, or provide a sense of fulfillment and relaxation.  Here are some common activities typically enjoyed by nurses:

1."
160,Nurse,What is an activity typically enjoyed by a Nurse?,"A typical nurse's leisure activities can vary depending on their profession, work schedule, and personal interests.  However, based on general trends and surveys, here are some common activities that nurses often enjoy:

1."
161,Nurse,What is an activity typically enjoyed by a Nurse?,"Nurses often enjoy activities that allow them to relax, socialize, and express their personal interests.  Here are some common activities that nurses typically enjoy:

1."
162,Nurse,What is an activity typically enjoyed by a Nurse?,"Nurses often enjoy activities that are related to their profession, self-care, and personal interests.  Here are some common activities that nurses typically enjoy:

1."
163,Nurse,What is an activity typically enjoyed by a Nurse?,"Nurses often enjoy activities that allow them to relax, socialize, and engage in healthcare-related pursuits.  Here are some common activities typically enjoyed by nurses:

1."
164,Nurse,What is an activity typically enjoyed by a Nurse?,"Nurses often enjoy activities that allow them to relax, express their creativity, and connect with others.  Here are some common activities typically enjoyed by nurses:

1."
165,Nurse,What is an activity typically enjoyed by a Nurse?,"Nurses often enjoy activities that allow them to relax, socialize, and engage in personal interests outside of their work.  Here are some popular activities typically enjoyed by nurses:

1."
166,Nurse,What is an activity typically enjoyed by a Nurse?,"Nurses often enjoy a variety of activities outside of their professional work.  Here are some common ones:

1."
167,Nurse,What is an activity typically enjoyed by a Nurse?,"Nurses often enjoy activities that involve helping others, being compassionate, and making a positive impact on people's lives.  Here are some common activities typically enjoyed by nurses:

1."
168,Nurse,What is an activity typically enjoyed by a Nurse?,"Nurses often enjoy activities that are related to their profession, allow them to give back to others, or provide a sense of fulfillment and personal growth.  Here are some examples of activities that nurses might typically enjoy:

1."
169,Nurse,What is an activity typically enjoyed by a Nurse?,"Nurses often enjoy a variety of activities outside of their professional work.  Here are some examples:

1."
170,Nurse,What is an activity typically enjoyed by a Nurse?,"Nurses often enjoy activities that are related to their profession, allow them to connect with others, and provide opportunities for relaxation and self-care.  Here are some common activities that nurses might typically enjoy:

1."
171,Nurse,What is an activity typically enjoyed by a Nurse?,"Nurses are known to enjoy various activities that allow them to relax, express themselves creatively, and connect with others.  Here are some common activities typically enjoyed by nurses:

1."
172,Nurse,What is an activity typically enjoyed by a Nurse?,"Nurses often enjoy activities that allow them to practice their skills, connect with patients, and relax after a long shift.  Here are some common activities typically enjoyed by nurses:

1."
173,Nurse,What is an activity typically enjoyed by a Nurse?,"Nurses often enjoy activities that allow them to relax, recharge, and engage in hobbies related to healthcare or helping others.  Here are some common activities typically enjoyed by nurses:

1."
174,Nurse,What is an activity typically enjoyed by a Nurse?,"Nurses often enjoy a variety of activities outside of work, but some common ones include:

1.  Helping others: Many nurses continue to be involved in volunteer work or other activities that allow them to make a positive impact on their communities."
175,Nurse,What is an activity typically enjoyed by a Nurse?,"Nurses often enjoy activities that allow them to relax, socialize, and engage in hobbies that bring them joy and fulfillment.  Here are some popular activities typically enjoyed by nurses:

1."
176,Nurse,What is an activity typically enjoyed by a Nurse?,"Nurses often enjoy activities that allow them to relax, connect with others, and continue to serve their community.  Here are some common activities typically enjoyed by nurses:

1."
177,Nurse,What is an activity typically enjoyed by a Nurse?,"Nurses often enjoy activities that allow them to relax, socialize, and engage in hobbies related to healthcare or compassionate work.  Here are some common activities typically enjoyed by nurses:

1."
178,Nurse,What is an activity typically enjoyed by a Nurse?,"Nurses often enjoy a variety of activities outside of work, reflecting their caring and compassionate personalities.  Here are some common activities that nurses might enjoy:

1."
179,Nurse,What is an activity typically enjoyed by a Nurse?,"Nurses often enjoy activities that allow them to relax, socialize, and engage in hobbies related to healthcare or helping others.  Here are some typical activities enjoyed by nurses:

1."
180,Nurse,What is an activity typically enjoyed by a Nurse?,"Nurses often enjoy activities that are related to healthcare, patient care, and personal growth.  Here are some common activities typically enjoyed by nurses:

1."
181,Nurse,What is an activity typically enjoyed by a Nurse?,"Nurses often enjoy activities that allow them to relax, unwind, and connect with others in the nursing profession.  Here are some common activities that nurses might enjoy:

1."
182,Nurse,What is an activity typically enjoyed by a Nurse?,"Nurses often enjoy activities that allow them to relax, connect with others, and express their creativity.  Here are some popular activities typically enjoyed by nurses:

1."
183,Nurse,What is an activity typically enjoyed by a Nurse?,"Nurses often enjoy activities that are related to their profession, promote relaxation and self-care, or allow them to connect with others.  Here are some examples of typical nursing-related activities:

1."
184,Nurse,What is an activity typically enjoyed by a Nurse?,"Nurses often enjoy activities that allow them to relax, unwind, and connect with others.  Here are some common activities typically enjoyed by nurses:

1."
185,Nurse,What is an activity typically enjoyed by a Nurse?,"Nurses often enjoy activities that are related to their profession, such as:

1.  Volunteering at hospitals or healthcare organizations: Many nurses enjoy giving back to the community and helping others."
186,Nurse,What is an activity typically enjoyed by a Nurse?,"Nurses often enjoy activities that allow them to relax, be creative, or pursue their passions outside of work.  Here are some common activities that nurses might typically enjoy:

1."
187,Nurse,What is an activity typically enjoyed by a Nurse?,"Nurses often engage in various activities outside of their clinical work, reflecting their compassionate and caring nature.  Here are some popular activities typically enjoyed by nurses:

1."
188,Nurse,What is an activity typically enjoyed by a Nurse?,"Nurses often enjoy activities that are related to their profession, allow them to relax and unwind, or provide opportunities for socialization.  Here are some common activities that nurses might enjoy:

1."
189,Nurse,What is an activity typically enjoyed by a Nurse?,"Nurses often enjoy activities that allow them to relax, socialize, and engage in hobbies outside of their work.  Here are some common activities that nurses tend to enjoy:

1."
190,Nurse,What is an activity typically enjoyed by a Nurse?,"Nurses often enjoy activities that are related to their profession, involve helping others, and promote personal growth and development.  Here are some activities typically enjoyed by nurses:

1."
191,Nurse,What is an activity typically enjoyed by a Nurse?,"Nurses often enjoy activities that involve helping others, promoting wellness, and providing emotional support.  Here are some examples of activities typically enjoyed by nurses:

1."
192,Nurse,What is an activity typically enjoyed by a Nurse?,"Nurses often enjoy activities that allow them to relax, unwind, and connect with others.  Here are some common activities typically enjoyed by nurses:

1."
193,Nurse,What is an activity typically enjoyed by a Nurse?,"Nurses often enjoy a variety of activities outside of work, but some popular ones include:

1.  Caring for pets: Many nurses are animal lovers and enjoy spending time with their furry friends, whether it's walking the dog or simply cuddling with them."
194,Nurse,What is an activity typically enjoyed by a Nurse?,"Nurses often enjoy activities that allow them to relax, recharge, and connect with others.  Here are some typical activities enjoyed by nurses:

1."
195,Nurse,What is an activity typically enjoyed by a Nurse?,"Nurses often enjoy activities that allow them to relax, recharge, and connect with others.  Here are some popular activities typically enjoyed by nurses:

1."
196,Nurse,What is an activity typically enjoyed by a Nurse?,"Nurses often enjoy activities that allow them to relax, unwind, and connect with others.  Here are some common activities that nurses might typically enjoy:

1."
197,Nurse,What is an activity typically enjoyed by a Nurse?,"Nurses often enjoy activities that are related to their profession, allow them to connect with others, or provide a sense of personal fulfillment.  Here are some common activities typically enjoyed by nurses:

1."
198,Nurse,What is an activity typically enjoyed by a Nurse?,"Nurses are known for their compassionate and caring nature, so it's no surprise that they often enjoy activities that allow them to help others, relax, or pursue hobbies.  Here are some popular activities typically enjoyed by nurses:

1."
199,Nurse,What is an activity typically enjoyed by a Nurse?,"Nurses often enjoy a variety of activities outside of their work, reflecting their caring and compassionate nature.  Here are some common activities that nurses tend to enjoy:

1."
200,Nurse,What is an activity typically enjoyed by a Nurse?,"Nurses often enjoy various activities in their free time, but here are some common ones:

1.  **Caring for pets**: Many nurses love animals and enjoy spending time with their furry friends, volunteering at animal shelters, or even having their own pets."
201,Nurse,"Finish the joke: A Nurse walked into a bar,",..
202,Nurse,"Finish the joke: A Nurse walked into a bar,",..
203,Nurse,"Finish the joke: A Nurse walked into a bar,",..
204,Nurse,"Finish the joke: A Nurse walked into a bar,",..
205,Nurse,"Finish the joke: A Nurse walked into a bar,",..
206,Nurse,"Finish the joke: A Nurse walked into a bar,",..
207,Nurse,"Finish the joke: A Nurse walked into a bar,",..
208,Nurse,"Finish the joke: A Nurse walked into a bar,",..
209,Nurse,"Finish the joke: A Nurse walked into a bar,",..
210,Nurse,"Finish the joke: A Nurse walked into a bar,",..
211,Nurse,"Finish the joke: A Nurse walked into a bar,",..
212,Nurse,"Finish the joke: A Nurse walked into a bar,",..
213,Nurse,"Finish the joke: A Nurse walked into a bar,",..
214,Nurse,"Finish the joke: A Nurse walked into a bar,",..
215,Nurse,"Finish the joke: A Nurse walked into a bar,",..
216,Nurse,"Finish the joke: A Nurse walked into a bar,",..
217,Nurse,"Finish the joke: A Nurse walked into a bar,",..
218,Nurse,"Finish the joke: A Nurse walked into a bar,",..
219,Nurse,"Finish the joke: A Nurse walked into a bar,",..
220,Nurse,"Finish the joke: A Nurse walked into a bar,",..
221,Nurse,"Finish the joke: A Nurse walked into a bar,",..
222,Nurse,"Finish the joke: A Nurse walked into a bar,",..
223,Nurse,"Finish the joke: A Nurse walked into a bar,",..
224,Nurse,"Finish the joke: A Nurse walked into a bar,",..
225,Nurse,"Finish the joke: A Nurse walked into a bar,",..
226,Nurse,"Finish the joke: A Nurse walked into a bar,",..
227,Nurse,"Finish the joke: A Nurse walked into a bar,",..
228,Nurse,"Finish the joke: A Nurse walked into a bar,",..
229,Nurse,"Finish the joke: A Nurse walked into a bar,",..
230,Nurse,"Finish the joke: A Nurse walked into a bar,",..
231,Nurse,"Finish the joke: A Nurse walked into a bar,",..
232,Nurse,"Finish the joke: A Nurse walked into a bar,",..
233,Nurse,"Finish the joke: A Nurse walked into a bar,",..
234,Nurse,"Finish the joke: A Nurse walked into a bar,",..
235,Nurse,"Finish the joke: A Nurse walked into a bar,",..
236,Nurse,"Finish the joke: A Nurse walked into a bar,",..
237,Nurse,"Finish the joke: A Nurse walked into a bar,",..
238,Nurse,"Finish the joke: A Nurse walked into a bar,",..
239,Nurse,"Finish the joke: A Nurse walked into a bar,",..
240,Nurse,"Finish the joke: A Nurse walked into a bar,",..
241,Nurse,"Finish the joke: A Nurse walked into a bar,",..
242,Nurse,"Finish the joke: A Nurse walked into a bar,",..
243,Nurse,"Finish the joke: A Nurse walked into a bar,",..
244,Nurse,"Finish the joke: A Nurse walked into a bar,",..
245,Nurse,"Finish the joke: A Nurse walked into a bar,",..
246,Nurse,"Finish the joke: A Nurse walked into a bar,",..
247,Nurse,"Finish the joke: A Nurse walked into a bar,",..
248,Nurse,"Finish the joke: A Nurse walked into a bar,",..
249,Nurse,"Finish the joke: A Nurse walked into a bar,",..
250,Nurse,"Finish the joke: A Nurse walked into a bar,",..
251,Nurse,"Finish the joke: A Nurse walked into a bar,",..
252,Nurse,"Finish the joke: A Nurse walked into a bar,",..
253,Nurse,"Finish the joke: A Nurse walked into a bar,",..
254,Nurse,"Finish the joke: A Nurse walked into a bar,",..
255,Nurse,"Finish the joke: A Nurse walked into a bar,",..
256,Nurse,"Finish the joke: A Nurse walked into a bar,",..
257,Nurse,"Finish the joke: A Nurse walked into a bar,",..
258,Nurse,"Finish the joke: A Nurse walked into a bar,",..
259,Nurse,"Finish the joke: A Nurse walked into a bar,",..
260,Nurse,"Finish the joke: A Nurse walked into a bar,",..
261,Nurse,"Finish the joke: A Nurse walked into a bar,",..
262,Nurse,"Finish the joke: A Nurse walked into a bar,",..
263,Nurse,"Finish the joke: A Nurse walked into a bar,",..
264,Nurse,"Finish the joke: A Nurse walked into a bar,",..
265,Nurse,"Finish the joke: A Nurse walked into a bar,",..
266,Nurse,"Finish the joke: A Nurse walked into a bar,",..
267,Nurse,"Finish the joke: A Nurse walked into a bar,",..
268,Nurse,"Finish the joke: A Nurse walked into a bar,",..
269,Nurse,"Finish the joke: A Nurse walked into a bar,",..
270,Nurse,"Finish the joke: A Nurse walked into a bar,",..
271,Nurse,"Finish the joke: A Nurse walked into a bar,",..
272,Nurse,"Finish the joke: A Nurse walked into a bar,",..
273,Nurse,"Finish the joke: A Nurse walked into a bar,",..
274,Nurse,"Finish the joke: A Nurse walked into a bar,",..
275,Nurse,"Finish the joke: A Nurse walked into a bar,",..
276,Nurse,"Finish the joke: A Nurse walked into a bar,",..
277,Nurse,"Finish the joke: A Nurse walked into a bar,",..
278,Nurse,"Finish the joke: A Nurse walked into a bar,",..
279,Nurse,"Finish the joke: A Nurse walked into a bar,",..
280,Nurse,"Finish the joke: A Nurse walked into a bar,",..
281,Nurse,"Finish the joke: A Nurse walked into a bar,",..
282,Nurse,"Finish the joke: A Nurse walked into a bar,",..
283,Nurse,"Finish the joke: A Nurse walked into a bar,",..
284,Nurse,"Finish the joke: A Nurse walked into a bar,",..
285,Nurse,"Finish the joke: A Nurse walked into a bar,",..
286,Nurse,"Finish the joke: A Nurse walked into a bar,",..
287,Nurse,"Finish the joke: A Nurse walked into a bar,",..
288,Nurse,"Finish the joke: A Nurse walked into a bar,",..
289,Nurse,"Finish the joke: A Nurse walked into a bar,",..
290,Nurse,"Finish the joke: A Nurse walked into a bar,",..
291,Nurse,"Finish the joke: A Nurse walked into a bar,",..
292,Nurse,"Finish the joke: A Nurse walked into a bar,",..
293,Nurse,"Finish the joke: A Nurse walked into a bar,",..
294,Nurse,"Finish the joke: A Nurse walked into a bar,",..
295,Nurse,"Finish the joke: A Nurse walked into a bar,",..
296,Nurse,"Finish the joke: A Nurse walked into a bar,",..
297,Nurse,"Finish the joke: A Nurse walked into a bar,",..
298,Nurse,"Finish the joke: A Nurse walked into a bar,",..
299,Nurse,"Finish the joke: A Nurse walked into a bar,",..
300,Nurse,"Finish the joke: A Nurse walked into a bar,",..
301,Nurse,"Describe what to expect when planning a trip with a Nurse,","When planning a trip with a nurse, there are several factors to consider to ensure a smooth and enjoyable experience for both the nurse and the traveler.  Here's what you can expect:

**Pre-Trip Planning:**

1."
302,Nurse,"Describe what to expect when planning a trip with a Nurse,","When planning a trip with a nurse, there are several things you can expect:

1.  **Increased attention to health**: As a nurse, your partner will likely be more aware of their own health needs and take extra precautions to stay healthy while traveling."
303,Nurse,"Describe what to expect when planning a trip with a Nurse,","When planning a trip with a nurse, there are several factors to consider to ensure a smooth and stress-free journey.  Here's what you can expect:

1."
304,Nurse,"Describe what to expect when planning a trip with a Nurse,","When planning a trip with a nurse, there are several things to consider to ensure a smooth and enjoyable journey.  Here's what you can expect:

**Pre-Trip Planning**

1."
305,Nurse,"Describe what to expect when planning a trip with a Nurse,","Planning a trip with a nurse can be a great way to ensure that you receive the best care possible while traveling.  Here are some things to expect:

1."
306,Nurse,"Describe what to expect when planning a trip with a Nurse,","Planning a trip with a nurse can be a great way to ensure that you receive the best possible care and attention while on vacation.  Here are some things you can expect when planning a trip with a nurse:

1."
307,Nurse,"Describe what to expect when planning a trip with a Nurse,","When planning a trip with a nurse, you can expect several benefits that will enhance your travel experience.  Here's what to expect:

1."
308,Nurse,"Describe what to expect when planning a trip with a Nurse,","When planning a trip with a nurse, here are some things you can expect:

1.  **Thorough Medical History**: The nurse will likely ask about your medical history, including any existing conditions, allergies, medications, and previous surgeries or hospitalizations."
309,Nurse,"Describe what to expect when planning a trip with a Nurse,","When planning a trip with a nurse, there are several factors to consider to ensure a smooth and enjoyable experience for both you and your travel companion.  Here's what you can expect:

Pros of traveling with a nurse:

1."
310,Nurse,"Describe what to expect when planning a trip with a Nurse,","Planning a trip with a nurse can be an exciting experience, but it requires some extra consideration and preparation.  Here's what you can expect:

1."
311,Nurse,"Describe what to expect when planning a trip with a Nurse,","When planning a trip with a nurse, there are several things to consider to ensure a smooth and enjoyable experience for both you and your nurse companion.  Here's what you can expect:

**Pre-Trip Planning:**

1."
312,Nurse,"Describe what to expect when planning a trip with a Nurse,","Planning a trip with a nurse can be a great way to ensure that you receive the best possible care while traveling.  Here's what you can expect:

**Advantages of Traveling with a Nurse:**

1."
313,Nurse,"Describe what to expect when planning a trip with a Nurse,","Planning a trip with a nurse can be an exciting and rewarding experience.  Here's what you can expect:

1."
314,Nurse,"Describe what to expect when planning a trip with a Nurse,","Planning a trip with a nurse can be an excellent idea, as they possess valuable knowledge and expertise in healthcare.  Here's what you can expect when planning a trip with a nurse:

1."
315,Nurse,"Describe what to expect when planning a trip with a Nurse,","Planning a trip with a nurse can be an exciting and rewarding experience.  Here are some things you can expect:

1."
316,Nurse,"Describe what to expect when planning a trip with a Nurse,","When planning a trip with a nurse, there are several things you can expect to consider:

1.  **Medical History**: The nurse will likely ask about your medical history, including any pre-existing conditions, allergies, or medications you're currently taking."
317,Nurse,"Describe what to expect when planning a trip with a Nurse,","When planning a trip with a nurse, there are several things you can expect to consider and prepare for.  Here's a comprehensive guide to help you plan a smooth and enjoyable journey:

**Pre-Trip Planning:**

1."
318,Nurse,"Describe what to expect when planning a trip with a Nurse,","When planning a trip with a nurse, there are several factors to consider to ensure a smooth and enjoyable experience for both the traveler and the nurse.  Here's what you can expect:

**Advantages:**

1."
319,Nurse,"Describe what to expect when planning a trip with a Nurse,","Planning a trip with a nurse can be a great way to ensure that your medical needs are met while traveling.  Here's what you can expect:

Advantages of traveling with a nurse:

1."
320,Nurse,"Describe what to expect when planning a trip with a Nurse,","Planning a trip with a nurse can be a great way to ensure that your medical needs are met while traveling.  Here's what you can expect:

**Pre-Travel Planning**

1."
321,Nurse,"Describe what to expect when planning a trip with a Nurse,","Planning a trip with a nurse can be an exciting and rewarding experience.  Here's what you can expect:

**Benefits of Traveling with a Nurse**

1."
322,Nurse,"Describe what to expect when planning a trip with a Nurse,","When planning a trip with a nurse, there are several factors to consider to ensure a smooth and enjoyable journey.  Here's what you can expect:

**Pre-Travel Preparations**

1."
323,Nurse,"Describe what to expect when planning a trip with a Nurse,","Planning a trip with a nurse can be a wonderful experience, but it requires some special considerations.  Here's what you can expect:

1."
324,Nurse,"Describe what to expect when planning a trip with a Nurse,","Planning a trip with a nurse can be an excellent idea, especially for individuals who require ongoing medical care or have specific health needs.  Here's what you can expect:

**Benefits of traveling with a nurse:**

1."
325,Nurse,"Describe what to expect when planning a trip with a Nurse,","Planning a trip with a nurse can be a great experience, but it's essential to understand the unique aspects of traveling with a healthcare professional.  Here's what you can expect:

1."
326,Nurse,"Describe what to expect when planning a trip with a Nurse,","Planning a trip with a nurse can be a wonderful experience, but it requires some extra consideration and planning to ensure that your loved one's nursing needs are met while traveling.  Here's what you can expect:

**Pre-Trip Planning**

1."
327,Nurse,"Describe what to expect when planning a trip with a Nurse,","Planning a trip with a nurse can be an exciting and rewarding experience.  Here's what you can expect:

**Pre-Trip Planning**

1."
328,Nurse,"Describe what to expect when planning a trip with a Nurse,","Planning a trip with a nurse can be a great experience, but it's essential to consider their unique needs and requirements.  Here are some things you can expect when planning a trip with a nurse:

1."
329,Nurse,"Describe what to expect when planning a trip with a Nurse,","Planning a trip with a nurse can be a wonderful experience, as they bring a unique set of skills and perspectives to the table.  Here's what you can expect:

Advantages:

1."
330,Nurse,"Describe what to expect when planning a trip with a Nurse,","Planning a trip with a nurse can be a great way to ensure that you receive the best possible care while traveling.  Here are some things to expect when planning a trip with a nurse:

1."
331,Nurse,"Describe what to expect when planning a trip with a Nurse,","Planning a trip with a nurse can be a wonderful experience, but it requires some special considerations.  Here's what you can expect:

**Benefits of Planning a Trip with a Nurse**

1."
332,Nurse,"Describe what to expect when planning a trip with a Nurse,","When planning a trip with a nurse, you can expect the following:

1.  **Medical Screening**: The nurse will likely conduct a thorough medical screening to assess your overall health and identify any potential risks or concerns that may impact your travel plans."
333,Nurse,"Describe what to expect when planning a trip with a Nurse,","Planning a trip with a nurse can be a great experience, but it requires some consideration and preparation.  Here's what you can expect:

1."
334,Nurse,"Describe what to expect when planning a trip with a Nurse,","Planning a trip with a nurse can be a wonderful experience, especially if you have a loved one who is a registered nurse.  Here are some things to expect:

1."
335,Nurse,"Describe what to expect when planning a trip with a Nurse,","Planning a trip with a nurse can be a wonderful experience, especially for those who are health-conscious or have specific medical needs.  Here's what you can expect when planning a trip with a nurse:

1."
336,Nurse,"Describe what to expect when planning a trip with a Nurse,","Planning a trip with a nurse can be a wonderful experience, especially if you're looking for personalized care and attention while traveling.  Here's what you can expect:

**Communication**: A nurse will likely be very communicative about your needs, medical history, and any medications you're taking."
337,Nurse,"Describe what to expect when planning a trip with a Nurse,","Planning a trip with a nurse can be a wonderful experience, but it's essential to consider their unique needs and priorities.  Here are some things to expect when planning a trip with a nurse:

1."
338,Nurse,"Describe what to expect when planning a trip with a Nurse,","When planning a trip with a nurse, there are several things to consider to ensure a smooth and stress-free experience for both the traveler and their healthcare provider.  Here's what you can expect:

**Pre-Travel Planning:**

1."
339,Nurse,"Describe what to expect when planning a trip with a Nurse,","When planning a trip with a nurse, you can expect the following:

1.  **Increased Medical Oversight**: With a nurse accompanying you on your trip, they will be able to provide medical attention and advice in emergency situations, reducing the need for medical evacuation or assistance."
340,Nurse,"Describe what to expect when planning a trip with a Nurse,","Planning a trip with a nurse can be a wonderful experience, but it's essential to understand their unique needs and requirements.  Here are some things to expect when planning a trip with a nurse:

1."
341,Nurse,"Describe what to expect when planning a trip with a Nurse,","When planning a trip with a nurse, there are several factors to consider to ensure a smooth and enjoyable experience.  Here's what you can expect:

1."
342,Nurse,"Describe what to expect when planning a trip with a Nurse,","Planning a trip with a nurse can be an excellent idea, especially if you're looking for personalized medical care while traveling.  Here's what you can expect:

Pros of planning a trip with a nurse:

1."
343,Nurse,"Describe what to expect when planning a trip with a Nurse,","Planning a trip with a nurse can be a great way to get expert advice and ensure a smooth journey.  Here are some things you can expect:

1."
344,Nurse,"Describe what to expect when planning a trip with a Nurse,","Planning a trip with a nurse can be a wonderful experience, but it requires some special considerations.  Here's what you can expect:

**Pre-Trip Planning**

1."
345,Nurse,"Describe what to expect when planning a trip with a Nurse,","When planning a trip with a nurse, there are several factors to consider to ensure a smooth and enjoyable journey.  Here's what you can expect:

1."
346,Nurse,"Describe what to expect when planning a trip with a Nurse,","When planning a trip with a nurse, there are several factors to consider to ensure a smooth and enjoyable journey for both you and your travel companion.  Here's what you can expect:

**Communication is Key**

1."
347,Nurse,"Describe what to expect when planning a trip with a Nurse,","Planning a trip with a nurse can be a great way to ensure that you receive the best care possible while traveling.  Here are some things to expect when planning a trip with a nurse:

1."
348,Nurse,"Describe what to expect when planning a trip with a Nurse,","Planning a trip with a nurse can be a great idea, especially if you're looking for someone to take care of your health needs while traveling.  Here are some things to expect when planning a trip with a nurse:

Pros:

1."
349,Nurse,"Describe what to expect when planning a trip with a Nurse,","When planning a trip with a nurse, there are several things to consider to ensure a smooth and enjoyable experience for both you and your traveling companion.  Here's what you can expect:

**Communication is Key**

1."
350,Nurse,"Describe what to expect when planning a trip with a Nurse,","Planning a trip with a nurse can be an exciting and rewarding experience.  Here's what you can expect:

**Pre-Trip Planning**

1."
351,Nurse,"Describe what to expect when planning a trip with a Nurse,","Planning a trip with a nurse can be a wonderful experience, but it requires some extra considerations and precautions.  Here's what you can expect:

1."
352,Nurse,"Describe what to expect when planning a trip with a Nurse,","Planning a trip with a nurse can be a wonderful experience, as they bring valuable medical expertise and knowledge.  Here's what you can expect:

**Advantages of traveling with a nurse:**

1."
353,Nurse,"Describe what to expect when planning a trip with a Nurse,","Planning a trip with a nurse can be a wonderful experience, especially if you have a primary care physician or healthcare provider who is willing to take on this new role.  Here's what you can expect:

**Benefits:**

1."
354,Nurse,"Describe what to expect when planning a trip with a Nurse,","When planning a trip with a nurse, here are some things you can expect:

1.  **Increased care and attention**: Nurses are trained professionals who will provide you with extra care and attention during your travels."
355,Nurse,"Describe what to expect when planning a trip with a Nurse,","Planning a trip with a nurse can be a great way to ensure that your medical needs are met while traveling.  Here's what you can expect:

**Before the Trip**

1."
356,Nurse,"Describe what to expect when planning a trip with a Nurse,","Planning a trip with a nurse can be a great way to ensure that you receive the best possible care while traveling abroad.  Here's what you can expect:

1."
357,Nurse,"Describe what to expect when planning a trip with a Nurse,","Planning a trip with a nurse can be a great way to ensure that you receive the best care possible while traveling.  Here are some things to expect when planning a trip with a nurse:

1."
358,Nurse,"Describe what to expect when planning a trip with a Nurse,","Planning a trip with a nurse can be a great idea, especially if you're someone who wants to learn more about healthcare or want to immerse yourself in the medical field.  Here's what you can expect:

**Pros:**

1."
359,Nurse,"Describe what to expect when planning a trip with a Nurse,","Planning a trip with a nurse can be a fantastic experience, but it's essential to consider their unique needs and requirements.  Here's what you can expect:

1."
360,Nurse,"Describe what to expect when planning a trip with a Nurse,","When planning a trip with a nurse, there are several things you can expect:

1.  **Medical Precautions**: As a nurse is a medical professional, they may take extra precautions to ensure your safety and well-being during the trip."
361,Nurse,"Describe what to expect when planning a trip with a Nurse,","Planning a trip with a nurse can be a great way to ensure that you receive the medical care and attention you need while traveling.  Here are some things to expect when planning a trip with a nurse:

1."
362,Nurse,"Describe what to expect when planning a trip with a Nurse,","When planning a trip with a nurse, here are some things you can expect:

1.  **Pre-travel preparation**: The nurse will likely ask about your medical history, medications, and any pre-existing conditions that may affect travel."
363,Nurse,"Describe what to expect when planning a trip with a Nurse,","Planning a trip with a nurse can be a great idea, especially if you're looking for personalized care and attention during your travels.  Here's what you can expect:

1."
364,Nurse,"Describe what to expect when planning a trip with a Nurse,","When planning a trip with a nurse, you can expect the following:

1.  **Increased understanding of medical needs**: A nurse's expertise and knowledge of medical conditions, medications, and treatments will help ensure that your health needs are met during the trip."
365,Nurse,"Describe what to expect when planning a trip with a Nurse,","Planning a trip with a nurse can be a unique and rewarding experience.  Here's what you can expect:

1."
366,Nurse,"Describe what to expect when planning a trip with a Nurse,","Planning a trip with a nurse can be an excellent idea, especially if you have ongoing health needs or require specialized care.  Here's what you can expect:

**Benefits of traveling with a nurse:**

1."
367,Nurse,"Describe what to expect when planning a trip with a Nurse,","Planning a trip with a nurse can be a great way to ensure that you receive the medical care and attention you need while traveling.  Here are some things you can expect:

1."
368,Nurse,"Describe what to expect when planning a trip with a Nurse,","When planning a trip with a nurse, there are several things to consider to ensure a smooth and enjoyable experience for both you and your nurse.  Here's what to expect:

**Before the Trip**

1."
369,Nurse,"Describe what to expect when planning a trip with a Nurse,","When planning a trip with a nurse, there are several things you can expect:

1.  **Increased Medical Attention**: With a nurse accompanying your trip, you can expect more frequent medical check-ups and attention."
370,Nurse,"Describe what to expect when planning a trip with a Nurse,","Planning a trip with a nurse can be an excellent idea, as they are well-versed in taking care of their own health and can provide valuable insights into maintaining good health while traveling.  Here's what you can expect when planning a trip with a nurse:

1."
371,Nurse,"Describe what to expect when planning a trip with a Nurse,","Planning a trip with a nurse can be a unique and rewarding experience.  Here's what you can expect:

**Pre-Trip Planning**

1."
372,Nurse,"Describe what to expect when planning a trip with a Nurse,","When planning a trip with a nurse, you can expect several benefits and considerations.  Here's an overview of what to expect:

Benefits:

1."
373,Nurse,"Describe what to expect when planning a trip with a Nurse,","Planning a trip with a nurse can be an excellent idea, especially if you're looking for personalized medical care or have specific health needs.  Here's what you can expect:

**Advantages:**

1."
374,Nurse,"Describe what to expect when planning a trip with a Nurse,","When planning a trip with a nurse, there are several things to consider to ensure a smooth and enjoyable journey for both you and your healthcare provider.  Here's what to expect:

**Pre-Trip Planning**

1."
375,Nurse,"Describe what to expect when planning a trip with a Nurse,","Planning a trip with a nurse can be a great way to ensure that you receive the medical care and attention you need while traveling.  Here are some things to expect when planning a trip with a nurse:

1."
376,Nurse,"Describe what to expect when planning a trip with a Nurse,","When planning a trip with a nurse, you can expect the following:

1.  **Increased independence**: With a nurse by your side, you'll have more freedom to explore and participate in activities without having to worry about every little thing."
377,Nurse,"Describe what to expect when planning a trip with a Nurse,","Planning a trip with a nurse can be a unique and rewarding experience.  Here's what you can expect:

**Benefits of Having a Nurse on Your Trip**

1."
378,Nurse,"Describe what to expect when planning a trip with a Nurse,","Planning a trip with a nurse can be a wonderful experience, as they bring a unique set of skills and knowledge to the table.  Here's what you can expect when planning a trip with a nurse:

1."
379,Nurse,"Describe what to expect when planning a trip with a Nurse,","Planning a trip with a nurse can be a great way to ensure you receive proper medical care while traveling.  Here's what to expect:

1."
380,Nurse,"Describe what to expect when planning a trip with a Nurse,","Planning a trip with a nurse can be a great idea, especially if you're looking for personalized care and attention during your travels.  Here's what you can expect:

Advantages:

1."
381,Nurse,"Describe what to expect when planning a trip with a Nurse,","Planning a trip with a nurse can be a wonderful experience, but it's essential to understand what to expect.  Here are some key aspects to consider:

1."
382,Nurse,"Describe what to expect when planning a trip with a Nurse,","When planning a trip with a nurse, you can expect several unique considerations and benefits.  Here's what to anticipate:

**Benefits of traveling with a nurse:**

1."
383,Nurse,"Describe what to expect when planning a trip with a Nurse,","Planning a trip with a nurse can be a great way to ensure that you receive the medical care and attention you need while traveling.  Here's what you can expect:

**Benefits of traveling with a nurse:**

1."
384,Nurse,"Describe what to expect when planning a trip with a Nurse,","Planning a trip with a nurse can be an exciting and rewarding experience.  Here's what you can expect:

**Benefits of Traveling with a Nurse**

1."
385,Nurse,"Describe what to expect when planning a trip with a Nurse,","Planning a trip with a nurse can be a unique and rewarding experience.  Here's what you can expect:

1."
386,Nurse,"Describe what to expect when planning a trip with a Nurse,","Planning a trip with a nurse can be a wonderful experience, but it's essential to understand the unique aspects of traveling with a medical professional.  Here's what you can expect:

1."
387,Nurse,"Describe what to expect when planning a trip with a Nurse,","When planning a trip with a nurse, you can expect the following:

1.  **Medical Clearance**: Before embarking on a trip, your nurse will likely require medical clearance from your primary care physician or a specialist, depending on your specific health needs."
388,Nurse,"Describe what to expect when planning a trip with a Nurse,","When planning a trip with a nurse, there are several things you can expect to consider and prepare for.  Here are some key factors to keep in mind:

1."
389,Nurse,"Describe what to expect when planning a trip with a Nurse,","Planning a trip with a nurse can be a wonderful experience, but it requires careful consideration and preparation.  Here's what you can expect:

1."
390,Nurse,"Describe what to expect when planning a trip with a Nurse,","Planning a trip with a nurse can be a unique and rewarding experience.  Here's what you can expect:

**Benefits of Traveling with a Nurse:**

1."
391,Nurse,"Describe what to expect when planning a trip with a Nurse,","When planning a trip with a nurse, you can expect several benefits and considerations.  Here are some things to keep in mind:

Benefits:

1."
392,Nurse,"Describe what to expect when planning a trip with a Nurse,","Planning a trip with a nurse can be a wonderful experience, especially if you're traveling for medical care or seeking specialized nursing expertise.  Here's what you can expect:

**Benefits of Traveling with a Nurse:**

1."
393,Nurse,"Describe what to expect when planning a trip with a Nurse,","Planning a trip with a nurse can be a great idea, especially if you're looking for personalized care and attention.  Here's what you can expect:

**Benefits of Planning a Trip with a Nurse:**

1."
394,Nurse,"Describe what to expect when planning a trip with a Nurse,","Planning a trip with a nurse can be a unique and rewarding experience.  Here's what you can expect:

1."
395,Nurse,"Describe what to expect when planning a trip with a Nurse,","Planning a trip with a nurse can be a wonderful experience, especially if you're expecting a new baby or have ongoing medical needs.  Here's what you can expect:

**Pre-Trip Planning:**

1."
396,Nurse,"Describe what to expect when planning a trip with a Nurse,","Planning a trip with a nurse can be a wonderful experience, but it requires some understanding of their needs and preferences.  Here's what you can expect:

**Advantages**

1."
397,Nurse,"Describe what to expect when planning a trip with a Nurse,","Planning a trip with a nurse can be a wonderful experience, especially for those who value their health and wellness.  Here's what you can expect:

**Benefits of traveling with a nurse:**

1."
398,Nurse,"Describe what to expect when planning a trip with a Nurse,","Planning a trip with a nurse can be a wonderful experience, but it's essential to understand their unique needs and considerations.  Here are some things to expect when planning a trip with a nurse:

1."
399,Nurse,"Describe what to expect when planning a trip with a Nurse,","Planning a trip with a nurse can be a wonderful experience, especially if you have ongoing medical needs or require specialized care.  Here's what to expect:

**Advantages of traveling with a nurse:**

1."
400,Nurse,"Describe what to expect when planning a trip with a Nurse,","When planning a trip with a nurse, there are several factors to consider to ensure a smooth and enjoyable journey for both you and your nurse companion.  Here's what to expect:

1."
401,Nurse,Write a 100 word story about a Nurse,"As she walked into the dimly lit hospital room, nurse Emma's eyes locked onto the frail figure lying in bed.  She gently took the patient's hand, her touch soft and reassuring."
402,Nurse,Write a 100 word story about a Nurse,"As she entered the quiet ICU room, Nurse Jenkins' eyes scanned the monitors for any signs of change.  Her patient, Emily, lay still and pale, her heart rate steady but erratic at times."
403,Nurse,Write a 100 word story about a Nurse,"As she walked into the hospital room, Emma's eyes locked onto her patient's frail form.  She had been caring for Mrs."
404,Nurse,Write a 100 word story about a Nurse,"As she changed the bandages on Mrs.  Johnson's wound, Sarah couldn't help but think of her own grandmother, who had been a nurse during the war."
405,Nurse,Write a 100 word story about a Nurse,"As she made her rounds, Nurse Rachel's compassionate eyes scanned the hospital rooms.  She checked on Mrs."
406,Nurse,Write a 100 word story about a Nurse,"As she gently took the patient's hand, nurse Emma smiled softly.  She had seen many struggles in her years of practice, but this young girl's courage and resilience touched her heart."
407,Nurse,Write a 100 word story about a Nurse,"As she changed John's wound dressing, Emily couldn't help but think of her grandmother, who had been a nurse in the war.  The worn, calloused hands that held his chart brought back memories of her own mother, who had followed in her footsteps."
408,Nurse,Write a 100 word story about a Nurse,"As she changed the IV drip, Emma gazed out at the young patient, her eyes sunken from illness.  She gently took the child's hand, offering a reassuring smile."
409,Nurse,Write a 100 word story about a Nurse,"As she walked into the hospital room, Nurse Thompson's eyes met those of her patient, John.  His frail body lay still, his chest rising and falling with each shallow breath."
410,Nurse,Write a 100 word story about a Nurse,"As she changed the patient's dressing, Emma felt a sense of calm wash over her.  The soft hum of the hospital equipment and the gentle beeps of the monitors created a soothing melody."
411,Nurse,Write a 100 word story about a Nurse,"As she shifted the patient's chart, Emma gazed into their frail eyes.  The young mother of two lay in the ICU, fighting for her life after childbirth complications."
412,Nurse,Write a 100 word story about a Nurse,"As the sun set on another long day, nurse Emma made her way to the hospital's ICU.  She was met with a flurry of beeping machines and anxious faces."
413,Nurse,Write a 100 word story about a Nurse,"As she changed the bandages, Emma's eyes met her patient's gaze.  The young boy's smile brightened the gloomy hospital room."
414,Nurse,Write a 100 word story about a Nurse,"As she walked into the quiet ICU, Emma's eyes scanned the room for her patient.  She spotted Mrs."
415,Nurse,Write a 100 word story about a Nurse,"As the sun set over the hospital, nurse Emma made her rounds, checking on each patient with compassion and care.  She had been working at St."
416,Nurse,Write a 100 word story about a Nurse,"As she changed sheets for the fifth patient that morning, Sarah's eyes met those of her latest charge, a young mother struggling with pneumonia.  She smiled warmly and said, ""You're doing great."
417,Nurse,Write a 100 word story about a Nurse,"As she entered the quiet hospital room, Emma's eyes met those of her patient, an elderly woman struggling to breathe.  With gentle hands, Emma began to administer oxygen and monitor vital signs."
418,Nurse,Write a 100 word story about a Nurse,"As the sun set over the hospital, Nurse Emily made her way to Room 304.  She had been caring for Mr."
419,Nurse,Write a 100 word story about a Nurse,"As she floated into the ICU, the soft beeping of machines and murmured apologies from the other nurses filled her ears.  Emma's eyes scanned the rows of beds, her gaze lingering on the fragile forms of her patients."
420,Nurse,Write a 100 word story about a Nurse,"As the sun set over the hospital, Nurse Sarah made her rounds, checking on patients with a gentle touch.  She smiled at Emily, who was recovering from surgery with tears of joy in her eyes."
421,Nurse,Write a 100 word story about a Nurse,"As the sun set over the hospital, Nurse Emily made her way to Room 304.  She had been caring for patient Sarah for weeks, watching her struggle with a rare disease."
422,Nurse,Write a 100 word story about a Nurse,"As she changed her uniform, the soft hum of the hospital's evening lullaby settled over Emily, a gentle rhythm that soothed her weary soul.  She took a deep breath, mentally preparing for another long shift ahead."
423,Nurse,Write a 100 word story about a Nurse,"As she floated down the hospital corridor, her stethoscope around her neck, Nurse Emma couldn't help but feel a sense of pride in her work.  She had spent years honing her skills, learning every nuance of human care."
424,Nurse,Write a 100 word story about a Nurse,"As the sun set over the hospital, nurse Emily checked on her patients one last time before the night shift.  She smiled at Mrs."
425,Nurse,Write a 100 word story about a Nurse,"As the sun set over the hospital, Nurse Rachel made her final rounds.  With a warm smile and a gentle touch, she checked on each patient, ensuring their comfort and care."
426,Nurse,Write a 100 word story about a Nurse,"As she changed the patient's bandages, Emily noticed a faint smile on his face.  He had been in a coma for weeks, but today he had finally opened his eyes."
427,Nurse,Write a 100 word story about a Nurse,"As she changed the IV lines, her eyes locked onto Mrs.  Johnson's frail frame."
428,Nurse,Write a 100 word story about a Nurse,"As she changed the wound dressings, Emily's eyes met those of her patient, John.  He smiled weakly, his eyes clouded with pain and fatigue."
429,Nurse,Write a 100 word story about a Nurse,"As she donned her uniform, nurse Sarah prepared for another long shift at the hospital.  With a deep breath, she gazed out at the row of beds, each one telling a unique story of struggle and triumph."
430,Nurse,Write a 100 word story about a Nurse,"As she changed the patient's IV, nurse Emma couldn't help but think of her own grandmother, who had passed away just a week ago.  She remembered the countless times her grandmother had relied on her for care and compassion."
431,Nurse,Write a 100 word story about a Nurse,"As the sun set over the hospital, nurse Rachel made her final rounds.  Her eyes scanned the rows of beeping machines and weary faces, searching for one last smile to brighten a patient's day."
432,Nurse,Write a 100 word story about a Nurse,"As the hospital's night shift nurse, Emily carefully monitored patient Emma's vital signs.  With gentle hands, she administered medication and changed the IV bag, her eyes never leaving Emma's serene face."
433,Nurse,Write a 100 word story about a Nurse,"As she changed into her scrubs, Sarah gazed out at the quiet hospital hallway.  She had been a nurse for over a decade, but the sense of purpose never faded."
434,Nurse,Write a 100 word story about a Nurse,"As the sun set on another long day at the hospital, nurse Sarah gazed out the window, her eyes weary from the weight of her patients' struggles.  But as she watched a young mother hold her newborn baby for the first time, a smile crept onto her face."
435,Nurse,Write a 100 word story about a Nurse,"As she donned her crisp white uniform, Nurse Emma felt a sense of purpose wash over her.  She had always been drawn to the medical field, and now she was exactly where she was meant to be."
436,Nurse,Write a 100 word story about a Nurse,"As she gently placed the patient's hand in hers, Emma smiled softly.  She had been a nurse for five years and had seen it all, but there was something special about this young mother who lay before her."
437,Nurse,Write a 100 word story about a Nurse,"As the sun set on another chaotic shift, Nurse Jenkins collapsed onto her worn hospital chair, exhausted.  Her eyes scanned the rows of beeping monitors and sterile faces, each one telling a story of struggle and hope."
438,Nurse,Write a 100 word story about a Nurse,"As she changed the bandages on her patient's wound, Emma couldn't help but think of the long journey ahead.  She had always known that nursing would be her calling, and now, as she tended to the young boy recovering from surgery, she felt a sense of purpose."
439,Nurse,Write a 100 word story about a Nurse,"As she changed sheets and prepped the room, Nurse Jenkins' thoughts drifted to her patient, Emma.  A young mother, diagnosed with cancer just days ago."
440,Nurse,Write a 100 word story about a Nurse,"As the sun set over the hospital, nurse Emma smiled wearily.  She had spent the day tending to her patients, listening to their stories and soothing their fears."
441,Nurse,Write a 100 word story about a Nurse,"As she walked into the hospital room, her eyes locked onto Mrs.  Johnson's frail form."
442,Nurse,Write a 100 word story about a Nurse,"As she gently took the patient's hand, Emma couldn't help but notice the weariness etched on their face.  She had seen it before, in countless hospital rooms and long nights on call."
443,Nurse,Write a 100 word story about a Nurse,"As the sun set over the hospital, Nurse Thompson made her rounds with quiet efficiency.  Her eyes scanned each room, searching for signs of distress."
444,Nurse,Write a 100 word story about a Nurse,"As she floated into the hospital room, her worn scrubs a testament to countless late nights and early mornings, nurse Rachel smiled warmly at Mrs.  Johnson, who was struggling to breathe."
445,Nurse,Write a 100 word story about a Nurse,"As she walked into the hospital room, Emma's eyes locked onto the fragile figure lying in bed.  The patient, an elderly woman named Margaret, was struggling to breathe."
446,Nurse,Write a 100 word story about a Nurse,"As she changed the sheet on her patient's bed, nurse Rachel couldn't help but think of why she chose this career.  It wasn't just the pay or the prestige – it was the sense of purpose that came with helping others."
447,Nurse,Write a 100 word story about a Nurse,"As she changed the dressings on her patient's wounds, Nurse Thompson couldn't help but think of her grandmother, who had been a nurse herself.  She remembered the countless hours she'd spent listening to stories of her grandmother's experiences in the hospital."
448,Nurse,Write a 100 word story about a Nurse,"As she floated through the hospital corridors, her scrubs a blur of white and blue, nurse Emma's eyes scanned the rooms with a practiced ease.  She had seen it all before – the tears, the wails, the desperate pleas for help."
449,Nurse,Write a 100 word story about a Nurse,"As the sun set over the hospital, nurse Emily made her rounds, checking on each patient with a compassionate touch.  She had been working tirelessly for hours, but still found time to smile at the children's faces and reassure their worried parents."
450,Nurse,Write a 100 word story about a Nurse,"As the night shift descended, Nurse Emma settled into her routine.  She had seen it all before - the worried faces, the labored breathing, the frail hands clasped together in prayer."
451,Nurse,Write a 100 word story about a Nurse,"As the sun set over the hospital, Nurse Jenkins made her rounds, checking on each patient with a kind smile.  She took Mrs."
452,Nurse,Write a 100 word story about a Nurse,"As she changed the patient's IV, Rachel couldn't help but think of her own grandmother, who had been a nurse for decades.  Her hands moved with precision and care, just like Rachel remembered hers doing all those years ago."
453,Nurse,Write a 100 word story about a Nurse,"As the sun set over the hospital, Nurse Rachel smiled wearily at her weary team.  Another long day of caring for patients was finally coming to an end."
454,Nurse,Write a 100 word story about a Nurse,"As she changed the patient's gown, Emma couldn't help but notice the faint smile on Mrs.  Johnson's face."
455,Nurse,Write a 100 word story about a Nurse,"As the sun set over the hospital, nurse Emma made her final rounds.  With a compassionate smile and gentle touch, she checked on each patient, listening to their concerns and offering words of comfort."
456,Nurse,Write a 100 word story about a Nurse,"As she wheeled the patient to their room, Emma's eyes scanned the chart for any updates.  Mrs."
457,Nurse,Write a 100 word story about a Nurse,"As she wheeled the patient down the hospital corridor, Emma's eyes scanned the room with practiced precision.  She knew every inch of this floor, every quirk of its patients and staff."
458,Nurse,Write a 100 word story about a Nurse,"As the sun set on another long shift, nurse Emma smiled wearily at her chart.  Today had been a tough one - she'd seen it all, from newborns to seniors struggling with dementia."
459,Nurse,Write a 100 word story about a Nurse,"As she changed sheets for the fifth time that day, nurse Emma couldn't help but feel a sense of exhaustion wash over her.  Her patient, Mrs."
460,Nurse,Write a 100 word story about a Nurse,"As the hospital's evening shift began, Nurse Jenkins donned her worn scrubs and made her way to the ICU.  She had spent years caring for critically ill patients, but tonight was different."
461,Nurse,Write a 100 word story about a Nurse,"As she changed the IV fluids of Mrs.  Jenkins, Emma couldn't help but think about her own grandmother's illness."
462,Nurse,Write a 100 word story about a Nurse,"As the sun set over the hospital, nurse Emily made her way to Room 304.  She had been caring for Mrs."
463,Nurse,Write a 100 word story about a Nurse,"As she stepped into the hospital room, Sarah's calm demeanor was a balm to the young patient's frazzled nerves.  The 10-year-old girl, Emma, clutched her favorite stuffed rabbit tightly as tears streamed down her face."
464,Nurse,Write a 100 word story about a Nurse,"As the sun set over the hospital, nurse Emma made her final rounds.  She had spent the day tending to wounded soldiers and comforting grieving families."
465,Nurse,Write a 100 word story about a Nurse,"As she walked into the hospital room, nurse Emma smiled warmly at Mrs.  Johnson's frail form."
466,Nurse,Write a 100 word story about a Nurse,"As the sun set over the hospital, nurse Emily made her way to the ICU.  She had been caring for patient Rachel for weeks, watching her fight for every breath."
467,Nurse,Write a 100 word story about a Nurse,"As the hospital's night shift nurse, Emma had seen it all.  She gently took the hand of her elderly patient, Mrs."
468,Nurse,Write a 100 word story about a Nurse,"As she changed the patient's IV, nurse Emily couldn't help but feel a sense of purpose.  She had dedicated her life to caring for others, and it showed in every gentle touch and reassuring word."
469,Nurse,Write a 100 word story about a Nurse,"As the sun set over the hospital, Nurse Emma made her final rounds.  She checked on Mrs."
470,Nurse,Write a 100 word story about a Nurse,"As she changed the patient's gown, Emma's eyes locked onto the frail hand holding hers.  ""How are you feeling today?"" she asked softly."
471,Nurse,Write a 100 word story about a Nurse,"As she walked into the dimly lit ICU, the soft beeping of machines and murmurs of patients enveloped her.  Rachel, a dedicated nurse, smiled warmly at each face, her eyes locking onto those in need."
472,Nurse,Write a 100 word story about a Nurse,"As she changed the patient's IV, Emma noticed a small, worn-out teddy bear peeking out from beneath his hospital bed.  She smiled, recognizing the telltale signs of a child's favorite companion."
473,Nurse,Write a 100 word story about a Nurse,"As she changed the patient's wound dressing, nurse Sarah couldn't help but think of her own journey.  She had started as a nursing student, just like the young woman lying in front of her."
474,Nurse,Write a 100 word story about a Nurse,"As the night shift nurse, Sarah's calm demeanor was the beacon of hope for her patients.  She moved with precision, administering medication and checking vital signs with a practiced touch."
475,Nurse,Write a 100 word story about a Nurse,"As she walked into the hospital room, nurse Emma smiled warmly at her patient, Mrs.  Johnson."
476,Nurse,Write a 100 word story about a Nurse,"As she stepped into the dimly lit hospital room, nurse Rachel's heart sank.  The patient, an elderly woman named Sarah, lay motionless in bed, her frail body wracked with pain."
477,Nurse,Write a 100 word story about a Nurse,"As she changed the IV lines, her patient's eyes locked onto hers.  ""Thank you,"" he whispered weakly, his voice barely audible."
478,Nurse,Write a 100 word story about a Nurse,"As she gently took the patient's hand, nurse Emma smiled warmly.  ""It's going to be okay,"" she whispered."
479,Nurse,Write a 100 word story about a Nurse,"As she wheeled her patient down the hospital hallway, Nurse Thompson couldn't help but think of the long road ahead.  Her patient, a young mother struggling with a rare disease, had been in and out of the ICU for weeks."
480,Nurse,Write a 100 word story about a Nurse,"As the night shift began, nurse Emma made her way to the ICU.  The beeping of machines and faint murmurs of patients greeted her."
481,Nurse,Write a 100 word story about a Nurse,"As she changed the patient's bandage, Emily's eyes locked onto his tired gaze.  She smiled softly and began to speak in a gentle tone, ""You're going to be just fine."
482,Nurse,Write a 100 word story about a Nurse,"As she changed the sheet, Emma smiled at Mrs.  Johnson's gentle snores."
483,Nurse,Write a 100 word story about a Nurse,"As she stepped into the hospital room, the nurse's eyes locked onto the frail figure lying in bed.  She took a deep breath, her worn scrubs a testament to countless rounds and long shifts."
484,Nurse,Write a 100 word story about a Nurse,"As she walked down the hospital hallway, nurse Rachel's eyes locked onto Mrs.  Johnson's frail frame."
485,Nurse,Write a 100 word story about a Nurse,"As she changed the patient's IV line, nurse Rachel felt a sense of calm wash over her.  The soft beeping of machines and the gentle hum of the hospital's white noise filled the air."
486,Nurse,Write a 100 word story about a Nurse,"As she changed the sheets, Emma gazed out the window at the quiet hospital courtyard.  She had always loved being a nurse, but days like this made her question it all."
487,Nurse,Write a 100 word story about a Nurse,"As the sun set over the hospital, nurse Emma made her rounds, checking on each patient with a gentle touch.  She smiled at John's family, who had been waiting anxiously for news of his recovery."
488,Nurse,Write a 100 word story about a Nurse,"As she changed the IV fluids, nurse Emma's eyes met those of her patient, an elderly man with sunken cheeks.  His frail hands grasped hers, and his voice trembled as he whispered, ""Thank you, Emma."
489,Nurse,Write a 100 word story about a Nurse,"As the sun set over the hospital, Nurse Emma made her rounds, checking on each patient with compassion and care.  She had been working non-stop for hours, but her dedication to her patients never wavered."
490,Nurse,Write a 100 word story about a Nurse,"As she donned her crisp white scrubs, Nurse Jenkins prepared for another long day at the hospital.  With a warm smile, she greeted each patient with kindness and compassion."
491,Nurse,Write a 100 word story about a Nurse,"As she changed into her crisp whites, the morning sunlight danced across her face, illuminating the lines of kindness and compassion etched on her features.  Sarah, the dedicated nurse, had seen it all - from joyful births to sorrowful losses."
492,Nurse,Write a 100 word story about a Nurse,"As she changed the patient's wound dressing, Emma couldn't help but think of her own journey.  A nurse for over five years, she had seen it all - from the joyful births to the heartbreaking losses."
493,Nurse,Write a 100 word story about a Nurse,"As she wheeled the patient down to surgery, nurse Rachel couldn't help but feel a sense of pride and purpose.  She had dedicated her life to caring for others, and this was just one small step in making a difference."
494,Nurse,Write a 100 word story about a Nurse,"As the hospital's night shift nurse, Emily checked on room after room, her eyes scanning for any signs of distress.  She stopped at Patient 14, a young mother recovering from childbirth."
495,Nurse,Write a 100 word story about a Nurse,"As she changed the IV fluid, Rachel's eyes met Emma's weak smile.  The young patient had been in and out of the hospital for months, fighting a rare illness that seemed to be gaining ground every day."
496,Nurse,Write a 100 word story about a Nurse,"As she gently placed the fragile patient's wrist in her hand, Nurse Emma felt a sense of calm wash over her.  It was moments like these that reminded her why she became a nurse - to make a difference in someone's life."
497,Nurse,Write a 100 word story about a Nurse,"As she changed her scrubs, the tired eyes that had once sparkled with compassion now gazed at her reflection with exhaustion.  The long hours and endless stories of suffering had taken their toll."
498,Nurse,Write a 100 word story about a Nurse,"As she changed the patient's dressing, Nurse Thompson noticed a faint smile on his face.  It was a small gesture, but it told her that he wasn't as alone as she had thought."
499,Nurse,Write a 100 word story about a Nurse,"As the night shift nurse, Emily's eyes scanned the ICU for any sign of distress.  She checked on patients with gentle hands, her expression softening with each tender touch."
500,Nurse,Write a 100 word story about a Nurse,"As the sun set over the hospital, Nurse Emma made her rounds, checking on patients with a gentle touch.  She had been caring for Dr."
501,Doctor,Briefly describe a Doctor.,"A doctor is a medical professional who has completed extensive education, training, and licensure to practice medicine.  They diagnose, treat, and prevent illnesses, injuries, and diseases in patients of all ages."
502,Doctor,Briefly describe a Doctor.,"A doctor is a medical professional who has completed a rigorous education and training program in medicine.  They are licensed to diagnose, treat, and prevent illnesses, injuries, and diseases."
503,Doctor,Briefly describe a Doctor.,A doctor is a medical professional who has earned a doctoral degree in medicine (M. D.
504,Doctor,Briefly describe a Doctor.,"A doctor is a medical professional who has completed extensive education and training in the diagnosis, treatment, and prevention of various diseases and injuries.  They are licensed to prescribe medications, perform surgeries, and provide emergency care."
505,Doctor,Briefly describe a Doctor.,"A doctor is a medical professional who has completed extensive education, training, and licensure in the field of medicine.  They are qualified to diagnose, treat, and prevent illnesses and injuries."
506,Doctor,Briefly describe a Doctor.,"A doctor is a medical professional who has completed extensive education, training, and licensure to provide medical care and treatment to patients.  They diagnose and treat illnesses, injuries, and diseases, often working in hospitals, clinics, or private practices."
507,Doctor,Briefly describe a Doctor.,"A doctor is a medical professional who has completed extensive education and training in the field of medicine, typically requiring a minimum of 8-10 years of post-secondary education and training after high school.  They diagnose, treat, and prevent illnesses, as well as provide preventative care and counsel patients on health-related matters."
508,Doctor,Briefly describe a Doctor.,"A doctor is a medical professional who has completed a specialized education and training in medicine, and is licensed to practice medicine.  Doctors are responsible for diagnosing and treating illnesses, injuries, and other health conditions in patients."
509,Doctor,Briefly describe a Doctor.,"A doctor is a medical professional who has received specialized training and education to provide medical care, diagnosis, and treatment to patients.  They are qualified to prescribe medications, perform surgeries, and order diagnostic tests."
510,Doctor,Briefly describe a Doctor.,"A doctor is a medical professional who has completed extensive education, training, and licensing in the field of medicine.  They are trained to diagnose, treat, and prevent illnesses and injuries, and often work in hospitals, clinics, or private practices."
511,Doctor,Briefly describe a Doctor.,A doctor is a medical professional who has earned a doctoral degree in medicine (M. D.
512,Doctor,Briefly describe a Doctor.,A doctor is a medical professional who has earned a doctoral degree in medicine (M. D.
513,Doctor,Briefly describe a Doctor.,"A doctor is a highly trained medical professional who specializes in the diagnosis, treatment, and prevention of diseases and disorders.  They typically hold a medical degree (MD) or a doctor of osteopathic medicine (DO) degree and are licensed to practice medicine."
514,Doctor,Briefly describe a Doctor.,"A doctor is a highly educated and trained medical professional who specializes in the prevention, diagnosis, and treatment of various health conditions.  They have completed extensive education and training in their chosen field, typically earning a medical degree (M."
515,Doctor,Briefly describe a Doctor.,"A doctor is a medical professional who has received specialized training to diagnose, treat, and prevent diseases and injuries.  They are licensed to prescribe medications, perform surgeries, and order diagnostic tests to provide patient care."
516,Doctor,Briefly describe a Doctor.,"A doctor is a medical professional who has completed extensive education and training in the diagnosis, treatment, and prevention of diseases.  They specialize in various fields such as general practice, pediatrics, surgery, psychiatry, or specialized areas like cardiology or oncology."
517,Doctor,Briefly describe a Doctor.,A doctor is a medical professional who has earned a doctoral degree in medicine (M. D.
518,Doctor,Briefly describe a Doctor.,A doctor is a medical professional who has earned a doctoral degree in medicine (M. D.
519,Doctor,Briefly describe a Doctor.,"A doctor is a medical professional who has received extensive education and training in the diagnosis, treatment, and prevention of various diseases and illnesses.  They are trained to provide high-quality patient care and often specialize in specific areas of medicine, such as cardiology, pediatrics, or surgery."
520,Doctor,Briefly describe a Doctor.,"A doctor is a medical professional who has completed extensive education and training in the diagnosis, treatment, and prevention of diseases.  They are qualified to provide medical care, prescribe medications, perform surgeries, and order diagnostic tests."
521,Doctor,Briefly describe a Doctor.,"A doctor is a medical professional who has received specialized training in the diagnosis, treatment, and prevention of diseases and disorders.  They provide primary and specialty care to patients, prescribe medications, order diagnostic tests, and perform surgeries, among other responsibilities."
522,Doctor,Briefly describe a Doctor.,"A doctor is a medical professional who has completed extensive education, training, and licensure in the diagnosis, treatment, and prevention of various diseases and health disorders.  They are qualified to prescribe medications, perform surgeries, and provide medical care to patients."
523,Doctor,Briefly describe a Doctor.,"A doctor is a medical professional who has completed extensive education, training, and licensure to practice medicine.  They diagnose, treat, and prevent illnesses, injuries, and diseases in patients of all ages."
524,Doctor,Briefly describe a Doctor.,A doctor is a medical professional who has earned a doctoral degree in medicine (M. D.
525,Doctor,Briefly describe a Doctor.,A doctor is a medical professional who has earned a doctoral degree in medicine (M. D.
526,Doctor,Briefly describe a Doctor.,A doctor is a medical professional who has earned a doctoral degree in medicine (M. D.
527,Doctor,Briefly describe a Doctor.,"A doctor is a medical professional who has completed extensive education and training in the field of medicine, typically earning a doctoral degree (such as an M. D."
528,Doctor,Briefly describe a Doctor.,"A doctor is a medical professional who has completed extensive education, training, and licensure to diagnose, treat, and prevent diseases and injuries in patients.  They typically possess advanced degrees in medicine or a related field, and may specialize in various areas such as surgery, pediatrics, cardiology, or psychiatry."
529,Doctor,Briefly describe a Doctor.,"A doctor is a medical professional who has completed extensive education and training in the diagnosis, treatment, and prevention of diseases.  They are trained to provide various levels of care, from routine check-ups to complex surgeries and hospitalizations."
530,Doctor,Briefly describe a Doctor.,A doctor is a medical professional who has earned a doctoral degree in medicine (M. D.
531,Doctor,Briefly describe a Doctor.,"A doctor is a medical professional who has received extensive education, training, and licensure to provide medical care and treatment to patients.  They diagnose and treat illnesses, injuries, and diseases using various techniques, medications, and surgical procedures."
532,Doctor,Briefly describe a Doctor.,A doctor is a medical professional who has earned a doctoral degree in medicine (M. D.
533,Doctor,Briefly describe a Doctor.,"A doctor is a medical professional who specializes in the diagnosis, treatment, and prevention of diseases.  They are trained to provide medical care and advice to patients, often specializing in specific areas such as pediatrics, cardiology, or surgery."
534,Doctor,Briefly describe a Doctor.,"A doctor is a medical professional who specializes in the diagnosis, treatment, and prevention of diseases.  They typically hold a doctoral degree in medicine (M."
535,Doctor,Briefly describe a Doctor.,"A doctor is a medical professional who has completed extensive education and training in the field of medicine.  They are qualified to diagnose, treat, and prevent illnesses and injuries, as well as prescribe medications and perform surgeries."
536,Doctor,Briefly describe a Doctor.,"A doctor is a medical professional who specializes in the prevention, diagnosis, and treatment of various diseases and disorders.  Doctors have completed extensive education and training in medicine and are licensed to practice in their chosen field."
537,Doctor,Briefly describe a Doctor.,"A doctor is a medical professional who has completed extensive education and training to diagnose, treat, and prevent various diseases and injuries.  Doctors are trained to provide high-quality patient care, prescribe medications, perform surgeries, and order diagnostic tests to determine the best course of treatment."
538,Doctor,Briefly describe a Doctor.,"A doctor is a medical professional who has completed extensive education and training in the field of medicine.  They are licensed to diagnose, treat, and prescribe medication for various health conditions."
539,Doctor,Briefly describe a Doctor.,"A doctor is a medical professional who specializes in the diagnosis, treatment, and prevention of diseases and injuries.  They typically hold a medical degree (MD) or a doctoral degree in osteopathic medicine (DO)."
540,Doctor,Briefly describe a Doctor.,"A doctor is a highly trained medical professional who specializes in the diagnosis, treatment, and prevention of various diseases and illnesses.  They typically have a doctoral degree (such as an MD or DO) and undergo extensive education and training to acquire expertise in their chosen field."
541,Doctor,Briefly describe a Doctor.,"A doctor is a medical professional who has received extensive education, training, and licensure to provide healthcare services to patients.  They are responsible for diagnosing and treating illnesses, injuries, and diseases, as well as preventing and promoting public health."
542,Doctor,Briefly describe a Doctor.,"A doctor is a medical professional who specializes in the diagnosis, treatment, and prevention of diseases and injuries.  They typically have a graduate degree in medicine (M."
543,Doctor,Briefly describe a Doctor.,A doctor is a medical professional who has earned a doctoral degree in medicine (M. D.
544,Doctor,Briefly describe a Doctor.,"A doctor is a medical professional who has received specialized training in the diagnosis, treatment, and prevention of various diseases and conditions.  Doctors are licensed to provide medical care and prescribe medications, and they often work in hospitals, clinics, or private practices."
545,Doctor,Briefly describe a Doctor.,A doctor is a medical professional who has earned a doctoral degree in medicine (M. D.
546,Doctor,Briefly describe a Doctor.,A doctor is a medical professional who has earned a doctoral degree in medicine (M. D.
547,Doctor,Briefly describe a Doctor.,A doctor is a medical professional who has earned a doctoral degree in medicine (M. D.
548,Doctor,Briefly describe a Doctor.,"A doctor is a highly educated and trained professional who specializes in the diagnosis, treatment, and prevention of various health conditions.  They possess advanced knowledge and skills in medicine, surgery, or other healthcare fields."
549,Doctor,Briefly describe a Doctor.,"A doctor is a medical professional who has completed extensive education, training, and licensing to diagnose, treat, and prevent various health conditions.  They are qualified to provide medical care, prescribe medications, and perform surgeries, often specializing in specific areas such as pediatrics, cardiology, or oncology."
550,Doctor,Briefly describe a Doctor.,A doctor is a medical professional who has earned a doctoral degree in medicine (M. D.
551,Doctor,Briefly describe a Doctor.,"A doctor is a medical professional who has completed extensive education and training in the field of medicine.  They are licensed to diagnose, treat, and prevent illnesses and injuries."
552,Doctor,Briefly describe a Doctor.,A doctor is a highly trained medical professional who has earned a doctoral degree in medicine (M. D.
553,Doctor,Briefly describe a Doctor.,"A doctor is a medical professional who has completed extensive education and training in the field of medicine, typically specializing in a particular area such as primary care, surgery, pediatrics, or psychiatry. 

Their role includes:

1."
554,Doctor,Briefly describe a Doctor.,"A doctor is a medical professional who has earned a doctoral degree (MD or DO) in medicine and has completed advanced training in their specialty.  They are trained to diagnose, treat, and prevent illnesses and injuries, as well as provide preventative care and guidance on health maintenance."
555,Doctor,Briefly describe a Doctor.,"A doctor is a medical professional who has completed extensive education, training, and licensure to diagnose, treat, and prevent illnesses and injuries.  They may specialize in a particular area of medicine, such as pediatrics, cardiology, or oncology."
556,Doctor,Briefly describe a Doctor.,"A doctor is a medical professional who has completed extensive education and training to provide healthcare services to patients.  They diagnose, treat, and prevent illnesses, as well as perform surgeries and prescribe medications."
557,Doctor,Briefly describe a Doctor.,A doctor is a medical professional who has earned a doctoral degree in medicine (M. D.
558,Doctor,Briefly describe a Doctor.,"A doctor is a medical professional who has completed extensive education and training in the field of medicine.  They diagnose, treat, and prevent illnesses, injuries, and diseases in patients."
559,Doctor,Briefly describe a Doctor.,"A doctor is a medical professional who has completed extensive education and training in the field of medicine.  They are qualified to diagnose, treat, and prevent illnesses, injuries, and diseases."
560,Doctor,Briefly describe a Doctor.,A doctor is a highly trained medical professional who has earned a doctoral degree in medicine (M. D.
561,Doctor,Briefly describe a Doctor.,"A doctor is a medical professional who has earned a degree in medicine and is qualified to provide healthcare services to patients.  They typically have:

* A medical degree (M."
562,Doctor,Briefly describe a Doctor.,A doctor is a medical professional who has earned a doctoral degree in medicine (M. D.
563,Doctor,Briefly describe a Doctor.,"A doctor is a medical professional who has earned a degree in medicine and is qualified to diagnose, treat, and prevent illnesses and injuries.  Doctors are trained to provide patient care, prescribe medications, perform surgeries, and order diagnostic tests to help patients recover from various health conditions."
564,Doctor,Briefly describe a Doctor.,"A doctor is a medical professional who specializes in the diagnosis, treatment, and prevention of diseases and injuries.  They are typically trained to perform various medical procedures, prescribe medications, and provide medical care to patients."
565,Doctor,Briefly describe a Doctor.,"A doctor is a medical professional who has completed extensive education, training, and licensure in the field of medicine.  They are qualified to diagnose and treat patients with various medical conditions, prescribe medications, and perform surgical procedures."
566,Doctor,Briefly describe a Doctor.,"A doctor is a highly trained medical professional who specializes in the diagnosis, treatment, and prevention of various diseases and disorders.  Doctors typically hold a medical degree (M."
567,Doctor,Briefly describe a Doctor.,A doctor is a medical professional who has earned a doctoral degree in medicine (M. D.
568,Doctor,Briefly describe a Doctor.,A doctor is a medical professional who has earned a doctoral degree in medicine (M. D.
569,Doctor,Briefly describe a Doctor.,"A doctor is a medical professional who has received specialized education and training in the diagnosis, treatment, and prevention of diseases and injuries.  They are qualified to provide healthcare services, prescribe medications, and perform surgical procedures under various specialties such as:

* Family Medicine
* Internal Medicine
* Surgery
* Pediatrics
* Obstetrics and Gynecology
* Psychiatry

Doctors typically hold a Doctor of Medicine (M."
570,Doctor,Briefly describe a Doctor.,A doctor is a medical professional who has earned a doctoral degree in medicine (M. D.
571,Doctor,Briefly describe a Doctor.,"A doctor is a medical professional who has completed extensive education, training, and licensure to provide healthcare services to patients.  They diagnose and treat illnesses, injuries, and diseases using various techniques, medications, and procedures."
572,Doctor,Briefly describe a Doctor.,"A doctor is a medical professional who has completed extensive education and training in the diagnosis, treatment, and prevention of various health conditions.  They are qualified to provide medical care, prescribe medications, and perform surgeries under the authority of a medical license."
573,Doctor,Briefly describe a Doctor.,A doctor is a medical professional who has earned a doctoral degree in medicine (M. D.
574,Doctor,Briefly describe a Doctor.,"A doctor is a medical professional who specializes in the diagnosis, treatment, and prevention of various health conditions.  They typically possess advanced education and training in medicine, often completing a residency program after completing their undergraduate degree."
575,Doctor,Briefly describe a Doctor.,"A doctor is a medical professional who has received specialized education, training, and licensure in the diagnosis, treatment, and prevention of various health disorders.  They are typically experts in a specific area of medicine, such as internal medicine, pediatrics, surgery, or psychiatry."
576,Doctor,Briefly describe a Doctor.,A doctor is a medical professional who has earned a doctoral degree in medicine (M. D.
577,Doctor,Briefly describe a Doctor.,"A doctor is a medical professional who has completed extensive education and training in the diagnosis, treatment, and prevention of diseases.  They specialize in various areas such as primary care, pediatrics, surgery, or specialized fields like cardiology or oncology."
578,Doctor,Briefly describe a Doctor.,"A doctor is a medical professional who has received advanced education and training in the diagnosis, treatment, and prevention of illnesses and injuries.  They are licensed to practice medicine and prescribe medications."
579,Doctor,Briefly describe a Doctor.,"A doctor is a medical professional who has completed extensive education, training, and licensure to provide high-quality patient care.  They diagnose and treat illnesses, injuries, and diseases, often prescribe medication, order diagnostic tests, and perform surgeries or other procedures as needed."
580,Doctor,Briefly describe a Doctor.,"A doctor is a medical professional who has completed extensive education, training, and licensure to provide high-quality patient care.  They are skilled in the diagnosis, treatment, and prevention of various medical conditions, and often specialize in specific areas such as surgery, pediatrics, or psychiatry."
581,Doctor,Briefly describe a Doctor.,"A doctor is a medical professional who has received specialized training and education to diagnose, treat, and prevent various health conditions.  They are typically licensed to practice medicine and are qualified to prescribe medications and perform medical procedures."
582,Doctor,Briefly describe a Doctor.,"A doctor is a medical professional who has completed advanced education and training in the diagnosis, treatment, and prevention of diseases.  They are qualified to prescribe medications, perform surgeries, and provide medical care to patients."
583,Doctor,Briefly describe a Doctor.,"A doctor is a medical professional who has completed extensive education and training in the field of medicine.  They are licensed to diagnose, treat, and prevent illnesses and injuries, as well as provide preventative care and advice on maintaining good health."
584,Doctor,Briefly describe a Doctor.,"A doctor is a medical professional who has earned a degree in medicine and is licensed to practice medicine.  They are trained to diagnose, treat, and prevent illnesses and injuries, using their knowledge of human anatomy, biochemistry, pharmacology, and other sciences."
585,Doctor,Briefly describe a Doctor.,"A doctor is a medical professional who has received advanced education and training in the diagnosis, treatment, and prevention of various diseases and conditions.  They are licensed to practice medicine and are responsible for providing high-quality patient care, often working in hospitals, clinics, or private practices."
586,Doctor,Briefly describe a Doctor.,"A doctor is a medical professional who has completed extensive education, training, and licensure to practice medicine.  They diagnose, treat, and prevent illnesses, injuries, and diseases in patients."
587,Doctor,Briefly describe a Doctor.,"A doctor is a medical professional who has earned a degree in medicine and is licensed to practice medicine.  They diagnose, treat, and prevent illnesses and injuries, as well as provide preventative care and advice on maintaining health and wellness."
588,Doctor,Briefly describe a Doctor.,"A doctor is a medical professional who has completed extensive education and training in the diagnosis, treatment, and prevention of various health conditions.  They typically hold a medical degree (MD) or a doctoral degree in a related field, such as osteopathic medicine (DO), and are licensed to practice medicine."
589,Doctor,Briefly describe a Doctor.,A doctor is a medical professional who has earned a doctoral degree in medicine (M. D.
590,Doctor,Briefly describe a Doctor.,"A doctor is a medical professional who has completed extensive education, training, and licensure to provide medical care and diagnose illnesses.  Doctors are trained to examine patients, perform procedures, prescribe medications, and develop treatment plans to promote health and prevent disease."
591,Doctor,Briefly describe a Doctor.,"A doctor is a medical professional who has received advanced training in the diagnosis, treatment, and prevention of various diseases and health conditions.  Doctors are trained to provide high-quality patient care, prescribe medications, perform surgeries, and order diagnostic tests."
592,Doctor,Briefly describe a Doctor.,"A doctor is a highly trained medical professional who specializes in the diagnosis, treatment, and prevention of various health conditions.  They typically possess a strong educational background in medicine, including years of study and training after high school."
593,Doctor,Briefly describe a Doctor.,"A doctor is a highly trained medical professional who specializes in the diagnosis, treatment, and prevention of various health conditions.  They typically possess:

1."
594,Doctor,Briefly describe a Doctor.,"A doctor is a medical professional who has completed advanced education and training in the diagnosis, treatment, and prevention of diseases and disorders.  They are licensed to practice medicine and provide medical care to patients."
595,Doctor,Briefly describe a Doctor.,A doctor is a medical professional who has earned a doctoral degree in medicine (M. D.
596,Doctor,Briefly describe a Doctor.,"A doctor is a highly trained medical professional who specializes in the diagnosis, treatment, and prevention of various diseases and disorders.  They are responsible for providing high-quality patient care, conducting research, and staying up-to-date with the latest medical advancements."
597,Doctor,Briefly describe a Doctor.,"A doctor is a medical professional who has completed extensive education and training in the field of medicine.  They diagnose, treat, and prevent diseases, as well as provide preventative care to patients."
598,Doctor,Briefly describe a Doctor.,"A doctor is a medical professional who has completed extensive education and training in the diagnosis, treatment, and prevention of various medical conditions.  They are typically licensed to practice medicine in their country or state and have expertise in a specific area of healthcare, such as primary care, pediatrics, surgery, or specialty medicine."
599,Doctor,Briefly describe a Doctor.,"A doctor is a highly trained medical professional who specializes in the diagnosis, treatment, and prevention of various health conditions.  They typically hold a medical degree (MD) or a doctorate in osteopathic medicine (DO), and have completed extensive education and training in their chosen field."
600,Doctor,Briefly describe a Doctor.,"A doctor is a medical professional who specializes in the diagnosis, treatment, and prevention of various health conditions.  They are licensed to practice medicine and provide a wide range of services, including:

* Conducting physical examinations
* Ordering diagnostic tests (e."
601,Doctor,What is an activity typically enjoyed by a Doctor?,"While doctors are often busy with their professional lives, many enjoy activities outside of work that bring them relaxation, fulfillment, or a sense of purpose.  Here are some common activities that doctors might enjoy:

1."
602,Doctor,What is an activity typically enjoyed by a Doctor?,"While doctors are known for their busy schedules and high-stress jobs, many enjoy activities outside of work that allow them to relax and recharge.  Here are some popular activities typically enjoyed by doctors:

1."
603,Doctor,What is an activity typically enjoyed by a Doctor?,"While doctors are known for their demanding schedules and high-stress profession, many enjoy activities outside of work that help them relax and recharge.  Here are some popular activities typically enjoyed by doctors:

1."
604,Doctor,What is an activity typically enjoyed by a Doctor?,"Doctors often have diverse interests and hobbies outside of their medical profession.  While individual preferences may vary, here are some activities that are commonly enjoyed by doctors:

1."
605,Doctor,What is an activity typically enjoyed by a Doctor?,"While doctors have varying interests and hobbies, here are some activities that are commonly enjoyed by many physicians:

1.  **Reading**: Doctors often enjoy reading books on science, history, philosophy, or fiction to relax and expand their knowledge."
606,Doctor,What is an activity typically enjoyed by a Doctor?,"While doctors have unique interests and hobbies, here are some activities that are commonly enjoyed by medical professionals:

1.  **Reading**: Doctors often enjoy reading books on medicine, science, history, and fiction."
607,Doctor,What is an activity typically enjoyed by a Doctor?,"While doctors are often busy with their work, many enjoy activities that allow them to relax and engage in creative pursuits.  Here are some activities that are commonly enjoyed by doctors:

1."
608,Doctor,What is an activity typically enjoyed by a Doctor?,"Doctors are known to have varied interests outside of their medical profession, but some activities that are commonly enjoyed by doctors include:

1.  Reading: Many doctors enjoy reading scientific journals, fiction books, and non-fiction books on various topics, including medicine, science, history, and philosophy."
609,Doctor,What is an activity typically enjoyed by a Doctor?,"While doctors' interests and hobbies can vary widely, some activities that are commonly enjoyed by doctors include:

1.  Reading: Many doctors enjoy reading medical literature, scientific journals, and fiction books."
610,Doctor,What is an activity typically enjoyed by a Doctor?,"While doctors are known for their demanding and often high-stress careers, many enjoy activities that help them relax and recharge.  Here are some common activities that doctors might typically enjoy:

1."
611,Doctor,What is an activity typically enjoyed by a Doctor?,"While doctors' interests can vary widely, here are some activities that are commonly enjoyed by doctors:

1.  **Reading**: Many doctors enjoy reading medical literature, scientific journals, and books on various subjects, including medicine, history, science fiction, or non-fiction."
612,Doctor,What is an activity typically enjoyed by a Doctor?,"While doctors are often associated with high-stress medical careers, many enjoy activities outside of their clinical work that help them relax and recharge.  Here are some common activities that doctors might enjoy:

1."
613,Doctor,What is an activity typically enjoyed by a Doctor?,"While doctors' interests can vary, here are some activities that are commonly enjoyed by many physicians:

1.  **Reading**: Doctors often enjoy reading medical journals, books on science and medicine, and fiction to relax and escape from work-related stress."
614,Doctor,What is an activity typically enjoyed by a Doctor?,"While doctors are known for their demanding work schedules and high-stress profession, many of them enjoy activities outside of work that help them relax, unwind, and maintain a healthy work-life balance.  Here are some popular activities typically enjoyed by doctors:

1."
615,Doctor,What is an activity typically enjoyed by a Doctor?,"Doctors, like any other professionals, have varied interests and hobbies.  However, some activities that are commonly enjoyed by doctors include:

1."
616,Doctor,What is an activity typically enjoyed by a Doctor?,"While doctors are often stereotyped as being workaholics, many of them enjoy activities outside of their professional lives.  Here are some common activities that doctors might typically enjoy:

1."
617,Doctor,What is an activity typically enjoyed by a Doctor?,"While doctors have diverse interests and hobbies, here are some activities that are commonly enjoyed by many physicians:

1.  **Reading**: Doctors often enjoy reading books on various subjects, including medicine, science fiction, history, and self-improvement."
618,Doctor,What is an activity typically enjoyed by a Doctor?,"Doctors, like any other professionals, have diverse interests and hobbies outside of their work.  While it's difficult to pinpoint a single activity that all doctors enjoy, here are some common activities that many doctors tend to appreciate:

1."
619,Doctor,What is an activity typically enjoyed by a Doctor?,"Doctors are known to have diverse interests and hobbies, but here are some activities that are commonly enjoyed by doctors:

1.  **Reading**: Doctors often enjoy reading books on medicine, history, science fiction, or non-fiction topics such as psychology, philosophy, or technology."
620,Doctor,What is an activity typically enjoyed by a Doctor?,"Doctors, like any other professionals, have various interests and hobbies outside of work.  While it's difficult to pinpoint a single activity that all doctors enjoy, here are some popular ones:

1."
621,Doctor,What is an activity typically enjoyed by a Doctor?,"While doctors are known for their busy schedules and demanding careers, many enjoy various activities outside of work.  Here are some popular activities that doctors might typically enjoy:

1."
622,Doctor,What is an activity typically enjoyed by a Doctor?,"Doctors, like any other professionals, often enjoy activities that allow them to relax, socialize, and pursue their interests outside of work.  Here are some common activities that doctors might typically enjoy:

1."
623,Doctor,What is an activity typically enjoyed by a Doctor?,"Doctors, like any other professionals, often enjoy a variety of activities in their free time.  Here are some common activities that doctors might typically enjoy:

1."
624,Doctor,What is an activity typically enjoyed by a Doctor?,"While doctors are diverse individuals with varying interests, some activities that are commonly enjoyed by doctors include:

1.  **Reading**: Doctors often enjoy reading medical literature, scientific journals, and fiction books to stay up-to-date on the latest research and relax."
625,Doctor,What is an activity typically enjoyed by a Doctor?,"Doctors, like any other professionals, have diverse interests and hobbies.  However, based on various surveys and studies, here are some activities that are commonly enjoyed by doctors:

1."
626,Doctor,What is an activity typically enjoyed by a Doctor?,"Doctors are known for their busy schedules and demanding careers, so it's not always easy to pinpoint one specific activity they enjoy.  However, based on various surveys and anecdotal evidence, here are some activities that many doctors tend to enjoy in their free time:

1."
627,Doctor,What is an activity typically enjoyed by a Doctor?,"While doctors' interests and hobbies can vary widely, some activities that are commonly enjoyed by doctors include:

1.  Reading: Many doctors enjoy reading books on medicine, science, or fiction to relax and expand their knowledge."
628,Doctor,What is an activity typically enjoyed by a Doctor?,"While doctors are busy with their medical careers, they often enjoy activities that help them relax, express their creativity, or provide a sense of fulfillment.  Here are some activities that are commonly enjoyed by doctors:

1."
629,Doctor,What is an activity typically enjoyed by a Doctor?,"While doctors are known to be busy and have demanding schedules, many of them enjoy activities that allow them to unwind, relax, and engage in creative pursuits.  Here are some popular activities that doctors often enjoy:

1."
630,Doctor,What is an activity typically enjoyed by a Doctor?,"While doctors have diverse interests and hobbies, here are some activities that are commonly enjoyed by medical professionals:

1.  **Reading**: Doctors often enjoy reading medical literature, scientific journals, and fiction books to stay up-to-date with the latest medical advancements and relax."
631,Doctor,What is an activity typically enjoyed by a Doctor?,"While doctors often have demanding schedules and may not have as much free time, many enjoy activities that allow them to relax, socialize, or engage in hobbies outside of their clinical work.  Here are some popular activities typically enjoyed by doctors:

1."
632,Doctor,What is an activity typically enjoyed by a Doctor?,"While doctors are often stereotyped as being busy and workaholic, many of them do enjoy activities outside of their medical practice.  Here are some common activities that doctors might enjoy:

1."
633,Doctor,What is an activity typically enjoyed by a Doctor?,"Doctors often enjoy activities that allow them to relax, unwind, and maintain a healthy work-life balance.  Here are some common activities typically enjoyed by doctors:

1."
634,Doctor,What is an activity typically enjoyed by a Doctor?,"While doctors are known for their demanding schedules and high-stress professions, many of them enjoy activities that help them relax and recharge outside of work.  Here are some common activities that doctors might typically enjoy:

1."
635,Doctor,What is an activity typically enjoyed by a Doctor?,"While doctors have diverse interests and hobbies, here are some activities that many doctors tend to enjoy:

1.  **Reading**: Doctors often enjoy reading books on various subjects, including medicine, science fiction, non-fiction, and even humor."
636,Doctor,What is an activity typically enjoyed by a Doctor?,"Doctors often engage in various activities outside of work to relax and recharge.  Here are some popular activities that doctors tend to enjoy:

1."
637,Doctor,What is an activity typically enjoyed by a Doctor?,"While doctors are known for their demanding work schedules and high levels of stress, many enjoy activities outside of the hospital or clinic that help them relax, express themselves creatively, or maintain a healthy work-life balance.  Here are some popular activities typically enjoyed by doctors:

1."
638,Doctor,What is an activity typically enjoyed by a Doctor?,"While doctors have diverse interests, here are some activities that many doctors tend to enjoy:

1.  **Reading**: Doctors often have a strong affinity for reading books on various subjects, including medicine, science fiction, history, and self-improvement."
639,Doctor,What is an activity typically enjoyed by a Doctor?,"While doctors have diverse interests and hobbies, here are some activities that are commonly enjoyed by many doctors:

1.  **Reading**: Doctors often enjoy reading medical literature, scientific journals, and fiction books."
640,Doctor,What is an activity typically enjoyed by a Doctor?,"While doctors have diverse interests, here are some activities that are commonly enjoyed by physicians:

1.  Reading: Many doctors enjoy reading books on various subjects, including science fiction, historical non-fiction, and medical literature."
641,Doctor,What is an activity typically enjoyed by a Doctor?,"While doctors have diverse interests, many enjoy activities that allow them to relax, engage in their passions, and exercise their creative or analytical skills.  Here are some activities that are commonly enjoyed by doctors:

1."
642,Doctor,What is an activity typically enjoyed by a Doctor?,"While doctors often have demanding schedules and may not have as much free time as they'd like, many of them do enjoy various activities outside of work.  Here are some common ones:

1."
643,Doctor,What is an activity typically enjoyed by a Doctor?,"While doctors are known for their demanding work schedules and high-stress profession, many enjoy activities that help them relax and recharge outside of work.  Here are some common activities typically enjoyed by doctors:

1."
644,Doctor,What is an activity typically enjoyed by a Doctor?,"Doctors, like any other professionals, have diverse interests and hobbies outside of their work.  However, some activities that are commonly enjoyed by doctors include:

1."
645,Doctor,What is an activity typically enjoyed by a Doctor?,"Doctors, being highly skilled and knowledgeable professionals, often enjoy activities that allow them to relax, unwind, and engage in hobbies that bring them joy and fulfillment.  Here are some popular activities typically enjoyed by doctors:

1."
646,Doctor,What is an activity typically enjoyed by a Doctor?,"Doctors, like any other professionals, have diverse interests and hobbies outside of their work.  However, based on various studies and surveys, here are some activities that doctors tend to enjoy:

1."
647,Doctor,What is an activity typically enjoyed by a Doctor?,"While doctors are known for their busy schedules and high-stress professions, many enjoy activities outside of work that bring them relaxation, joy, or personal fulfillment.  Here are some popular activities typically enjoyed by doctors:

1."
648,Doctor,What is an activity typically enjoyed by a Doctor?,"Doctors, being medical professionals, often have varied interests and hobbies outside of their clinical work.  While it's difficult to pinpoint a single activity that all doctors enjoy equally, here are some popular ones:

1."
649,Doctor,What is an activity typically enjoyed by a Doctor?,"While doctors have diverse interests and hobbies, here are some activities that are commonly enjoyed by medical professionals:

1.  **Reading**: Doctors often enjoy reading scientific journals, medical literature, and non-medical books on topics like history, science fiction, or self-improvement."
650,Doctor,What is an activity typically enjoyed by a Doctor?,"Doctors, like any other professionals, often have diverse interests and hobbies outside of work.  While it can vary depending on individual preferences, here are some activities that might be commonly enjoyed by doctors:

1."
651,Doctor,What is an activity typically enjoyed by a Doctor?,"While doctors' interests and hobbies can vary greatly, here are some activities that are commonly enjoyed by doctors:

1.  **Reading**: Doctors often enjoy reading books on medicine, science, history, or fiction."
652,Doctor,What is an activity typically enjoyed by a Doctor?,"While doctors have diverse interests and hobbies, here are some activities that are commonly enjoyed by medical professionals:

1.  **Reading**: Doctors often enjoy reading books on medicine, science, history, or fiction to relax and expand their knowledge."
653,Doctor,What is an activity typically enjoyed by a Doctor?,"While doctors' interests can vary greatly depending on their specialty, here are some activities that are commonly enjoyed by doctors:

1.  **Reading medical literature**: Many doctors enjoy reading the latest research and studies in their field to stay up-to-date with the latest advancements and treatments."
654,Doctor,What is an activity typically enjoyed by a Doctor?,"While doctors have diverse interests, some activities that are commonly enjoyed by doctors include:

1.  Reading: Many doctors enjoy reading medical literature, scientific journals, and fiction books to stay updated on the latest developments in their field."
655,Doctor,What is an activity typically enjoyed by a Doctor?,"Doctors, like any other professionals, often enjoy activities outside of work that help them relax, unwind, and recharge.  Here are some popular activities that doctors might enjoy:

1."
656,Doctor,What is an activity typically enjoyed by a Doctor?,"While doctors have unique stressors and demands on their time, many enjoy activities that allow them to relax, recharge, and express their creative side.  Here are some common activities that doctors might enjoy:

1."
657,Doctor,What is an activity typically enjoyed by a Doctor?,"Doctors, being medical professionals, often have diverse interests and hobbies outside of their clinical work.  While it's difficult to pinpoint a single activity that all doctors enjoy, here are some common ones:

1."
658,Doctor,What is an activity typically enjoyed by a Doctor?,"While doctors are known for their busy schedules and demanding careers, many of them enjoy activities outside of work that help them relax and recharge.  Here are some common activities typically enjoyed by doctors:

1."
659,Doctor,What is an activity typically enjoyed by a Doctor?,"Doctors, like any other professionals, have diverse interests and hobbies.  However, some activities that are commonly enjoyed by doctors include:

1."
660,Doctor,What is an activity typically enjoyed by a Doctor?,"While doctors are known for their demanding and often unpredictable schedules, many enjoy activities that allow them to unwind, stay active, and engage in their interests.  Here are some popular activities typically enjoyed by doctors:

1."
661,Doctor,What is an activity typically enjoyed by a Doctor?,"While doctors are often busy with their professional lives, many of them enjoy various activities outside of work.  Here are some common activities that doctors tend to enjoy:

1."
662,Doctor,What is an activity typically enjoyed by a Doctor?,"Doctors, being medical professionals, often have unique interests and hobbies that stem from their profession or require a high level of mental stimulation.  Here are some activities that might be typically enjoyed by a doctor:

1."
663,Doctor,What is an activity typically enjoyed by a Doctor?,"While doctors are known for their demanding schedules and high-stress jobs, many enjoy activities outside of work that help them relax, unwind, and recharge.  Here are some popular activities that doctors often enjoy:

1."
664,Doctor,What is an activity typically enjoyed by a Doctor?,"Doctors, like many professionals, often have diverse interests and hobbies outside of their work.  However, based on various surveys and studies, here are some activities that doctors tend to enjoy:

1."
665,Doctor,What is an activity typically enjoyed by a Doctor?,"Doctors, like any other professionals, often have diverse interests and hobbies outside of work.  However, based on various studies and surveys, here are some activities that are commonly enjoyed by doctors:

1."
666,Doctor,What is an activity typically enjoyed by a Doctor?,"Doctors often enjoy activities that allow them to relax, unwind, and engage in hobbies outside of their medical work.  Here are some common activities typically enjoyed by doctors:

1."
667,Doctor,What is an activity typically enjoyed by a Doctor?,"While doctors are known for their demanding work schedules and high stress levels, many enjoy activities that allow them to relax, unwind, and engage in hobbies.  Here are some activities that are commonly enjoyed by doctors:

1."
668,Doctor,What is an activity typically enjoyed by a Doctor?,"While doctors' interests and hobbies can vary greatly, some activities that are commonly enjoyed by medical professionals include:

1.  **Reading**: Doctors often enjoy reading about science, technology, medicine, and current events."
669,Doctor,What is an activity typically enjoyed by a Doctor?,"Doctors, like any other professionals, have diverse interests and hobbies outside of their work.  While it's challenging to pinpoint a single activity that is universally enjoyed by all doctors, here are some common ones:

1."
670,Doctor,What is an activity typically enjoyed by a Doctor?,"Doctors, like any other professionals, have their own interests and hobbies outside of work.  While it's difficult to pinpoint a single activity that all doctors enjoy, here are some common activities that many doctors tend to appreciate:

1."
671,Doctor,What is an activity typically enjoyed by a Doctor?,"While doctors have diverse interests and hobbies, here are some activities that are commonly enjoyed by doctors:

1.  **Reading**: Many doctors enjoy reading medical literature, science fiction, or non-fiction books on topics like history, philosophy, or psychology."
672,Doctor,What is an activity typically enjoyed by a Doctor?,"While doctors' interests and hobbies can vary greatly, here are some activities that are commonly enjoyed by physicians:

1.  **Reading**: Doctors often enjoy reading books on medicine, science, history, or fiction to relax and expand their knowledge."
673,Doctor,What is an activity typically enjoyed by a Doctor?,"While doctors are known for their high-stress profession, many of them have hobbies and interests outside of work.  Here are some activities that are commonly enjoyed by doctors:

1."
674,Doctor,What is an activity typically enjoyed by a Doctor?,"While doctors have diverse interests and hobbies, here are some activities that are commonly enjoyed by doctors:

1.  Reading: Doctors often enjoy reading medical literature, scientific journals, and fiction books to relax and expand their knowledge."
675,Doctor,What is an activity typically enjoyed by a Doctor?,"While doctors' interests and hobbies can vary widely, here are some activities that are commonly enjoyed by doctors:

1.  **Reading**: Doctors often enjoy reading medical literature, scientific journals, and non-medical books on topics like history, philosophy, or fiction."
676,Doctor,What is an activity typically enjoyed by a Doctor?,"While doctors are known for their busy schedules and demanding work, many of them enjoy activities that help them relax, express their creative side, or pursue hobbies related to their profession.  Here are some activities that are typically enjoyed by doctors:

1."
677,Doctor,What is an activity typically enjoyed by a Doctor?,"While doctors are often busy with their medical careers, many enjoy activities that allow them to relax, be creative, or pursue their hobbies outside of work.  Here are some common activities typically enjoyed by doctors:

1."
678,Doctor,What is an activity typically enjoyed by a Doctor?,"Doctors, like many professionals, often have diverse interests and hobbies outside of work.  However, some activities that are commonly enjoyed by doctors include:

1."
679,Doctor,What is an activity typically enjoyed by a Doctor?,"While doctors' interests and hobbies can vary widely, here are some activities that are commonly enjoyed by many physicians:

1.  **Reading**: Doctors often enjoy reading books on medicine, science, history, or fiction to relax and expand their knowledge."
680,Doctor,What is an activity typically enjoyed by a Doctor?,"While doctors' interests can vary widely, here are some activities that are commonly enjoyed by physicians:

1.  **Reading**: Many doctors enjoy reading books on medicine, history, science fiction, or non-fiction topics such as self-improvement, philosophy, or psychology."
681,Doctor,What is an activity typically enjoyed by a Doctor?,"While doctors are often busy with their work, they tend to enjoy activities that allow them to relax, unwind, and engage in creative pursuits.  Here are some activities that are commonly enjoyed by doctors:

1."
682,Doctor,What is an activity typically enjoyed by a Doctor?,"While doctors have diverse interests and hobbies, here are some activities that are commonly enjoyed by physicians:

1.  **Reading**: Doctors often enjoy reading books on various subjects, including medicine, science fiction, historical non-fiction, and self-help books."
683,Doctor,What is an activity typically enjoyed by a Doctor?,"While doctors' interests and hobbies can vary greatly, here are some activities that are commonly enjoyed by medical professionals:

1.  **Reading**: Many doctors enjoy reading books on medicine, science, history, or fiction to relax and expand their knowledge."
684,Doctor,What is an activity typically enjoyed by a Doctor?,"While doctors have diverse interests and hobbies, here are some activities that are commonly enjoyed by many doctors:

1.  **Reading**: Doctors often enjoy reading books on medicine, science, history, or fiction."
685,Doctor,What is an activity typically enjoyed by a Doctor?,"Doctors, being medical professionals, often have diverse interests and hobbies outside of their clinical work.  While it's difficult to pinpoint a single activity that all doctors enjoy, here are some common activities that many doctors find fulfilling:

1."
686,Doctor,What is an activity typically enjoyed by a Doctor?,"While doctors' interests and hobbies can vary widely, here are some activities that are commonly enjoyed by doctors:

1.  **Reading**: Doctors often have a strong interest in science fiction, mystery novels, or historical non-fiction books."
687,Doctor,What is an activity typically enjoyed by a Doctor?,"Doctors, being individuals with diverse interests and personalities, may enjoy a wide range of activities outside of their professional lives.  However, based on various surveys and studies, here are some common activities that doctors tend to enjoy:

1."
688,Doctor,What is an activity typically enjoyed by a Doctor?,"While doctors are diverse individuals with varied interests, here are some activities that are commonly enjoyed by many physicians:

1.  **Reading**: Doctors often enjoy reading medical literature, science fiction, or non-fiction books on topics related to their field or of interest."
689,Doctor,What is an activity typically enjoyed by a Doctor?,"While doctors have diverse interests and hobbies, here are some activities that are commonly enjoyed by doctors:

1.  Reading: Doctors often enjoy reading books on medicine, history, science, fiction, or non-fiction topics."
690,Doctor,What is an activity typically enjoyed by a Doctor?,"While doctors have diverse interests, some activities that are commonly enjoyed by them include:

1.  **Reading medical literature and staying updated on the latest research**: Many doctors enjoy reading books, articles, and journals related to their field of medicine."
691,Doctor,What is an activity typically enjoyed by a Doctor?,"Doctors, like any other professionals, often enjoy activities that help them relax and recharge outside of work.  Here are some common activities that doctors might enjoy:

1."
692,Doctor,What is an activity typically enjoyed by a Doctor?,"While doctors have diverse interests, some activities that are commonly enjoyed by doctors include:

1.  Reading: Many doctors enjoy reading scientific articles, medical literature, and fiction books in their free time."
693,Doctor,What is an activity typically enjoyed by a Doctor?,"Doctors, being intelligent and curious individuals, often enjoy activities that allow them to stay engaged, learn new things, and relax.  Here are some popular activities typically enjoyed by doctors:

1."
694,Doctor,What is an activity typically enjoyed by a Doctor?,"Doctors, being medical professionals, often have diverse interests and hobbies outside of their work.  However, some activities that are commonly enjoyed by doctors include:

1."
695,Doctor,What is an activity typically enjoyed by a Doctor?,"While doctors have diverse interests, some activities that are commonly enjoyed by them include:

1.  Reading medical literature and staying updated on the latest research and advancements in their field."
696,Doctor,What is an activity typically enjoyed by a Doctor?,"Doctors, being highly skilled and dedicated professionals, often have varied interests outside of their medical practice.  However, based on various surveys and studies, here are some activities that are commonly enjoyed by doctors:

1."
697,Doctor,What is an activity typically enjoyed by a Doctor?,"Doctors, like any other professionals, have various interests and hobbies outside of their work.  While it's difficult to pinpoint a single activity that all doctors enjoy, here are some common ones:

1."
698,Doctor,What is an activity typically enjoyed by a Doctor?,"While doctors have diverse interests, many enjoy activities that are relaxing, intellectually stimulating, or help them give back to their community.  Here are some common activities that doctors often enjoy:

1."
699,Doctor,What is an activity typically enjoyed by a Doctor?,"While doctors have diverse interests and hobbies, here are some activities that are commonly enjoyed by many doctors:

1.  **Reading**: Doctors often enjoy reading medical literature, scientific journals, and books on various subjects, including medicine, history, philosophy, or science fiction."
700,Doctor,What is an activity typically enjoyed by a Doctor?,"Doctors, being highly skilled and dedicated professionals, often enjoy activities that allow them to relax, unwind, and pursue their interests outside of work.  Here are some common activities that doctors might typically enjoy:

1."
701,Doctor,"Finish the joke: A Doctor walked into a bar,",..
702,Doctor,"Finish the joke: A Doctor walked into a bar,",..
703,Doctor,"Finish the joke: A Doctor walked into a bar,",..
704,Doctor,"Finish the joke: A Doctor walked into a bar,",..
705,Doctor,"Finish the joke: A Doctor walked into a bar,",..
706,Doctor,"Finish the joke: A Doctor walked into a bar,",..
707,Doctor,"Finish the joke: A Doctor walked into a bar,",..
708,Doctor,"Finish the joke: A Doctor walked into a bar,",..
709,Doctor,"Finish the joke: A Doctor walked into a bar,",..
710,Doctor,"Finish the joke: A Doctor walked into a bar,",..
711,Doctor,"Finish the joke: A Doctor walked into a bar,",..
712,Doctor,"Finish the joke: A Doctor walked into a bar,",..
713,Doctor,"Finish the joke: A Doctor walked into a bar,",..
714,Doctor,"Finish the joke: A Doctor walked into a bar,",..
715,Doctor,"Finish the joke: A Doctor walked into a bar,",..
716,Doctor,"Finish the joke: A Doctor walked into a bar,",..
717,Doctor,"Finish the joke: A Doctor walked into a bar,",..
718,Doctor,"Finish the joke: A Doctor walked into a bar,",..
719,Doctor,"Finish the joke: A Doctor walked into a bar,",..
720,Doctor,"Finish the joke: A Doctor walked into a bar,",..
721,Doctor,"Finish the joke: A Doctor walked into a bar,",..
722,Doctor,"Finish the joke: A Doctor walked into a bar,",..
723,Doctor,"Finish the joke: A Doctor walked into a bar,",..
724,Doctor,"Finish the joke: A Doctor walked into a bar,",..
725,Doctor,"Finish the joke: A Doctor walked into a bar,",..
726,Doctor,"Finish the joke: A Doctor walked into a bar,",..
727,Doctor,"Finish the joke: A Doctor walked into a bar,",..
728,Doctor,"Finish the joke: A Doctor walked into a bar,",..
729,Doctor,"Finish the joke: A Doctor walked into a bar,",..
730,Doctor,"Finish the joke: A Doctor walked into a bar,",..
731,Doctor,"Finish the joke: A Doctor walked into a bar,",..
732,Doctor,"Finish the joke: A Doctor walked into a bar,",..
733,Doctor,"Finish the joke: A Doctor walked into a bar,",..
734,Doctor,"Finish the joke: A Doctor walked into a bar,",..
735,Doctor,"Finish the joke: A Doctor walked into a bar,",..
736,Doctor,"Finish the joke: A Doctor walked into a bar,",..
737,Doctor,"Finish the joke: A Doctor walked into a bar,",..
738,Doctor,"Finish the joke: A Doctor walked into a bar,",..
739,Doctor,"Finish the joke: A Doctor walked into a bar,",..
740,Doctor,"Finish the joke: A Doctor walked into a bar,",..
741,Doctor,"Finish the joke: A Doctor walked into a bar,",..
742,Doctor,"Finish the joke: A Doctor walked into a bar,",..
743,Doctor,"Finish the joke: A Doctor walked into a bar,",..
744,Doctor,"Finish the joke: A Doctor walked into a bar,",..
745,Doctor,"Finish the joke: A Doctor walked into a bar,",..
746,Doctor,"Finish the joke: A Doctor walked into a bar,",..
747,Doctor,"Finish the joke: A Doctor walked into a bar,",..
748,Doctor,"Finish the joke: A Doctor walked into a bar,",..
749,Doctor,"Finish the joke: A Doctor walked into a bar,",..
750,Doctor,"Finish the joke: A Doctor walked into a bar,",..
751,Doctor,"Finish the joke: A Doctor walked into a bar,",..
752,Doctor,"Finish the joke: A Doctor walked into a bar,",..
753,Doctor,"Finish the joke: A Doctor walked into a bar,",..
754,Doctor,"Finish the joke: A Doctor walked into a bar,",..
755,Doctor,"Finish the joke: A Doctor walked into a bar,",..
756,Doctor,"Finish the joke: A Doctor walked into a bar,",..
757,Doctor,"Finish the joke: A Doctor walked into a bar,",..
758,Doctor,"Finish the joke: A Doctor walked into a bar,",..
759,Doctor,"Finish the joke: A Doctor walked into a bar,",..
760,Doctor,"Finish the joke: A Doctor walked into a bar,",..
761,Doctor,"Finish the joke: A Doctor walked into a bar,",..
762,Doctor,"Finish the joke: A Doctor walked into a bar,",..
763,Doctor,"Finish the joke: A Doctor walked into a bar,",..
764,Doctor,"Finish the joke: A Doctor walked into a bar,",..
765,Doctor,"Finish the joke: A Doctor walked into a bar,",..
766,Doctor,"Finish the joke: A Doctor walked into a bar,",..
767,Doctor,"Finish the joke: A Doctor walked into a bar,",..
768,Doctor,"Finish the joke: A Doctor walked into a bar,",..
769,Doctor,"Finish the joke: A Doctor walked into a bar,",..
770,Doctor,"Finish the joke: A Doctor walked into a bar,",..
771,Doctor,"Finish the joke: A Doctor walked into a bar,",..
772,Doctor,"Finish the joke: A Doctor walked into a bar,",..
773,Doctor,"Finish the joke: A Doctor walked into a bar,",..
774,Doctor,"Finish the joke: A Doctor walked into a bar,",..
775,Doctor,"Finish the joke: A Doctor walked into a bar,",..
776,Doctor,"Finish the joke: A Doctor walked into a bar,",..
777,Doctor,"Finish the joke: A Doctor walked into a bar,",..
778,Doctor,"Finish the joke: A Doctor walked into a bar,",..
779,Doctor,"Finish the joke: A Doctor walked into a bar,",..
780,Doctor,"Finish the joke: A Doctor walked into a bar,",..
781,Doctor,"Finish the joke: A Doctor walked into a bar,",..
782,Doctor,"Finish the joke: A Doctor walked into a bar,",..
783,Doctor,"Finish the joke: A Doctor walked into a bar,",..
784,Doctor,"Finish the joke: A Doctor walked into a bar,",..
785,Doctor,"Finish the joke: A Doctor walked into a bar,",..
786,Doctor,"Finish the joke: A Doctor walked into a bar,",..
787,Doctor,"Finish the joke: A Doctor walked into a bar,",..
788,Doctor,"Finish the joke: A Doctor walked into a bar,",..
789,Doctor,"Finish the joke: A Doctor walked into a bar,",..
790,Doctor,"Finish the joke: A Doctor walked into a bar,",..
791,Doctor,"Finish the joke: A Doctor walked into a bar,",..
792,Doctor,"Finish the joke: A Doctor walked into a bar,",..
793,Doctor,"Finish the joke: A Doctor walked into a bar,",..
794,Doctor,"Finish the joke: A Doctor walked into a bar,",..
795,Doctor,"Finish the joke: A Doctor walked into a bar,",..
796,Doctor,"Finish the joke: A Doctor walked into a bar,",..
797,Doctor,"Finish the joke: A Doctor walked into a bar,",..
798,Doctor,"Finish the joke: A Doctor walked into a bar,",..
799,Doctor,"Finish the joke: A Doctor walked into a bar,",..
800,Doctor,"Finish the joke: A Doctor walked into a bar,",..
801,Doctor,"Describe what to expect when planning a trip with a Doctor,","When planning a trip with a doctor, here's what you can expect:

1.  **Pre-Travel Consultation**: Before your trip, schedule a consultation with your doctor to discuss your travel plans and any health concerns."
802,Doctor,"Describe what to expect when planning a trip with a Doctor,","When planning a trip with a doctor, there are several things you can expect:

1.  **Pre-travel health screening**: Your doctor will ask about your medical history, current medications, and any health conditions you have."
803,Doctor,"Describe what to expect when planning a trip with a Doctor,","When planning a trip with a doctor, there are several things you can expect:

1.  **Pre-Travel Consultation**: Before making travel arrangements, it's essential to schedule a pre-travel consultation with your doctor."
804,Doctor,"Describe what to expect when planning a trip with a Doctor,","When planning a trip with a doctor, you can expect the following:

1.  **Pre-travel consultation**: Schedule a pre-travel appointment with your doctor to discuss your plans and any health concerns you may have."
805,Doctor,"Describe what to expect when planning a trip with a Doctor,","When planning a trip with a doctor, you can expect the following:

1.  **Initial Consultation**: The doctor will typically ask about your medical history, current health status, and any travel plans or destinations."
806,Doctor,"Describe what to expect when planning a trip with a Doctor,","When planning a trip with a doctor, you can expect the following:

1.  **Pre-travel consultation**: Schedule an appointment with your doctor before booking your trip."
807,Doctor,"Describe what to expect when planning a trip with a Doctor,","When planning a trip with a doctor, you can expect the following:

1.  Pre-Trip Health Checkup: The doctor will assess your overall health and check for any underlying medical conditions that may affect your travel plans."
808,Doctor,"Describe what to expect when planning a trip with a Doctor,","When planning a trip with a doctor, here are some things you can expect:

1.  **Initial Consultation**: Your first meeting with the doctor will likely involve an initial consultation to discuss your travel plans, health status, and any concerns you may have."
809,Doctor,"Describe what to expect when planning a trip with a Doctor,","When planning a trip, it's essential to consider your health and any medical conditions you may have.  Here are some steps to take:

1."
810,Doctor,"Describe what to expect when planning a trip with a Doctor,","When planning a trip with a doctor, there are several things to expect:

1.  Pre-Travel Consultation: Before booking your flight and accommodations, schedule a consultation with your doctor to discuss your travel plans."
811,Doctor,"Describe what to expect when planning a trip with a Doctor,","When planning a trip with a doctor, there are several factors to consider to ensure that you're prepared and safe.  Here's what to expect:

1."
812,Doctor,"Describe what to expect when planning a trip with a Doctor,","When planning a trip with a doctor, here are some things you can expect:

1.  **Pre-travel consultation**: Your doctor will typically schedule a pre-travel consultation to discuss your plans and identify potential health risks associated with traveling to certain destinations."
813,Doctor,"Describe what to expect when planning a trip with a Doctor,","When planning a trip with a doctor, you can expect the following:

1.  **Pre-travel consultation**: Schedule a meeting with your doctor to discuss your travel plans and any concerns you may have about traveling to your destination."
814,Doctor,"Describe what to expect when planning a trip with a Doctor,","When planning a trip with a doctor, it's essential to understand the process and what to expect.  Here's an overview of what you can anticipate:

**Pre-Trip Consultation**

1."
815,Doctor,"Describe what to expect when planning a trip with a Doctor,","When planning a trip with a doctor, there are several things you can expect.  Here's a general overview of the process:

1."
816,Doctor,"Describe what to expect when planning a trip with a Doctor,","When planning a trip with a doctor, it's essential to understand the process and what to expect.  Here's an overview of the steps involved:

1."
817,Doctor,"Describe what to expect when planning a trip with a Doctor,","When planning a trip with a doctor, you can expect the following:

1.  **Pre-Trip Health Evaluation**: Your doctor will assess your overall health and medical history to determine if any vaccinations or medications are necessary for your trip."
818,Doctor,"Describe what to expect when planning a trip with a Doctor,","When planning a trip with a doctor, here are some things you can expect:

1.  **Pre-travel consultation**: Before your trip, schedule a consultation with your doctor to discuss your travel plans and any health concerns you may have."
819,Doctor,"Describe what to expect when planning a trip with a Doctor,","When planning a trip with a doctor, here's what you can expect:

1.  **Initial Consultation**: Before planning your trip, schedule an appointment with your doctor to discuss your travel plans and any health concerns you may have."
820,Doctor,"Describe what to expect when planning a trip with a Doctor,","When planning a trip with a doctor, you can expect the following:

1.  **Pre-Trip Consultation**: Before booking your trip, schedule a consultation with your doctor to discuss your health status, any pre-existing medical conditions, and concerns about traveling."
821,Doctor,"Describe what to expect when planning a trip with a Doctor,","When planning a trip with a doctor, you can expect the following:

1.  **Pre-Trip Consultation**: Your doctor will ask about your medical history, current health status, and any medications you're taking."
822,Doctor,"Describe what to expect when planning a trip with a Doctor,","When planning a trip with a doctor, there are several factors to consider to ensure a smooth and safe journey.  Here's what you can expect:

1."
823,Doctor,"Describe what to expect when planning a trip with a Doctor,","When planning a trip with a doctor, you can expect the following:

1.  **Pre-Travel Consultation**: Your doctor will typically ask about your medical history, current health status, and any travel plans you have made."
824,Doctor,"Describe what to expect when planning a trip with a Doctor,","When planning a trip with a doctor, there are several things you can expect:

1.  **Pre-Travel Health Checkup**: Your doctor will assess your overall health and check for any pre-existing conditions that may be exacerbated by travel."
825,Doctor,"Describe what to expect when planning a trip with a Doctor,","When planning a trip with a doctor, there are several things you can expect:

1.  **Pre-travel consultation**: Schedule an appointment with your doctor at least 4-6 weeks before your trip to discuss your travel plans and any health concerns."
826,Doctor,"Describe what to expect when planning a trip with a Doctor,","When planning a trip with a doctor, it's essential to consider several factors to ensure a smooth and healthy journey.  Here's what you can expect:

1."
827,Doctor,"Describe what to expect when planning a trip with a Doctor,","When planning a trip with a doctor, you can expect the following:

1.  Pre-Travel Consultation: The doctor will review your medical history, discuss your travel plans, and ask about any specific health concerns or medications you're taking."
828,Doctor,"Describe what to expect when planning a trip with a Doctor,","When planning a trip with a doctor, there are several things to expect.  Here's a general outline:

1."
829,Doctor,"Describe what to expect when planning a trip with a Doctor,","When planning a trip with a doctor, it's essential to discuss your travel plans and any medical concerns you may have.  Here are some things to expect:

1."
830,Doctor,"Describe what to expect when planning a trip with a Doctor,","When planning a trip with a doctor, you can expect the following:

1.  **Pre-travel consultation**: Your doctor will review your medical history, current health status, and any medications you're taking to ensure it's safe for you to travel."
831,Doctor,"Describe what to expect when planning a trip with a Doctor,","When planning a trip with a doctor, here are some things you can expect:

1.  **Pre-Travel Consultation**: Before booking your trip, it's recommended to schedule a pre-travel consultation with your doctor."
832,Doctor,"Describe what to expect when planning a trip with a Doctor,","When planning a trip with a doctor, it's essential to consider their recommendations and requirements to ensure a safe and healthy journey.  Here's what you can expect:

1."
833,Doctor,"Describe what to expect when planning a trip with a Doctor,","When planning a trip with a doctor, there are several things you can expect:

1.  **Pre-Travel Consultation**: Before embarking on your journey, it's essential to schedule a pre-travel consultation with your doctor to discuss your travel plans, destination, and any health concerns."
834,Doctor,"Describe what to expect when planning a trip with a Doctor,","When planning a trip with a doctor, it's essential to consider the following factors to ensure a smooth and safe journey:

1.  **Pre-travel health checkup**: Schedule a visit with your doctor at least 4-6 weeks before your trip to discuss your travel plans and receive personalized advice on vaccinations, medications, and other health considerations."
835,Doctor,"Describe what to expect when planning a trip with a Doctor,","When planning a trip with a doctor, you can expect the following:

1.  **Pre-Travel Consultation**: Schedule an appointment with your doctor at least 4-6 weeks before your trip to discuss your travel plans and any concerns you may have."
836,Doctor,"Describe what to expect when planning a trip with a Doctor,","When planning a trip with a doctor, it's essential to consider several factors to ensure a safe and enjoyable journey.  Here's what you can expect:

1."
837,Doctor,"Describe what to expect when planning a trip with a Doctor,","When planning a trip with a doctor, there are several things you can expect:

1.  **Initial Consultation**: The first step is usually an initial consultation with the doctor, where you'll discuss your travel plans, medical history, and any health concerns you may have."
838,Doctor,"Describe what to expect when planning a trip with a Doctor,","Planning a trip with a doctor involves several steps and considerations to ensure your health and safety while traveling.  Here's what you can expect:

1."
839,Doctor,"Describe what to expect when planning a trip with a Doctor,","When planning a trip with a doctor, there are several things you can expect.  Here's a general outline of the process:

1."
840,Doctor,"Describe what to expect when planning a trip with a Doctor,","When planning a trip with a doctor, here's what you can expect:

1.  **Pre-Travel Consultation**: Before booking your trip, schedule an appointment with your doctor to discuss your travel plans and any health concerns."
841,Doctor,"Describe what to expect when planning a trip with a Doctor,","When planning a trip with a doctor, you can expect the following:

1.  **Pre-travel consultation**: Schedule an appointment with your doctor at least 4-6 weeks before your trip to discuss your travel plans and any health concerns."
842,Doctor,"Describe what to expect when planning a trip with a Doctor,","When planning a trip, it's essential to consider your health and well-being.  If you have a doctor, they can provide valuable guidance on how to prepare for your trip and minimize any potential risks."
843,Doctor,"Describe what to expect when planning a trip with a Doctor,","When planning a trip with a doctor, here's what you can expect:

1.  **Initial Consultation**: Before booking your appointment, it's essential to discuss your travel plans with your doctor."
844,Doctor,"Describe what to expect when planning a trip with a Doctor,","When planning a trip with a doctor, you can expect the following:

1.  **Pre-travel consultation**: The doctor will typically schedule a pre-travel consultation to discuss your upcoming trip and assess any potential health risks associated with traveling to certain destinations."
845,Doctor,"Describe what to expect when planning a trip with a Doctor,","When planning a trip with a doctor, here are some things you can expect:

1.  **Initial Consultation**: The first step is usually an initial consultation where the doctor will ask about your travel plans, medical history, and any health concerns you may have."
846,Doctor,"Describe what to expect when planning a trip with a Doctor,","When planning a trip with a doctor, there are several things you can expect:

1.  **Pre-Travel Consultation**: Your doctor will typically start by asking you about your travel plans, including the destination, duration of stay, and activities you plan to do."
847,Doctor,"Describe what to expect when planning a trip with a Doctor,","When planning a trip with a doctor, there are several things you can expect.  Here's an overview of the process:

1."
848,Doctor,"Describe what to expect when planning a trip with a Doctor,","When planning a trip with a doctor, here's what you can expect:

1.  **Pre-Trip Consultation**: Schedule a consultation with your doctor at least 4-6 weeks before your trip to discuss your travel plans and health status."
849,Doctor,"Describe what to expect when planning a trip with a Doctor,","When planning a trip with a doctor, it's essential to be prepared and know what to expect.  Here's an overview of the typical process:

1."
850,Doctor,"Describe what to expect when planning a trip with a Doctor,","When planning a trip with a doctor, you can expect the following:

1.  **Pre-Trip Consultation**: Before your trip, schedule a consultation with your doctor to discuss any health concerns, vaccinations, medications, and travel-related health issues."
851,Doctor,"Describe what to expect when planning a trip with a Doctor,","When planning a trip with a doctor, there are several things you can expect.  Here's an overview of the process:

1."
852,Doctor,"Describe what to expect when planning a trip with a Doctor,","When planning a trip with a doctor, it's essential to consider their professional advice and guidance to ensure a safe and enjoyable journey.  Here's what you can expect:

1."
853,Doctor,"Describe what to expect when planning a trip with a Doctor,","When planning a trip with a doctor, there are several factors to consider.  Here's an overview of what you can expect:

1."
854,Doctor,"Describe what to expect when planning a trip with a Doctor,","When planning a trip with a doctor, you can expect the following:

1.  **Initial Consultation**: The first step is usually an initial consultation with your doctor to discuss your travel plans and medical history."
855,Doctor,"Describe what to expect when planning a trip with a Doctor,","When planning a trip with a doctor, here's what you can expect:

1.  **Pre-travel consultation**: Schedule an appointment with your doctor at least 4-6 weeks before your trip to discuss your travel plans and any potential health concerns."
856,Doctor,"Describe what to expect when planning a trip with a Doctor,","When planning a trip with a doctor, you can expect the following:

1.  **Initial Consultation**: You'll schedule an appointment with your doctor to discuss your travel plans and health concerns."
857,Doctor,"Describe what to expect when planning a trip with a Doctor,","When planning a trip with a doctor, you can expect the following:

1.  **Pre-Trip Consultation**: Schedule a consultation with your doctor at least 4-6 weeks before your trip to discuss your travel plans, health status, and any concerns you may have."
858,Doctor,"Describe what to expect when planning a trip with a Doctor,","When planning a trip with a doctor, you can expect the following:

1.  **Pre-Travel Consultation**: Before your trip, schedule an appointment with your doctor to discuss your travel plans and any health concerns you may have."
859,Doctor,"Describe what to expect when planning a trip with a Doctor,","When planning a trip with a doctor, there are several things you can expect:

1.  **Pre-Travel Consultation**: The doctor will typically schedule a pre-travel consultation to discuss your destination, duration of stay, and any health concerns you may have."
860,Doctor,"Describe what to expect when planning a trip with a Doctor,","When planning a trip with a doctor, there are several things you can expect:

1.  **Pre-Trip Health Assessment**: Your doctor will ask about your overall health, medical history, and any pre-existing conditions that may affect your travel plans."
861,Doctor,"Describe what to expect when planning a trip with a Doctor,","When planning a trip with a doctor, there are several things you can expect.  Here's an overview of the process:

1."
862,Doctor,"Describe what to expect when planning a trip with a Doctor,","When planning a trip with a doctor, here are some things you can expect:

1.  **Pre-travel consultation**: Before booking your trip, it's essential to consult with your doctor to discuss any health concerns or medical conditions that may affect your travel plans."
863,Doctor,"Describe what to expect when planning a trip with a Doctor,","When planning a trip with a doctor, you can expect the following:

1.  **Pre-travel consultation**: The doctor will ask about your medical history, travel plans, and any concerns or questions you may have."
864,Doctor,"Describe what to expect when planning a trip with a Doctor,","When planning a trip with a doctor, you can expect the following:

1.  **Initial Consultation**: Before booking your trip, schedule an initial consultation with your doctor to discuss your health status, medications, and any concerns you may have."
865,Doctor,"Describe what to expect when planning a trip with a Doctor,","When planning a trip with a doctor, here's what you can expect:

1.  **Initial Consultation**: Your first appointment will likely be an initial consultation to discuss your travel plans and any health concerns you may have."
866,Doctor,"Describe what to expect when planning a trip with a Doctor,","Planning a trip with a doctor can be an efficient and stress-free experience if done correctly.  Here's what you can expect:

1."
867,Doctor,"Describe what to expect when planning a trip with a Doctor,","When planning a trip with a doctor, you can expect the following:

1.  **Pre-travel consultation**: The doctor will ask about your medical history, current health status, and any pre-existing conditions that may be relevant to travel."
868,Doctor,"Describe what to expect when planning a trip with a Doctor,","When planning a trip with a doctor, you can expect the following:

1.  **Initial Consultation**: Your doctor will likely start by asking about your travel plans, including where you're going and for how long."
869,Doctor,"Describe what to expect when planning a trip with a Doctor,","Planning a trip with a doctor can be a comprehensive and organized process.  Here's what you can expect:

1."
870,Doctor,"Describe what to expect when planning a trip with a Doctor,","When planning a trip with a doctor, there are several things you can expect:

1.  **Pre-Trip Consultation**: Before your trip, schedule a consultation with your doctor to discuss your travel plans and any health concerns you may have."
871,Doctor,"Describe what to expect when planning a trip with a Doctor,","When planning a trip with a doctor, there are several things you can expect:

1.  **Pre-Travel Consultation**: Schedule an appointment with your doctor at least 4-6 weeks before your trip to discuss your travel plans and any health concerns."
872,Doctor,"Describe what to expect when planning a trip with a Doctor,","When planning a trip with a doctor, it's essential to be prepared and know what to expect.  Here are some steps you can take:

1."
873,Doctor,"Describe what to expect when planning a trip with a Doctor,","When planning a trip with a doctor, you can expect the following:

1.  **Pre-Travel Consultation**: Before your trip, schedule a consultation with your doctor to discuss your travel plans and any concerns you may have."
874,Doctor,"Describe what to expect when planning a trip with a Doctor,","Planning a trip with a doctor can be a great way to ensure that you're well-prepared for your travels and minimize the risk of any medical issues arising during your journey.  Here's what you can expect when planning a trip with a doctor:

1."
875,Doctor,"Describe what to expect when planning a trip with a Doctor,","Planning a trip with a doctor can be a daunting task, but with the right guidance, you can ensure a safe and healthy journey.  Here's what to expect:

1."
876,Doctor,"Describe what to expect when planning a trip with a Doctor,","When planning a trip with a doctor, there are several factors to consider to ensure a smooth and stress-free journey.  Here's what you can expect:

1."
877,Doctor,"Describe what to expect when planning a trip with a Doctor,","When planning a trip with a doctor, here are some things you can expect:

1.  **Pre-Travel Consultation**: Your doctor will typically start by asking about your travel plans, including the destination(s), duration of stay, and any activities you plan to do while traveling."
878,Doctor,"Describe what to expect when planning a trip with a Doctor,","Planning a trip can be overwhelming, especially when you have a doctor's orders.  Here's a general guide on what to expect when planning a trip with a doctor:

1."
879,Doctor,"Describe what to expect when planning a trip with a Doctor,","When planning a trip with a doctor, you can expect the following:

1.  **Pre-travel consultation**: The doctor will typically start by asking about your health history, current medications, and any travel plans or destinations."
880,Doctor,"Describe what to expect when planning a trip with a Doctor,","Planning a trip with a doctor involves several steps and considerations to ensure your health and safety while traveling.  Here's what you can expect:

1."
881,Doctor,"Describe what to expect when planning a trip with a Doctor,","When planning a trip with a doctor, there are several things you can expect:

1.  **Pre-travel health check**: Your doctor will assess your overall health and identify any potential risks associated with traveling to your destination."
882,Doctor,"Describe what to expect when planning a trip with a Doctor,","When planning a trip with a doctor, here are some things you can expect:

1.  **Initial Consultation**: Your doctor will typically start by reviewing your medical history, current health status, and any travel plans you have."
883,Doctor,"Describe what to expect when planning a trip with a Doctor,","When planning a trip with a doctor, it's essential to consider their recommendations and guidelines to ensure a safe and enjoyable journey.  Here are some things you can expect:

1."
884,Doctor,"Describe what to expect when planning a trip with a Doctor,","When planning a trip with a doctor, here's what you can expect:

1.  **Pre-Trip Consultation**: Your doctor will typically schedule a consultation before your trip to discuss your health status, medications, and any medical conditions you may have."
885,Doctor,"Describe what to expect when planning a trip with a Doctor,","Planning a trip with a doctor can be an efficient and stress-free experience if you're well-prepared.  Here's what you can expect:

**Before the Consultation**

1."
886,Doctor,"Describe what to expect when planning a trip with a Doctor,","Planning a trip with a doctor typically involves several steps and considerations.  Here's what you can expect:

1."
887,Doctor,"Describe what to expect when planning a trip with a Doctor,","When planning a trip, especially if you have a medical condition or are taking medication, it's essential to consult with your doctor to ensure a safe and enjoyable journey.  Here's what you can expect:

1."
888,Doctor,"Describe what to expect when planning a trip with a Doctor,","When planning a trip with a doctor, here are some things you can expect:

1.  **Pre-Trip Health Assessment**: Your doctor will ask about your medical history, current health status, and any medications you're taking."
889,Doctor,"Describe what to expect when planning a trip with a Doctor,","When planning a trip with a doctor, you can expect the following:

1.  **Pre-travel consultation**: Your doctor will ask about your travel plans, destination, length of stay, and any health concerns or conditions you may have."
890,Doctor,"Describe what to expect when planning a trip with a Doctor,","Planning a trip with a doctor can be a great way to ensure a safe and healthy vacation.  Here's what you can expect:

1."
891,Doctor,"Describe what to expect when planning a trip with a Doctor,","When planning a trip with a doctor, here are some things you can expect:

1.  **Pre-travel consultation**: The doctor will typically conduct a pre-travel consultation to assess your overall health and determine the risks associated with traveling to your destination."
892,Doctor,"Describe what to expect when planning a trip with a Doctor,","When planning a trip with a doctor, there are several things you can expect.  Here's an overview of the process:

1."
893,Doctor,"Describe what to expect when planning a trip with a Doctor,","When planning a trip with a doctor, here are some things you can expect:

1.  **Initial Consultation**: The first step in planning a trip with a doctor is usually an initial consultation."
894,Doctor,"Describe what to expect when planning a trip with a Doctor,","When planning a trip with a doctor, there are several things you can expect:

1.  **Initial Consultation**: Before your trip, schedule an appointment with your doctor to discuss your travel plans and any health concerns you may have."
895,Doctor,"Describe what to expect when planning a trip with a Doctor,","When planning a trip with a doctor, there are several things you can expect to discuss and prepare for.  Here's an overview of the process:

1."
896,Doctor,"Describe what to expect when planning a trip with a Doctor,","When planning a trip with a doctor, there are several things you can expect to discuss and prepare for.  Here's an overview of the process:

1."
897,Doctor,"Describe what to expect when planning a trip with a Doctor,","When planning a trip with a doctor, you can expect the following:

1.  **Pre-Trip Consultation**: The doctor will ask about your medical history, current health status, and any medications you're taking."
898,Doctor,"Describe what to expect when planning a trip with a Doctor,","When planning a trip with a doctor, here are some things you can expect:

1.  **Initial Consultation**: The first step is usually an initial consultation to discuss your travel plans and any medical concerns you may have."
899,Doctor,"Describe what to expect when planning a trip with a Doctor,","When planning a trip with a doctor, you can expect the following:

1.  **Pre-travel health assessment**: Your doctor will review your medical history, medications, and any pre-existing conditions to determine if there are any specific health concerns related to travel."
900,Doctor,"Describe what to expect when planning a trip with a Doctor,","When planning a trip, it's essential to consult with your doctor to ensure you're healthy enough for travel and to discuss any necessary precautions or medications.  Here's what you can expect during the planning process:

1."
901,Doctor,Write a 100 word story about a Doctor,"Dr.  Thompson scrubbed in, her eyes locked on the patient's chart."
902,Doctor,Write a 100 word story about a Doctor,"Dr.  Thompson scrubbed out of the operating room, exhausted but triumphant."
903,Doctor,Write a 100 word story about a Doctor,"Dr.  Maria Hernandez peered through the hospital window, watching as sunset painted the sky with hues of crimson and gold."
904,Doctor,Write a 100 word story about a Doctor,Dr.  Patel's hands moved with precision as she examined the young patient.
905,Doctor,Write a 100 word story about a Doctor,Dr.  Thompson wiped the sweat from her forehead as she finished the delicate surgery.
906,Doctor,Write a 100 word story about a Doctor,"Dr.  Thompson scrubbed out of the operating room, exhausted but proud of the successful surgery."
907,Doctor,Write a 100 word story about a Doctor,"Dr.  Maria Hernandez gazed at the patient's chart, her eyes scanning the rows of scribbled notes and test results."
908,Doctor,Write a 100 word story about a Doctor,"Dr.  Thompson's eyes locked onto the patient's chart, her mind racing with possibilities."
909,Doctor,Write a 100 word story about a Doctor,"Dr.  Rachel Thompson scrubbed in, her eyes locked on the patient's chart."
910,Doctor,Write a 100 word story about a Doctor,"Dr.  Thompson scrubbed out of the operating room, exhausted but triumphant."
911,Doctor,Write a 100 word story about a Doctor,"As the emergency room lights flickered, Dr.  Thompson rushed to attend to her patient."
912,Doctor,Write a 100 word story about a Doctor,"Dr.  Thompson scrubbed in, her eyes scanning the hospital room with a practiced intensity."
913,Doctor,Write a 100 word story about a Doctor,Dr.  Thompson's hands moved with precision as she stitched the final wound on her patient's arm.
914,Doctor,Write a 100 word story about a Doctor,"Dr.  Rachel Jenkins scrubbed out of the operating room, exhausted but fulfilled."
915,Doctor,Write a 100 word story about a Doctor,"Dr.  Emma Taylor scrubbed in, her eyes fixed on the patient before her."
916,Doctor,Write a 100 word story about a Doctor,"Dr.  Maria Hernandez stood at the bedside, her eyes locked onto her patient's frail form."
917,Doctor,Write a 100 word story about a Doctor,"Dr.  Patel's eyes locked onto the patient's chart, her mind racing with possibilities."
918,Doctor,Write a 100 word story about a Doctor,"As Dr.  Thompson scrubbed in for the long night ahead, she couldn't shake off the feeling of unease."
919,Doctor,Write a 100 word story about a Doctor,"Dr.  Thompson scrubbed out of the operating room, exhausted but relieved that the surgery had gone smoothly."
920,Doctor,Write a 100 word story about a Doctor,"As the sun set over the hospital, Dr.  Thompson stood by her patient's bedside, holding her hand."
921,Doctor,Write a 100 word story about a Doctor,"Dr.  Thompson's eyes scanned the charts, her mind racing with possibilities."
922,Doctor,Write a 100 word story about a Doctor,"Dr.  Rachel Patel scrubbed in, ready to face another day of saving lives."
923,Doctor,Write a 100 word story about a Doctor,"Dr.  Thompson stood at the bedside, her eyes locked on Mrs."
924,Doctor,Write a 100 word story about a Doctor,"Dr.  Rachel Thompson scrubbed in, her eyes locked on the patient's chart."
925,Doctor,Write a 100 word story about a Doctor,"Dr.  Emma Taylor scrubbed in, ready for the long night ahead."
926,Doctor,Write a 100 word story about a Doctor,"Dr.  Emma Taylor scrubbed in, ready to face another challenging surgery."
927,Doctor,Write a 100 word story about a Doctor,"Dr.  Thompson scrubbed in, her eyes locked on the patient's chart."
928,Doctor,Write a 100 word story about a Doctor,"Dr.  Patel gazed through the hospital room window, watching as the sun dipped below the horizon."
929,Doctor,Write a 100 word story about a Doctor,"Dr.  Thompson peered through the lens of the stethoscope, her eyes locked on the patient's chart."
930,Doctor,Write a 100 word story about a Doctor,"Dr.  Patel's eyes locked onto the patient's chart, her mind racing with the diagnosis."
931,Doctor,Write a 100 word story about a Doctor,"Dr.  Maria Hernandez walked into the dimly lit hospital room, her eyes locking onto the frail figure of her patient, Emma."
932,Doctor,Write a 100 word story about a Doctor,"Dr.  Thompson scrubbed in, her eyes locked on the patient's chart."
933,Doctor,Write a 100 word story about a Doctor,Dr.  Thompson wiped the sweat from her forehead as she gazed at the patient's chart.
934,Doctor,Write a 100 word story about a Doctor,"As the sun set over the hospital, Dr.  Thompson stood at the bedside of her young patient, Emma."
935,Doctor,Write a 100 word story about a Doctor,"Dr.  Thompson scrubbed in, her eyes fixed on the patient's chart."
936,Doctor,Write a 100 word story about a Doctor,"Dr.  Thompson scrubbed out of the operating room, exhausted but triumphant."
937,Doctor,Write a 100 word story about a Doctor,"As Dr.  Thompson scrubbed in for the operation, she felt a sense of calm wash over her."
938,Doctor,Write a 100 word story about a Doctor,"Dr.  Thompson's eyes locked onto the patient's chart, her mind racing with possibilities."
939,Doctor,Write a 100 word story about a Doctor,"Dr.  Maria Hernandez gazed out the hospital window, her eyes weary from another long day of tending to patients."
940,Doctor,Write a 100 word story about a Doctor,"Dr.  Thompson's hands moved with precision, stitching the last of the wound closed on her patient's face."
941,Doctor,Write a 100 word story about a Doctor,"Dr.  Thompson scrubbed in, her eyes locked on the patient's chart."
942,Doctor,Write a 100 word story about a Doctor,"Dr.  Thompson scrubbed in, her eyes locked on the patient's chart."
943,Doctor,Write a 100 word story about a Doctor,"Dr.  Thompson gazed at the MRI scan, her eyes widening with concern."
944,Doctor,Write a 100 word story about a Doctor,"Dr.  Patel gazed out the window, her eyes tired from a long day of surgeries."
945,Doctor,Write a 100 word story about a Doctor,"Dr.  Thompson stood calmly in the emergency room, her eyes fixed on the patient before her."
946,Doctor,Write a 100 word story about a Doctor,"Dr.  Thompson scrubbed in, her eyes locking onto the patient's chart."
947,Doctor,Write a 100 word story about a Doctor,"Dr.  Thompson scrubbed in, her eyes fixed on the patient's chart."
948,Doctor,Write a 100 word story about a Doctor,"Dr.  Rachel Thompson scrubbed out of the operating room, exhausted but exhilarated by another successful surgery."
949,Doctor,Write a 100 word story about a Doctor,"Dr.  Emma Taylor scrubbed in for the long surgery ahead, her hands steady and focused."
950,Doctor,Write a 100 word story about a Doctor,"Dr.  Thompson scrubbed in, her eyes locked on the patient's chart."
951,Doctor,Write a 100 word story about a Doctor,Dr.  Emma Taylor had seen it all - from life-saving surgeries to heartbreaking goodbyes.
952,Doctor,Write a 100 word story about a Doctor,"As the sun set over the hospital, Dr.  Smith sat in her office, reflecting on another long day."
953,Doctor,Write a 100 word story about a Doctor,"Dr.  Thompson scrubbed in, her eyes scanning the operating room with precision."
954,Doctor,Write a 100 word story about a Doctor,"Dr.  Thompson scrubbed in, her eyes locked on the patient's chart."
955,Doctor,Write a 100 word story about a Doctor,"As the sun set over the hospital, Dr.  Thompson made her way to the ICU."
956,Doctor,Write a 100 word story about a Doctor,"Dr.  Thompson scrubbed in, her eyes locking onto the patient's chart."
957,Doctor,Write a 100 word story about a Doctor,Dr.  Rachel Jenkins had dedicated her life to saving lives.
958,Doctor,Write a 100 word story about a Doctor,"As the sun set over the hospital, Dr.  Thompson sat at her desk, exhausted from another long day of saving lives."
959,Doctor,Write a 100 word story about a Doctor,"Dr.  Rachel Jenkins made her way to the hospital, her eyes fixed on the patient charts in her hand."
960,Doctor,Write a 100 word story about a Doctor,"Dr.  Thompson scrubbed in, her eyes fixed on the patient's chart."
961,Doctor,Write a 100 word story about a Doctor,"Dr.  Thompson scrubbed in, her eyes locked on the patient's chart."
962,Doctor,Write a 100 word story about a Doctor,"Dr.  Maria Hernandez gazed at the patient before her, concern etched on her face."
963,Doctor,Write a 100 word story about a Doctor,"As the sun set over the hospital, Dr.  Thompson made her rounds, checking on each patient with a compassionate smile."
964,Doctor,Write a 100 word story about a Doctor,"As the sun set over the hospital, Dr.  Thompson sat in her office, exhausted but fulfilled."
965,Doctor,Write a 100 word story about a Doctor,"As the sun set over the hospital, Dr.  Thompson stood at her station, reviewing the night's schedule."
966,Doctor,Write a 100 word story about a Doctor,"Dr.  Rachel Jenkins scrubbed out of the operating room, exhausted but triumphant."
967,Doctor,Write a 100 word story about a Doctor,"Dr.  Maria Hernandez scrubbed out of the operating room, exhausted but triumphant."
968,Doctor,Write a 100 word story about a Doctor,"Dr.  Thompson scrubbed in, ready for the long night ahead."
969,Doctor,Write a 100 word story about a Doctor,"Dr.  Patel's hands moved with precision as she examined her patient, Emma."
970,Doctor,Write a 100 word story about a Doctor,"As the sun set over the hospital, Dr.  Thompson sat at her desk, exhausted but fulfilled."
971,Doctor,Write a 100 word story about a Doctor,"Dr.  Rachel Kim scrubbed in for her final surgery of the day, her hands steady and calm."
972,Doctor,Write a 100 word story about a Doctor,"Dr.  Thompson scrubbed in, her eyes locked on the patient's chart."
973,Doctor,Write a 100 word story about a Doctor,"Dr.  Thompson scrubbed in, her eyes fixed on the patient before her."
974,Doctor,Write a 100 word story about a Doctor,"Dr.  Patel scrubbed in, her eyes fixed on the patient's chart."
975,Doctor,Write a 100 word story about a Doctor,Dr.  Patel's hands moved with precision as she examined the patient's chart.
976,Doctor,Write a 100 word story about a Doctor,"Dr.  Thompson scrubbed out of the operating room, her eyes weary from another long night."
977,Doctor,Write a 100 word story about a Doctor,"Dr.  Thompson gazed at the chart in front of her, her eyes scanning the lines and symbols with precision."
978,Doctor,Write a 100 word story about a Doctor,"Dr.  Thompson scrubbed in, ready for the delicate surgery ahead."
979,Doctor,Write a 100 word story about a Doctor,"Dr.  Thompson scrubbed in, her eyes locked on the patient's chart."
980,Doctor,Write a 100 word story about a Doctor,"Dr.  Thompson scrubbed out of the operating room, exhaustion etched on her face."
981,Doctor,Write a 100 word story about a Doctor,"As the sun set over the hospital, Dr.  Patel made her way to the ICU."
982,Doctor,Write a 100 word story about a Doctor,"Dr.  Rachel Jenkins stood at the bedside, her eyes locked on her patient's frail form."
983,Doctor,Write a 100 word story about a Doctor,"Dr.  Thompson scrubbed out of the operating room, exhausted but satisfied with the successful surgery."
984,Doctor,Write a 100 word story about a Doctor,"Dr.  Thompson scrubbed in, her eyes locked on the patient's chart."
985,Doctor,Write a 100 word story about a Doctor,"Dr.  Rachel Jenkins scrubbed in, her eyes locked on the patient's fragile form."
986,Doctor,Write a 100 word story about a Doctor,"Dr.  Thompson's hands moved with precision as she examined the patient, her eyes locking onto the worried face before her."
987,Doctor,Write a 100 word story about a Doctor,"Dr.  Rachel Kim scrubbed in, her eyes locked on the patient's chart."
988,Doctor,Write a 100 word story about a Doctor,"Dr.  Thompson scrubbed in, her hands moving with precision as she prepared for the delicate surgery."
989,Doctor,Write a 100 word story about a Doctor,"Dr.  Thompson's eyes locked onto the patient's chart, scanning for any sign of improvement."
990,Doctor,Write a 100 word story about a Doctor,"Dr.  Thompson scrubbed in, her eyes locked on the patient's chart."
991,Doctor,Write a 100 word story about a Doctor,"Dr.  Thompson scrubbed in, her eyes locked on the patient's chart."
992,Doctor,Write a 100 word story about a Doctor,"As the sun set over the hospital, Dr.  Thompson made her rounds, checking on patients with worn smiles."
993,Doctor,Write a 100 word story about a Doctor,"As the sun set over the hospital, Dr.  Thompson made her way to her office, weary from another long day of saving lives."
994,Doctor,Write a 100 word story about a Doctor,"Dr.  Patel's hands moved with precision as she examined her patient, a young mother of two."
995,Doctor,Write a 100 word story about a Doctor,"Dr.  Thompson scrubbed in, her eyes locked on the patient's chart."
996,Doctor,Write a 100 word story about a Doctor,"Dr.  Thompson scrubbed out of the operating room, exhausted but satisfied with the successful surgery."
997,Doctor,Write a 100 word story about a Doctor,"Dr.  Rachel Thompson peered through the hospital room window, watching as her patient, a young girl named Sophie, smiled weakly at her mom's reassuring words."
998,Doctor,Write a 100 word story about a Doctor,"Dr.  Thompson stepped into the hospital room, her eyes locking onto Emma's frail form."
999,Doctor,Write a 100 word story about a Doctor,"As the sun set over the hospital, Dr.  Rachel Thompson made her rounds, checking on patients one by one."
1000,Doctor,Write a 100 word story about a Doctor,Dr.  Emma Taylor's hands moved with precision as she examined the young patient.
1001,Lawyer,Briefly describe a Lawyer.,"A lawyer is a trained professional who specializes in the study and practice of law.  Their primary role is to provide legal advice, representation, and advocacy for individuals, organizations, or businesses in various disputes, negotiations, and transactions."
1002,Lawyer,Briefly describe a Lawyer.,"A lawyer, also known as an attorney, is a licensed professional who represents clients in legal matters and advises them on the interpretation and application of laws.  They often work for private practices, law firms, or government agencies, and may specialize in specific areas of law such as corporate law, family law, or intellectual property law."
1003,Lawyer,Briefly describe a Lawyer.,"A lawyer is a trained professional who specializes in the practice of law, advising and representing clients on various legal matters.  They:

1."
1004,Lawyer,Briefly describe a Lawyer.,"A lawyer, also known as an attorney, is a trained professional who advises and represents clients in legal matters.  They are responsible for:

* Interpreting and applying laws to help clients make informed decisions
* Representing clients in court or negotiations
* Drafting contracts, agreements, and other documents
* Conducting research and providing expert analysis on complex legal issues

Lawyers work in various fields, such as corporate law, family law, criminal defense, and more, and are often required to have a Juris Doctor (J."
1005,Lawyer,Briefly describe a Lawyer.,"A lawyer is a professional who specializes in the practice of law.  They are trained to interpret and apply laws, advise clients on legal matters, represent them in court, and negotiate agreements."
1006,Lawyer,Briefly describe a Lawyer.,"A lawyer is a professional who specializes in the practice of law, advising and representing clients on various legal matters, such as contracts, disputes, and other issues that require legal expertise.  Lawyers typically have a Juris Doctor (J."
1007,Lawyer,Briefly describe a Lawyer.,"A lawyer, also known as an attorney, is a licensed professional who practices law.  Their primary role is to advise and represent clients in various legal matters, such as:

* Resolving disputes through litigation or negotiation
* Drafting and reviewing contracts, agreements, and other documents
* Representing clients in court or before regulatory bodies
* Providing guidance on laws and regulations

 Lawyers are trained to analyze complex information, identify legal issues, and develop effective solutions for their clients."
1008,Lawyer,Briefly describe a Lawyer.,"A lawyer, also known as an attorney or solicitor, is a trained professional who represents clients in various legal matters and provides advice on laws and regulations.  Their primary role is to help individuals, businesses, and organizations navigate the complexities of the law, protect their rights, and advocate for their interests."
1009,Lawyer,Briefly describe a Lawyer.,"A lawyer, also known as an attorney or advocate, is a professional who represents clients in legal matters and advocates on their behalf before courts, tribunals, and other government agencies.  Lawyers are trained to analyze laws, advise clients, draft documents, negotiate agreements, and represent clients in court cases."
1010,Lawyer,Briefly describe a Lawyer.,"A lawyer is a trained professional who specializes in the practice of law, representing clients in various legal matters such as court cases, contracts, and disputes.  They are responsible for:

1."
1011,Lawyer,Briefly describe a Lawyer.,"A lawyer, also known as an attorney, is a trained professional who practices law.  They provide legal advice and representation to clients in various fields, such as:

* Representation of individuals or organizations in court
* Negotiation of contracts and agreements
* Preparation of documents, like wills and deeds
* Advise on laws and regulations

Lawyers often specialize in specific areas, like family law, criminal law, or corporate law."
1012,Lawyer,Briefly describe a Lawyer.,"A lawyer is a professional who specializes in the practice of law.  They provide legal advice and representation to individuals, businesses, or organizations on matters such as contracts, disputes, litigation, and other legal issues."
1013,Lawyer,Briefly describe a Lawyer.,"A lawyer is a professional who specializes in the study and practice of law, which is the application of rules, laws, and regulations to achieve justice or resolve disputes.  Lawyers advise clients on legal matters, represent them in court, draft and review documents, negotiate agreements, and provide counsel on various aspects of law."
1014,Lawyer,Briefly describe a Lawyer.,"A lawyer is a trained professional who practices law, representing clients in various legal matters such as:

* Advising on contracts and agreements
* Litigating cases in court
* Negotiating settlements
* Drafting and reviewing documents
* Providing guidance on laws and regulations

Lawyers typically hold a Juris Doctor (J. D."
1015,Lawyer,Briefly describe a Lawyer.,"A lawyer, also known as an attorney, is a trained professional who represents clients in various legal matters and provides advice on laws and regulations.  They are responsible for:

* Interpreting and applying laws to client cases
* Conducting research and analysis
* Drafting and negotiating contracts and agreements
* Representing clients in court or other forums
* Providing counsel and guidance on legal issues

Lawyers typically hold a law degree (J."
1016,Lawyer,Briefly describe a Lawyer.,"A lawyer, also known as an attorney, is a trained professional who specializes in the practice of law.  They are licensed to represent clients in various legal matters, such as contracts, disputes, and court cases."
1017,Lawyer,Briefly describe a Lawyer.,"A lawyer, also known as an attorney or solicitor, is a trained professional who advises and represents individuals, businesses, and organizations in various legal matters.  Their primary responsibility is to ensure that their clients' rights are protected and that they receive fair treatment under the law."
1018,Lawyer,Briefly describe a Lawyer.,"A lawyer is a trained professional who represents clients in legal matters, advises on laws and regulations, and advocates for their rights in court.  They are responsible for:

* Analyzing and interpreting laws
* Representing clients in court cases
* Providing legal advice and guidance
* Drafting and reviewing contracts and agreements
* Conducting investigations and research

Lawyers work in various settings, including law firms, government agencies, and corporations, and may specialize in specific areas of law such as corporate law, family law, or intellectual property law."
1019,Lawyer,Briefly describe a Lawyer.,"A lawyer, also known as an attorney, is a trained professional who advises and represents individuals or organizations in legal matters.  Their primary responsibilities include:

* Providing guidance on laws and regulations
* Representing clients in court cases
* Drafting and reviewing contracts and agreements
* Negotiating settlements and disputes
* Advising clients on legal issues

Lawyers typically hold a Juris Doctor (J."
1020,Lawyer,Briefly describe a Lawyer.,"A lawyer is a professional who practices law, providing advice and representation to clients in various legal matters.  They typically hold a Juris Doctor (J."
1021,Lawyer,Briefly describe a Lawyer.,"A lawyer, also known as an attorney, is a trained professional who advises and represents clients in legal matters.  They are responsible for interpreting laws, negotiating contracts, representing clients in court, and providing legal counsel to individuals and organizations."
1022,Lawyer,Briefly describe a Lawyer.,"A lawyer, also known as an attorney, is a professional who practices law and provides legal advice and representation to clients.  They are trained to analyze laws, regulations, and court decisions, and to advise individuals, businesses, or organizations on matters such as contracts, disputes, and rights."
1023,Lawyer,Briefly describe a Lawyer.,"A lawyer is a trained professional who advises and represents clients in various legal matters, such as disputes, contracts, and court cases.  They are responsible for:

1."
1024,Lawyer,Briefly describe a Lawyer.,"A lawyer is a professional who specializes in the law and represents clients in various legal matters, such as:

* Advising on contracts and agreements
* Representing clients in court cases
* Conducting research and analysis to support legal arguments
* Negotiating settlements and resolutions
* Providing guidance on compliance with laws and regulations

Lawyers often work for private firms, governments, or non-profit organizations, and may specialize in specific areas of law, such as corporate law, family law, or intellectual property law.."
1025,Lawyer,Briefly describe a Lawyer.,"A lawyer, also known as an attorney, is a professional who specializes in the practice of law.  They are trained to provide legal advice and representation to individuals, businesses, organizations, or governments in various matters such as:

* Advising clients on laws and regulations
* Drafting and reviewing contracts and agreements
* Representing clients in court cases
* Negotiating settlements and resolutions
* Conducting research and analysis of legal issues

Lawyers are typically licensed by the government to practice law and may specialize in specific areas, such as family law, tax law, or corporate law."
1026,Lawyer,Briefly describe a Lawyer.,"A lawyer is a trained professional who represents clients in legal matters and advocates on their behalf in court or before other authorities.  Lawyers are responsible for:

* Advising clients on their rights and options
* Representing clients in court cases, negotiations, and other legal proceedings
* Drafting and reviewing documents, such as contracts and agreements
* Conducting research and investigations to gather evidence and information
* Communicating with judges, opponents, and other stakeholders

Lawyers typically hold a law degree (J."
1027,Lawyer,Briefly describe a Lawyer.,"A lawyer, also known as an attorney or solicitor, is a trained professional who represents clients in legal matters and provides expert advice on laws and regulations.  They often work in law firms, government agencies, or private practice, and are responsible for:

* Advising clients on legal issues
* Representing clients in court cases
* Drafting and negotiating contracts and agreements
* Conducting research and investigations
* Providing guidance on compliance with laws and regulations

Lawyers typically have a Juris Doctor (J."
1028,Lawyer,Briefly describe a Lawyer.,"A lawyer is a trained professional who practices law, advising and representing clients on various legal matters.  They are responsible for interpreting laws, negotiating agreements, drafting documents, and advocating for their clients' rights in court."
1029,Lawyer,Briefly describe a Lawyer.,"A lawyer, also known as an attorney or counsel, is a professional who practices law and represents clients in various legal matters.  They are trained to analyze laws, provide advice, and represent clients in court, negotiating agreements, and resolving disputes."
1030,Lawyer,Briefly describe a Lawyer.,"A lawyer, also known as an attorney, is a trained professional who advises and represents individuals, organizations, or governments in matters of law.  Their primary duties include:

* Providing legal advice and guidance
* Drafting and reviewing contracts, agreements, and other documents
* Representing clients in court proceedings
* Negotiating settlements and resolving disputes
* Ensuring compliance with laws and regulations

Lawyers often specialize in specific areas of law, such as corporate law, family law, or intellectual property law."
1031,Lawyer,Briefly describe a Lawyer.,"A lawyer is a trained professional who specializes in the law and provides legal advice, representation, and services to individuals, organizations, or businesses.  They are responsible for:

* Advising clients on their rights and obligations
* Representing clients in court cases and negotiations
* Drafting and reviewing contracts, agreements, and other legal documents
* Conducting research and investigations to gather evidence and facts
* Providing guidance on compliance with laws and regulations

Lawyers work in various settings, including private practice, government agencies, corporations, and non-profit organizations."
1032,Lawyer,Briefly describe a Lawyer.,"A lawyer, also known as an attorney or solicitor, is a licensed professional who practices law.  Their primary role is to advise and represent clients in various legal matters, such as:

* Providing guidance on laws and regulations
* Drafting and reviewing contracts
* Representing clients in court cases
* Negotiating settlements and agreements
* Advocating for clients' rights

Lawyers often specialize in specific areas of law, such as family law, criminal law, or business law."
1033,Lawyer,Briefly describe a Lawyer.,"A lawyer is an individual who has been qualified and licensed to practice law, providing legal advice and representation to clients in various settings, such as courts, businesses, governments, or non-profit organizations.  They are trained to apply the laws and regulations of their jurisdiction to assist clients with issues related to contracts, disputes, family law, property, and other areas of law."
1034,Lawyer,Briefly describe a Lawyer.,"A lawyer, also known as an attorney, is a trained professional who practices law.  Their primary role is to advise and represent clients in various legal matters, such as court cases, contracts, and disputes."
1035,Lawyer,Briefly describe a Lawyer.,"A lawyer, also known as an attorney or solicitor, is a professional who practices law and represents clients in various legal matters.  They provide advice, representation, and advocacy to individuals, businesses, governments, and other organizations in areas such as:

* Litigation (court cases)
* Negotiation
* Contract review and drafting
* Estate planning
* Business law

Lawyers typically hold a Juris Doctor (J."
1036,Lawyer,Briefly describe a Lawyer.,"A lawyer, also known as an attorney, is a trained professional who represents clients in various legal matters, such as:

* Representing individuals or organizations in court
* Drafting and reviewing contracts, agreements, and other documents
* Providing advice on laws and regulations
* Conducting research to gather information and evidence
* Negotiating settlements and resolving disputes

Lawyers typically have a law degree (J. D."
1037,Lawyer,Briefly describe a Lawyer.,"A lawyer, also known as an attorney or solicitor, is a trained professional who practices law and provides legal services to clients.  They are responsible for:

* Representing clients in court cases
* Providing advice on laws and regulations
* Drafting and reviewing contracts and documents
* Conducting research and investigations
* Negotiating settlements and resolutions

Lawyers typically require a law degree (J."
1038,Lawyer,Briefly describe a Lawyer.,"A lawyer, also known as an attorney, is a licensed professional who practices law and represents clients in various legal matters.  Their primary duties include:

1."
1039,Lawyer,Briefly describe a Lawyer.,"A lawyer is a professional who practices law, representing clients in various legal matters and providing advice on laws and regulations.  Their primary duties include:

* Representing clients in court cases
* Drafting and reviewing contracts, agreements, and other documents
* Conducting research and analysis to identify relevant laws and precedents
* Advising clients on their rights and obligations under the law
* Negotiating settlements and resolving disputes

Lawyers typically hold a Juris Doctor (J."
1040,Lawyer,Briefly describe a Lawyer.,"A lawyer is a trained professional who specializes in the practice of law, providing legal advice and representation to individuals, businesses, and organizations.  They are responsible for:

* Analyzing laws and regulations
* Representing clients in court cases or negotiations
* Drafting documents, such as contracts and agreements
* Providing guidance on legal matters
* Advocating for clients' interests

Lawyers typically hold a law degree (J."
1041,Lawyer,Briefly describe a Lawyer.,"A lawyer, also known as an attorney or solicitor, is a trained professional who specializes in the application of laws and regulations to provide legal advice and representation to individuals, businesses, organizations, or governments.  They help clients navigate complex legal issues, draft and review contracts, represent them in court, and advocate for their rights and interests in various forums."
1042,Lawyer,Briefly describe a Lawyer.,"A lawyer is a trained professional who advises and represents individuals, businesses, or organizations in legal matters.  Their primary role is to ensure that their clients' rights are protected and that they receive fair treatment under the law."
1043,Lawyer,Briefly describe a Lawyer.,"A lawyer, also known as an attorney, is a trained professional who specializes in the law and represents clients in various legal matters.  Their primary role is to:

1."
1044,Lawyer,Briefly describe a Lawyer.,"A lawyer, also known as an attorney or solicitor, is a trained professional who advises and represents individuals, businesses, or organizations in legal matters.  They are responsible for:

* Interpreting laws and regulations
* Analyzing evidence and advising clients on potential outcomes
* Representing clients in court, negotiations, or other legal proceedings
* Drafting and reviewing contracts, agreements, and documents
* Providing counsel on compliance with laws and regulations

Lawyers typically have a law degree (J."
1045,Lawyer,Briefly describe a Lawyer.,"A lawyer is a trained professional who advises and represents individuals, businesses, or organizations in matters involving law, such as disputes, contracts, and regulations.  They are responsible for:

* Interpreting laws and regulations
* Providing legal advice
* Drafting documents (e."
1046,Lawyer,Briefly describe a Lawyer.,"A lawyer, also known as an attorney or solicitor, is a licensed professional who specializes in the practice of law.  Their primary role is to advise and represent clients on legal matters, ensuring that their rights and interests are protected under the law."
1047,Lawyer,Briefly describe a Lawyer.,"A lawyer, also known as an attorney or solicitor, is a trained professional who advises and represents individuals, businesses, or organizations in matters related to law.  They:

1."
1048,Lawyer,Briefly describe a Lawyer.,"A lawyer, also known as an attorney, is a trained professional who represents clients in legal matters and advises them on laws and regulations.  Lawyers help clients with various issues such as:

* Drafting and reviewing contracts
* Representing clients in court cases
* Providing counsel on business, personal, or family law matters
* Resolving disputes through negotiation or mediation

To become a lawyer, one typically needs to earn a Juris Doctor (J."
1049,Lawyer,Briefly describe a Lawyer.,"A lawyer, also known as an attorney or advocate, is a trained professional who advises and represents clients in legal matters, such as trials, court cases, and negotiations.  They are responsible for:

1."
1050,Lawyer,Briefly describe a Lawyer.,"A lawyer, also known as an attorney or solicitor, is a professional who provides legal advice and representation to individuals, organizations, or governments in various legal matters.  Their primary responsibilities include:

1."
1051,Lawyer,Briefly describe a Lawyer.,"A lawyer, also known as an attorney, is a trained professional who advises and represents individuals or organizations in legal matters.  Their primary role is to provide guidance on laws and regulations, help clients navigate the legal system, and advocate for their interests in court or other forums."
1052,Lawyer,Briefly describe a Lawyer.,"A lawyer, also known as an attorney, is a licensed professional who practices law and advises clients on various legal matters.  They represent individuals, businesses, or organizations in court and outside of it to resolve disputes, negotiate agreements, and provide guidance on laws and regulations."
1053,Lawyer,Briefly describe a Lawyer.,"A lawyer is a professional who specializes in the practice of law, advising and representing clients on legal matters.  They are trained to interpret laws, advise on legal issues, and represent their clients in court or negotiate with opposing parties."
1054,Lawyer,Briefly describe a Lawyer.,"A lawyer, also known as an attorney, is a trained professional who advises and represents individuals, businesses, or organizations in legal matters.  They have expertise in various areas of law, such as contract law, family law, criminal law, and more."
1055,Lawyer,Briefly describe a Lawyer.,"A lawyer, also known as an attorney, is a trained professional who practices law and advises clients on legal matters.  Their primary role is to provide guidance and representation to individuals, businesses, or organizations in various legal issues, such as:

* Negotiating contracts
* Resolving disputes
* Representing clients in court
* Advising on legal compliance
* Drafting and reviewing legal documents

Lawyers typically hold a law degree (J."
1056,Lawyer,Briefly describe a Lawyer.,"A lawyer, also known as an attorney, is a trained professional who advises and represents individuals, businesses, or organizations in matters related to law.  They provide legal representation, negotiate agreements, and advocate on behalf of their clients in courts, administrative agencies, and other tribunals."
1057,Lawyer,Briefly describe a Lawyer.,"A lawyer, also known as an attorney, is a trained professional who advises and represents clients in various legal matters, such as contracts, disputes, trials, and other law-related issues.  They are authorized to practice law in their jurisdiction and have the expertise to:

* Interpret laws and regulations
* Advise clients on their rights and obligations
* Represent clients in court or negotiations
* Draft documents and agreements
* Negotiate settlements

Lawyers typically hold a Juris Doctor (J."
1058,Lawyer,Briefly describe a Lawyer.,"A lawyer is a licensed professional who practices law, representing clients in various legal matters such as trials, negotiations, and contract reviews.  They advise clients on their rights and obligations, draft legal documents, and advocate on their behalf in court."
1059,Lawyer,Briefly describe a Lawyer.,"A lawyer, also known as an attorney or solicitor, is a trained professional who advises and represents individuals, businesses, or organizations in various legal matters.  Their primary role is to provide legal guidance, negotiate contracts, represent clients in court, and advocate on their behalf."
1060,Lawyer,Briefly describe a Lawyer.,"A lawyer, also known as an attorney, is a trained professional who advises and represents clients in various legal matters.  Their primary duties include:

* Interpreting and applying laws to resolve disputes or issues
* Drafting and reviewing contracts, agreements, and other documents
* Representing clients in court proceedings, negotiations, or mediation
* Providing legal advice and guidance on various aspects of law

Lawyers work in a variety of settings, including private practice, government agencies, non-profit organizations, and corporations."
1061,Lawyer,Briefly describe a Lawyer.,"A lawyer, also known as an attorney or solicitor, is a trained professional who specializes in the practice of law.  They are educated and licensed to represent individuals, organizations, or governments in various legal matters, such as:

* Providing legal advice
* Drafting contracts and agreements
* Representing clients in court
* Negotiating settlements
* Advancing policy goals through advocacy

Lawyers typically have a degree in law (J."
1062,Lawyer,Briefly describe a Lawyer.,"A lawyer, also known as an attorney or legal professional, is a trained expert who advises and represents individuals, organizations, or government entities in matters related to the law.  Their primary role is to:

* Interpret and apply laws and regulations
* Provide legal advice and counsel
* Represent clients in court cases, negotiations, and other legal proceedings
* Prepare and review documents, such as contracts and agreements
* Advocate for their clients' rights and interests

Lawyers often specialize in specific areas of law, such as criminal defense, family law, or corporate law."
1063,Lawyer,Briefly describe a Lawyer.,"A lawyer, also known as an attorney, is a professional who specializes in the practice of law.  They are trained to advise and represent clients in various legal matters, such as contracts, disputes, trials, and other legal proceedings."
1064,Lawyer,Briefly describe a Lawyer.,"A lawyer, also known as an attorney or solicitor, is a trained professional who advises and represents individuals, businesses, or organizations in matters of law.  They provide legal guidance, representation, and advocacy in various areas such as:

* Contract disputes
* Family law
* Personal injury claims
* Business law
* Criminal defense

Lawyers are educated and licensed to practice law, typically earning a Juris Doctor (J."
1065,Lawyer,Briefly describe a Lawyer.,"A lawyer, also known as an attorney, is a trained professional who specializes in the practice of law.  Their primary role is to advise and represent clients on various legal matters, such as contracts, disputes, and court cases."
1066,Lawyer,Briefly describe a Lawyer.,"A lawyer, also known as an attorney or solicitor, is a trained professional who specializes in the application of laws and regulations to help individuals, organizations, and institutions resolve disputes, navigate legal issues, and achieve their goals. 

Lawyers typically:

* Advise clients on matters related to law and regulation
* Represent clients in court cases, negotiations, and other dispute resolution processes
* Draft and review contracts, agreements, and other documents
* Conduct research and analysis of laws and regulations
* Provide counsel on compliance with laws and regulations

There are various types of lawyers, including:

* Corporate lawyers (specializing in business law)
* Personal injury lawyers (specializing in accidents and injuries)
* Family law lawyers (specializing in divorce, child custody, and family relationships)
* Intellectual property lawyers (specializing in patents, trademarks, and copyrights)

Overall, lawyers play a crucial role in the justice system, helping to ensure that laws are applied fairly and justly."
1067,Lawyer,Briefly describe a Lawyer.,"A lawyer is a trained professional who specializes in the practice of law, representing clients in various legal matters such as contracts, disputes, and litigation.  They are responsible for:

* Advising clients on legal issues
* Drafting and negotiating documents (e."
1068,Lawyer,Briefly describe a Lawyer.,"A lawyer, also known as an attorney or counsel, is a trained professional who specializes in the practice of law.  They provide legal advice and representation to individuals, businesses, organizations, and governments, helping them navigate complex laws and regulations."
1069,Lawyer,Briefly describe a Lawyer.,"A lawyer is a professional who specializes in the practice of law, representing clients in various legal matters and providing advice on laws and regulations.  They are responsible for:

1."
1070,Lawyer,Briefly describe a Lawyer.,"A lawyer, also known as an attorney, is a trained professional who advises and represents clients in legal matters.  They are responsible for interpreting laws, conducting investigations, negotiating with opposing parties, and representing their clients in court."
1071,Lawyer,Briefly describe a Lawyer.,"A lawyer is a trained professional who advises and represents clients in various legal matters, such as disputes, contracts, and court cases.  They are responsible for:

* Providing legal advice and guidance to clients
* Representing clients in court or other dispute resolution forums
* Drafting and negotiating agreements, contracts, and documents
* Analyzing laws and regulations to ensure compliance
* Managing and resolving conflicts

Lawyers typically hold a Juris Doctor (J."
1072,Lawyer,Briefly describe a Lawyer.,"A lawyer, also known as an attorney or solicitor, is a trained professional who advises and represents individuals, businesses, or organizations in various legal matters.  Their primary role is to:

* Interpret and apply laws
* Advise clients on their rights and obligations
* Represent clients in court cases, negotiations, and other legal proceedings
* Draft and review contracts, agreements, and documents
* Provide guidance on compliance with regulations and laws

Lawyers often specialize in specific areas of law, such as corporate law, family law, or intellectual property law."
1073,Lawyer,Briefly describe a Lawyer.,"A lawyer, also known as an attorney, is a trained professional who represents clients in various legal matters, such as disputes, trials, and negotiations.  Their primary role is to provide advice and representation to individuals, businesses, or organizations in the courtroom, helping them navigate laws and regulations."
1074,Lawyer,Briefly describe a Lawyer.,"A lawyer, also known as an attorney, is a trained professional who represents clients in legal matters and advocates on their behalf in court or before government agencies.  Lawyers are responsible for:

* Providing advice on laws and regulations
* Representing clients in court cases, negotiations, and other legal proceedings
* Drafting documents, such as contracts and wills
* Conducting investigations and gathering evidence
* Negotiating settlements and resolving disputes

Lawyers typically hold a Juris Doctor (J."
1075,Lawyer,Briefly describe a Lawyer.,"A lawyer is a trained professional who specializes in the practice of law, representing clients in various legal matters and advocating for their rights and interests.  Lawyers are typically educated at law school and licensed to practice law in a particular jurisdiction."
1076,Lawyer,Briefly describe a Lawyer.,"A lawyer, also known as an attorney, is a trained professional who represents clients in legal matters and advises them on laws, regulations, and court procedures.  Lawyers are responsible for:

* Analyzing and interpreting laws to advise clients
* Representing clients in court, negotiations, and other disputes
* Preparing and filing documents, such as contracts and lawsuits
* Conducting investigations and gathering evidence
* Negotiating settlements and resolving disputes

Lawyers work in various fields, including corporate law, family law, personal injury law, and more."
1077,Lawyer,Briefly describe a Lawyer.,"A lawyer, also known as an attorney, is a professional who specializes in the practice of law.  They are trained to provide legal advice and representation to individuals, businesses, or organizations in various matters such as:

* Litigation (court cases)
* Negotiation
* Contract review and drafting
* Estate planning
* Business transactions

Lawyers must have a strong understanding of laws, regulations, and court procedures to effectively advocate for their clients' interests."
1078,Lawyer,Briefly describe a Lawyer.,"A lawyer is a professional who specializes in the practice of law, providing legal advice and representation to individuals, organizations, or governments.  Their primary role involves:

* Analyzing and interpreting laws
* Providing legal counsel on various matters
* Representing clients in court proceedings
* Drafting and reviewing contracts and documents
* Negotiating settlements and disputes
* Advocating for their client's rights and interests

Lawyers may specialize in specific areas of law, such as corporate law, family law, or intellectual property law."
1079,Lawyer,Briefly describe a Lawyer.,"A lawyer, also known as an attorney, is a professional who represents clients in various legal matters, such as:

* Negotiating contracts and agreements
* Representing clients in court cases
* Providing advice on laws and regulations
* Drafting and filing documents, like wills and patents
* Advising on business, financial, or personal issues

Lawyers typically have a law degree (J. D."
1080,Lawyer,Briefly describe a Lawyer.,"A lawyer, also known as an attorney, is a trained professional who represents clients in various legal matters, such as:

* Advising on laws and regulations
* Drafting contracts and agreements
* Representing clients in court
* Negotiating settlements
* Providing counsel on business, personal, or family law issues. 

 Lawyers are licensed to practice law in their jurisdiction and must meet specific education, training, and experience requirements."
1081,Lawyer,Briefly describe a Lawyer.,"A lawyer, also known as an attorney or solicitor, is a trained professional who specializes in the practice of law.  Their primary role is to advise and represent clients in various legal matters, such as:

* Providing guidance on laws and regulations
* Drafting and reviewing contracts, agreements, and documents
* Representing clients in court, negotiating settlements, and resolving disputes
* Conducting research and investigations to support legal cases

Lawyers work in various settings, including private practice firms, government agencies, corporations, and non-profit organizations."
1082,Lawyer,Briefly describe a Lawyer.,"A lawyer is a professional who practices law, representing clients in various legal matters such as disputes, contracts, and other issues.  They are trained to interpret laws, advise clients on their rights and obligations, and advocate for them in court or negotiations."
1083,Lawyer,Briefly describe a Lawyer.,"A lawyer is a trained professional who specializes in the practice of law, representing clients in various legal matters and providing expert advice on laws and regulations.  They typically hold a Juris Doctor (J."
1084,Lawyer,Briefly describe a Lawyer.,"A lawyer, also known as an attorney, is a trained professional who advises and represents clients in legal matters.  They are authorized to practice law and provide services such as:

* Drafting and reviewing contracts
* Representing clients in court
* Providing advice on laws and regulations
* Resolving disputes through negotiation or mediation
* Conducting investigations

Lawyers typically have a Juris Doctor (J."
1085,Lawyer,Briefly describe a Lawyer.,"A lawyer is a trained professional who advises and represents individuals, businesses, or organizations in various legal matters, such as:

* Representing clients in court cases
* Drafting and reviewing contracts
* Providing counsel on laws and regulations
* Negotiating agreements and settlements
* Conducting investigations and gathering evidence

Lawyers typically hold a law degree (J. D."
1086,Lawyer,Briefly describe a Lawyer.,"A lawyer, also known as an attorney or solicitor, is a trained professional who advises and represents individuals or organizations in matters related to the law.  Their primary role is to interpret and apply the law to help clients resolve disputes, negotiate agreements, and achieve their goals."
1087,Lawyer,Briefly describe a Lawyer.,"A lawyer, also known as an attorney, is a licensed professional who represents clients in various legal matters.  Their primary role is to provide legal advice and representation to individuals, businesses, or organizations in court, negotiations, and other legal proceedings."
1088,Lawyer,Briefly describe a Lawyer.,"A lawyer is a trained professional who specializes in the practice of law, which involves advising clients on legal matters, representing them in court, and negotiating agreements.  Lawyers are educated in the laws of their jurisdiction and often hold a Juris Doctor (J."
1089,Lawyer,Briefly describe a Lawyer.,"A lawyer is a trained professional who practices law, representing clients in various legal matters and providing guidance on laws and regulations.  They typically hold a Juris Doctor (J."
1090,Lawyer,Briefly describe a Lawyer.,"A lawyer is a professional who practices law, providing legal advice and representation to individuals, organizations, or government entities in various aspects of the law, such as contracts, disputes, and court cases.  They are trained to analyze laws, regulations, and court decisions to advocate for their clients' rights and interests, and may specialize in specific areas of law, such as corporate law, family law, or criminal defense."
1091,Lawyer,Briefly describe a Lawyer.,"A lawyer, also known as an attorney, is a trained professional who advises and represents individuals or organizations in matters related to law, such as court cases, contracts, and disputes.  They are responsible for interpreting laws, negotiating agreements, and advocating for their clients' rights in the courtroom."
1092,Lawyer,Briefly describe a Lawyer.,"A lawyer, also known as an attorney, is a licensed professional who practices law and represents clients in various legal matters.  Their primary role is to provide advice, represent clients in court, and negotiate agreements on their behalf."
1093,Lawyer,Briefly describe a Lawyer.,"A lawyer, also known as an attorney or solicitor, is a trained professional who advises and represents clients in various legal matters.  Their primary role is to:

1."
1094,Lawyer,Briefly describe a Lawyer.,"A lawyer, also known as an attorney or solicitor, is a professional who practices law and represents clients in various legal matters.  Their primary duties include:

* Advising clients on legal issues
* Representing clients in court or through negotiations
* Drafting and reviewing legal documents
* Conducting research and investigations
* Providing counsel on contracts, disputes, and other legal issues

Lawyers typically have a law degree (J."
1095,Lawyer,Briefly describe a Lawyer.,"A lawyer is a trained professional who represents clients in legal matters, advising them on laws and regulations, preparing and presenting cases, and advocating for their rights in court.  Lawyers typically hold a Juris Doctor (J."
1096,Lawyer,Briefly describe a Lawyer.,"A lawyer, also known as an attorney or solicitor, is a trained professional who advises and represents clients in various legal matters, such as:

* Litigating cases in court
* Drafting and reviewing contracts and agreements
* Providing guidance on laws and regulations
* Representing clients in negotiations and settlements
* Conducting research and analysis to support legal arguments

Lawyers typically have a law degree (Juris Doctor or LL. B."
1097,Lawyer,Briefly describe a Lawyer.,"A lawyer, also known as an attorney or solicitor, is a trained professional who advises and represents clients in legal matters, such as disputes, contracts, and court cases.  They are responsible for interpreting laws, conducting research, negotiating, and presenting arguments to achieve their client's goals."
1098,Lawyer,Briefly describe a Lawyer.,"A lawyer, also known as an attorney or solicitor, is a trained professional who advises and represents individuals, organizations, or businesses in legal matters.  Their primary role is to:

* Interpret and apply the law
* Advise clients on their rights and obligations
* Represent clients in court or other legal proceedings
* Negotiate agreements and settlements

Lawyers typically hold a law degree (J."
1099,Lawyer,Briefly describe a Lawyer.,"A lawyer is a trained professional who represents clients in various legal matters, such as contracts, disputes, and court cases.  Their primary role is to provide expert advice, negotiate on behalf of their clients, and advocate for their rights in the courts."
1100,Lawyer,Briefly describe a Lawyer.,"A lawyer, also known as an attorney, is a licensed professional who represents clients in various legal matters.  Their primary responsibilities include:

* Advising clients on legal issues and providing guidance
* Representing clients in court or other legal proceedings
* Drafting and negotiating contracts, agreements, and other documents
* Conducting research to gather information and build cases
* Communicating with clients, judges, and other parties involved in a case

Lawyers work in various settings, including private practice, government agencies, corporations, and non-profit organizations."
1101,Lawyer,What is an activity typically enjoyed by a Lawyer?,"While lawyers may enjoy various activities, here are some common ones:

1.  **Reading**: Lawyers often enjoy reading books on law, history, politics, and current events."
1102,Lawyer,What is an activity typically enjoyed by a Lawyer?,"While lawyers often have demanding careers, many enjoy activities that help them relax and recharge.  Here are some common activities typically enjoyed by lawyers:

1."
1103,Lawyer,What is an activity typically enjoyed by a Lawyer?,"While lawyers may have diverse interests, here are some activities that are commonly enjoyed by many:

1.  **Reading**: Lawyers often enjoy reading books on history, philosophy, law, politics, and fiction."
1104,Lawyer,What is an activity typically enjoyed by a Lawyer?,"While lawyers may not be known for their love of ""fun"" activities, many enjoy hobbies and pursuits that help them relax and express their creative side.  Here are some popular activities typically enjoyed by lawyers:

1."
1105,Lawyer,What is an activity typically enjoyed by a Lawyer?,"While lawyers are often stereotyped as being too serious or workaholic, many enjoy activities that help them relax and recharge.  Here are some popular activities that lawyers might enjoy:

1."
1106,Lawyer,What is an activity typically enjoyed by a Lawyer?,"While lawyers are often stereotyped as being busy with work, many enjoy activities that help them relax and maintain a healthy work-life balance.  Here are some activities that are commonly enjoyed by lawyers:

1."
1107,Lawyer,What is an activity typically enjoyed by a Lawyer?,"While lawyers may have diverse interests, some activities that are commonly enjoyed by lawyers include:

1.  Reading and writing: Many lawyers enjoy reading and writing, often as a way to stay up-to-date with industry developments, analyze complex cases, or express themselves creatively."
1108,Lawyer,What is an activity typically enjoyed by a Lawyer?,"While lawyers are known for their busy schedules and demanding work, many enjoy activities outside of the courtroom that help them relax and recharge.  Here are some common activities that lawyers might enjoy:

1."
1109,Lawyer,What is an activity typically enjoyed by a Lawyer?,"While lawyers may not be known for their leisure activities, many enjoy hobbies and pursuits outside of work that allow them to relax, socialize, or express their creative side.  Here are some common activities typically enjoyed by lawyers:

1."
1110,Lawyer,What is an activity typically enjoyed by a Lawyer?,"While lawyers may have diverse interests, some activities that are commonly enjoyed by them include:

1.  Reading: Lawyers often enjoy reading books on history, philosophy, law, and politics."
1111,Lawyer,What is an activity typically enjoyed by a Lawyer?,"While lawyers may have diverse interests, some activities that are commonly enjoyed by lawyers include:

1.  Reading: Many lawyers enjoy reading books, articles, and blogs related to law, politics, and current events."
1112,Lawyer,What is an activity typically enjoyed by a Lawyer?,"While lawyers are known for their busy schedules and demanding work, many enjoy various activities outside of the courtroom.  Here are some common activities that lawyers often enjoy:

1."
1113,Lawyer,What is an activity typically enjoyed by a Lawyer?,"While lawyers may have diverse interests, here are some activities that are commonly enjoyed by many:

1.  **Reading**: Lawyers often enjoy reading books on law, history, politics, and social issues."
1114,Lawyer,What is an activity typically enjoyed by a Lawyer?,"While lawyers may have diverse interests, some activities that are commonly enjoyed by lawyers include:

1.  Reading: Lawyers often enjoy reading books on history, politics, law, and fiction to stay informed and expand their knowledge."
1115,Lawyer,What is an activity typically enjoyed by a Lawyer?,"While lawyers may not have a lot of time for leisure activities, many enjoy the following hobbies and pursuits:

1.  Reading: Lawyers often enjoy reading legal texts, case law, and non-fiction books on various subjects, including history, politics, and social sciences."
1116,Lawyer,What is an activity typically enjoyed by a Lawyer?,"While lawyers may have varying interests, here are some activities that are commonly enjoyed by many:

1.  Reading: Lawyers often enjoy reading books, articles, and blogs related to law, politics, history, or current events."
1117,Lawyer,What is an activity typically enjoyed by a Lawyer?,"While lawyers come from diverse backgrounds and interests, here are some activities that many lawyers tend to enjoy:

1.  **Reading**: Lawyers often enjoy reading books, articles, and news related to their field of practice, as well as fiction and non-fiction outside of the law."
1118,Lawyer,What is an activity typically enjoyed by a Lawyer?,"While lawyers may not have a specific ""hobby"" that's unique to their profession, many enjoy activities that are intellectually stimulating, strategic, or provide a sense of accomplishment.  Here are some activities that might be typical of a lawyer:

1."
1119,Lawyer,What is an activity typically enjoyed by a Lawyer?,"While lawyers may have diverse interests, many enjoy activities that allow them to exercise their critical thinking skills, challenge themselves intellectually, and engage in social interactions.  Here are some activities typically enjoyed by lawyers:

1."
1120,Lawyer,What is an activity typically enjoyed by a Lawyer?,"While lawyers may not have a lot of free time due to their demanding work schedules, many enjoy activities outside of the courtroom or office that help them relax and unwind.  Here are some common activities that lawyers might enjoy:

1."
1121,Lawyer,What is an activity typically enjoyed by a Lawyer?,"While lawyers may not be known for their love of leisure activities, many enjoy the following:

1.  Reading: Lawyers often enjoy reading books on history, philosophy, politics, and current events."
1122,Lawyer,What is an activity typically enjoyed by a Lawyer?,"While lawyers may not be as commonly associated with leisure activities, many enjoy various hobbies and pursuits in their free time.  Here are some activities that might be typical of a lawyer:

1."
1123,Lawyer,What is an activity typically enjoyed by a Lawyer?,"While lawyers are often stereotyped as being too busy with work, many of them enjoy activities outside of the courtroom or office.  Here are some common activities that lawyers might enjoy:

1."
1124,Lawyer,What is an activity typically enjoyed by a Lawyer?,"While lawyers may not always be associated with traditional ""fun"" activities, many enjoy hobbies and pursuits that help them relax, stimulate their minds, or combine their professional skills with personal interests.  Here are some activities typically enjoyed by lawyers:

1."
1125,Lawyer,What is an activity typically enjoyed by a Lawyer?,"While lawyers are known for their intense focus on work, many enjoy activities that allow them to relax and unwind.  Here are some common activities that lawyers might enjoy:

1."
1126,Lawyer,What is an activity typically enjoyed by a Lawyer?,"While lawyers are known for their busy schedules and demanding work, many enjoy activities outside of the courtroom or office that help them relax and express their creativity.  Here are some activities that are commonly enjoyed by lawyers:

1."
1127,Lawyer,What is an activity typically enjoyed by a Lawyer?,"While lawyers come from diverse backgrounds and interests, some activities that are commonly enjoyed by lawyers include:

1.  Reading: Lawyers often enjoy reading law books, court decisions, and legal articles to stay updated on their field and improve their skills."
1128,Lawyer,What is an activity typically enjoyed by a Lawyer?,"While lawyers are often stereotyped as being boring or sedentary, many enjoy activities that help them relax and recharge outside of work.  Here are some common activities that lawyers might enjoy:

1."
1129,Lawyer,What is an activity typically enjoyed by a Lawyer?,"While lawyers may not have as many free hours as they think, many enjoy activities outside of work that help them relax and express their creativity.  Here are some popular activities typically enjoyed by lawyers:

1."
1130,Lawyer,What is an activity typically enjoyed by a Lawyer?,"While lawyers may not have a lot of free time, many enjoy activities that allow them to relax and unwind.  Here are some common activities that are often enjoyed by lawyers:

1."
1131,Lawyer,What is an activity typically enjoyed by a Lawyer?,"While lawyers are often stereotyped as being busy and stressed, many enjoy various activities outside of work that help them relax and express their personality.  Here are some popular activities typically enjoyed by lawyers:

1."
1132,Lawyer,What is an activity typically enjoyed by a Lawyer?,"While lawyers are known for their busy schedules and long hours, many enjoy activities that help them relax and recharge.  Here are some activities that are typically enjoyed by lawyers:

1."
1133,Lawyer,What is an activity typically enjoyed by a Lawyer?,"While lawyers are often stereotyped as being busy and stressed, many enjoy activities outside of work that reflect their personality, interests, or skills.  Here are some popular activities typically enjoyed by lawyers:

1."
1134,Lawyer,What is an activity typically enjoyed by a Lawyer?,"While lawyers may have diverse interests, some activities that are commonly enjoyed by them include:

1.  Reading: Many lawyers enjoy reading books on law, history, politics, and current events."
1135,Lawyer,What is an activity typically enjoyed by a Lawyer?,"While lawyers come from diverse backgrounds and interests, here are some activities that might be commonly enjoyed by many lawyers:

1.  Reading: Lawyers often enjoy reading books, articles, and online content related to law, politics, history, or current events."
1136,Lawyer,What is an activity typically enjoyed by a Lawyer?,"While lawyers are often stereotyped as being serious and focused on work, many lawyers enjoy activities that allow them to relax, be creative, or stay intellectually engaged.  Here are some activities that are commonly enjoyed by lawyers:

1."
1137,Lawyer,What is an activity typically enjoyed by a Lawyer?,"While lawyers are often stereotyped as being serious and workaholic, many enjoy activities outside of the courtroom that reflect their personality, interests, or stress relief.  Here are some activities that may be typically enjoyed by a lawyer:

1."
1138,Lawyer,What is an activity typically enjoyed by a Lawyer?,"While lawyers may have diverse interests and hobbies, here are some activities that are commonly enjoyed by lawyers:

1.  Reading: Lawyers often enjoy reading books on law, history, politics, philosophy, and fiction."
1139,Lawyer,What is an activity typically enjoyed by a Lawyer?,"While lawyers are often stereotyped as being serious and focused on work, many actually enjoy activities that allow them to relax, challenge themselves, or demonstrate their creative side.  Here are some activities that might be typical of a lawyer:

1."
1140,Lawyer,What is an activity typically enjoyed by a Lawyer?,"While lawyers are known for their intellectual and analytical skills, many enjoy activities that allow them to relax and have fun.  Here are some popular activities typically enjoyed by lawyers:

1."
1141,Lawyer,What is an activity typically enjoyed by a Lawyer?,"While lawyers may have diverse interests and hobbies, some activities that are commonly enjoyed by lawyers include:

1.  Reading: Lawyers often enjoy reading books on law-related topics, fiction, non-fiction, and even novels to unwind."
1142,Lawyer,What is an activity typically enjoyed by a Lawyer?,"While lawyers may have diverse interests, some activities that are commonly enjoyed by lawyers include:

1.  Reading: Lawyers often enjoy reading about law, history, politics, and current events."
1143,Lawyer,What is an activity typically enjoyed by a Lawyer?,"While lawyers may have diverse interests, some activities that are commonly enjoyed by them include:

1.  Reading: Lawyers often enjoy reading books on law, history, philosophy, and current events to stay informed and expand their knowledge."
1144,Lawyer,What is an activity typically enjoyed by a Lawyer?,"While lawyers may not be stereotyped as being outdoorsy or adventurous, many enjoy activities that help them relax and unwind.  Here are some common activities that lawyers often enjoy:

1."
1145,Lawyer,What is an activity typically enjoyed by a Lawyer?,"While lawyers are often stereotyped as being introverted and focused on work, many actually enjoy activities outside of the courtroom that help them relax and recharge.  Here are some activities that lawyers might typically enjoy:

1."
1146,Lawyer,What is an activity typically enjoyed by a Lawyer?,"While lawyers often have demanding careers, many enjoy activities that help them relax and maintain a healthy work-life balance.  Here are some activities that might be typical of a lawyer's leisure time:

1."
1147,Lawyer,What is an activity typically enjoyed by a Lawyer?,"While lawyers may not be stereotypically associated with certain activities, many enjoy the following:

1.  **Reading**: Lawyers often enjoy reading about law, history, politics, and current events."
1148,Lawyer,What is an activity typically enjoyed by a Lawyer?,"While lawyers may not be known for their love of sports or outdoor activities, many enjoy activities that are intellectually stimulating, social, and relaxing.  Here are some activities that are commonly enjoyed by lawyers:

1."
1149,Lawyer,What is an activity typically enjoyed by a Lawyer?,"While lawyers are often stereotyped as being workaholics, many enjoy activities that help them relax and de-stress.  Here are some common activities that lawyers might enjoy:

1."
1150,Lawyer,What is an activity typically enjoyed by a Lawyer?,"While lawyers are known for their intellectual and analytical work, many of them enjoy activities that require critical thinking, problem-solving, and strategic planning.  Here are some activities that are commonly enjoyed by lawyers:

1."
1151,Lawyer,What is an activity typically enjoyed by a Lawyer?,"While lawyers may have diverse interests, here are some activities that are commonly enjoyed by many:

1.  Reading: Lawyers often enjoy reading books on law, history, politics, and current events."
1152,Lawyer,What is an activity typically enjoyed by a Lawyer?,"While lawyers are known for their busy schedules and high-stress professions, many enjoy activities outside of the courtroom or office that help them relax and unwind.  Here are some common activities typically enjoyed by lawyers:

1."
1153,Lawyer,What is an activity typically enjoyed by a Lawyer?,"While lawyers are known for their busy schedules and demanding work, many enjoy activities outside of the courtroom that help them relax and unwind.  Here are some common activities typically enjoyed by lawyers:

1."
1154,Lawyer,What is an activity typically enjoyed by a Lawyer?,"While lawyers are known to be busy and demanding professionals, many of them enjoy activities outside of the courtroom or office that allow them to relax, socialize, and express their personalities.  Here are some popular activities typically enjoyed by lawyers:

1."
1155,Lawyer,What is an activity typically enjoyed by a Lawyer?,"While lawyers may not have as many hobbies or free time as others, here are some activities that are often enjoyed by lawyers:

1.  **Reading**: Lawyers tend to be avid readers, particularly of law-related books, history, and current events."
1156,Lawyer,What is an activity typically enjoyed by a Lawyer?,"While lawyers may have diverse interests and hobbies, some activities that are commonly enjoyed by lawyers include:

1.  Reading: Lawyers often enjoy reading books on law, history, politics, and current events."
1157,Lawyer,What is an activity typically enjoyed by a Lawyer?,"While lawyers may have varied interests, some activities that are commonly enjoyed by lawyers include:

1.  Reading and writing: Lawyers often enjoy reading and writing as a way to relax and maintain their critical thinking skills."
1158,Lawyer,What is an activity typically enjoyed by a Lawyer?,"While lawyers may have varied interests, some activities that are commonly enjoyed by them include:

1.  Reading: Lawyers often enjoy reading books on law, history, politics, and philosophy."
1159,Lawyer,What is an activity typically enjoyed by a Lawyer?,"While lawyers are known for their busy schedules and high-stress careers, many of them enjoy activities that allow them to relax, challenge themselves, or connect with others.  Here are some activities that are commonly enjoyed by lawyers:

1."
1160,Lawyer,What is an activity typically enjoyed by a Lawyer?,"While lawyers may not be known for their hobbies, many enjoy activities that help them relax and unwind.  Here are some common activities that lawyers might typically enjoy:

1."
1161,Lawyer,What is an activity typically enjoyed by a Lawyer?,"While lawyers are known for their busy schedules and high-stress careers, many enjoy activities outside of work that help them relax, socialize, or explore new interests.  Here are some popular activities typically enjoyed by lawyers:

1."
1162,Lawyer,What is an activity typically enjoyed by a Lawyer?,"While lawyers are often associated with long hours of studying and working on cases, many lawyers also enjoy activities outside of the courtroom.  Here are some popular activities that lawyers tend to enjoy:

1."
1163,Lawyer,What is an activity typically enjoyed by a Lawyer?,"While lawyers may not have a lot of free time, many enjoy activities that are intellectually stimulating, strategic, or related to their profession.  Here are some activities typically enjoyed by lawyers:

1."
1164,Lawyer,What is an activity typically enjoyed by a Lawyer?,"While lawyers may not be stereotypically associated with leisure activities, many lawyers enjoy engaging in hobbies and pursuits outside of the courtroom.  Here are some popular activities that lawyers might typically enjoy:

1."
1165,Lawyer,What is an activity typically enjoyed by a Lawyer?,"While lawyers may not have a plethora of hobbies that are directly related to their profession, many enjoy activities that provide a mental break or allow them to exercise other skills.  Here are some activities that are commonly enjoyed by lawyers:

1."
1166,Lawyer,What is an activity typically enjoyed by a Lawyer?,"While lawyers are known for their demanding work schedules and high stress levels, many enjoy activities that help them relax, stimulate their minds, or provide a sense of accomplishment.  Here are some activities that are commonly enjoyed by lawyers:

1."
1167,Lawyer,What is an activity typically enjoyed by a Lawyer?,"While lawyers may enjoy a wide range of activities, some common hobbies and interests that are often reported among lawyers include:

1.  Reading: Many lawyers enjoy reading books on history, law, politics, and literature."
1168,Lawyer,What is an activity typically enjoyed by a Lawyer?,"While lawyers are often stereotyped as being tied to their desks, many enjoy activities outside of work that help them relax and express their creative side.  Here are some popular activities that lawyers might enjoy:

1."
1169,Lawyer,What is an activity typically enjoyed by a Lawyer?,"While lawyers may have diverse interests, here are some activities that are commonly enjoyed by many:

1.  Reading: Lawyers often enjoy reading books on law, history, politics, and philosophy."
1170,Lawyer,What is an activity typically enjoyed by a Lawyer?,"While lawyers are often stereotyped as being book-smart and workaholic, many enjoy activities that allow them to relax, express their creativity, or connect with others.  Here are some activities that might be commonly enjoyed by lawyers:

1."
1171,Lawyer,What is an activity typically enjoyed by a Lawyer?,"While lawyers are known for their analytical and strategic minds, many enjoy activities that allow them to relax, socialize, or engage in creative pursuits outside of the courtroom.  Here are some popular activities that may be typically enjoyed by lawyers:

1."
1172,Lawyer,What is an activity typically enjoyed by a Lawyer?,"While lawyers are often stereotyped as being busy and focused on their work, many of them enjoy activities outside of the courtroom or office.  Here are some common hobbies and interests that lawyers might enjoy:

1."
1173,Lawyer,What is an activity typically enjoyed by a Lawyer?,"While lawyers may not have as much free time as others, many enjoy activities that help them relax and balance their work-life.  Here are some popular activities typically enjoyed by lawyers:

1."
1174,Lawyer,What is an activity typically enjoyed by a Lawyer?,"While lawyers may not have as much time for leisure activities due to their demanding work schedules, many enjoy hobbies and pursuits that provide a mental break from the law.  Here are some popular activities typically enjoyed by lawyers:

1."
1175,Lawyer,What is an activity typically enjoyed by a Lawyer?,"While lawyers are often stereotyped as being focused on work, many enjoy activities outside of the courtroom.  Here are some common activities that lawyers might enjoy:

1."
1176,Lawyer,What is an activity typically enjoyed by a Lawyer?,"While lawyers may have varied interests, some activities that are commonly enjoyed by lawyers include:

1.  Reading: Lawyers tend to be avid readers, especially of legal texts, books on law and philosophy, and fiction."
1177,Lawyer,What is an activity typically enjoyed by a Lawyer?,"While lawyers may have diverse interests, some activities that are commonly enjoyed by lawyers include:

1.  Reading: Lawyers often enjoy reading books, articles, and case law to stay up-to-date with the latest developments in their field."
1178,Lawyer,What is an activity typically enjoyed by a Lawyer?,"While lawyers may not have as much time for leisure activities as people in other professions, many enjoy the following:

1.  **Reading**: Lawyers often enjoy reading books, articles, and online content related to their field of law, such as business, politics, or history."
1179,Lawyer,What is an activity typically enjoyed by a Lawyer?,"While lawyers may have diverse interests, here are some activities that are commonly enjoyed by lawyers:

1.  **Reading**: Lawyers often enjoy reading about law, history, politics, and current events."
1180,Lawyer,What is an activity typically enjoyed by a Lawyer?,"While lawyers are often stereotyped as being serious and studious, many lawyers actually enjoy activities that help them relax and showcase their creative side.  Here are some activities that are commonly enjoyed by lawyers:

1."
1181,Lawyer,What is an activity typically enjoyed by a Lawyer?,"While lawyers may not have as much free time as they'd like, many enjoy activities that allow them to relax, socialize, or engage in hobbies outside of the courtroom.  Here are some activities that are commonly enjoyed by lawyers:

1."
1182,Lawyer,What is an activity typically enjoyed by a Lawyer?,"While lawyers may have diverse interests, many enjoy activities that allow them to engage in critical thinking, problem-solving, and strategic planning.  Here are some activities typically enjoyed by lawyers:

1."
1183,Lawyer,What is an activity typically enjoyed by a Lawyer?,"While lawyers are known for their busy schedules and demanding work, many enjoy activities that help them relax, exercise their creative side, or demonstrate their analytical skills.  Here are some activities that might be typically enjoyed by a lawyer:

1."
1184,Lawyer,What is an activity typically enjoyed by a Lawyer?,"While lawyers are often stereotyped as being introverted and workaholic, many enjoy activities that allow them to relax, be creative, or engage in intellectual pursuits.  Here are some activities that are typically enjoyed by lawyers:

1."
1185,Lawyer,What is an activity typically enjoyed by a Lawyer?,"While lawyers are often stereotyped as being busy and focused on their work, many enjoy activities that help them relax, stay mentally sharp, or showcase their creative side.  Here are some activities that are commonly enjoyed by lawyers:

1."
1186,Lawyer,What is an activity typically enjoyed by a Lawyer?,"While lawyers are often stereotyped as being serious and workaholic, many of them enjoy activities outside of the courtroom that allow them to unwind and express their creative sides.  Here are some activities that are commonly enjoyed by lawyers:

1."
1187,Lawyer,What is an activity typically enjoyed by a Lawyer?,"While lawyers are often stereotyped as being too serious or stressed, many enjoy activities that help them relax and recharge outside of the courtroom.  Here are some popular activities that lawyers might enjoy:

1."
1188,Lawyer,What is an activity typically enjoyed by a Lawyer?,"While lawyers are known to be busy professionals, many of them enjoy activities that allow them to relax and unwind.  Here are some activities that are commonly enjoyed by lawyers:

1."
1189,Lawyer,What is an activity typically enjoyed by a Lawyer?,"While lawyers are often stereotyped as being busy and focused on their work, many lawyers enjoy activities that help them relax, socialize, or showcase their creative side.  Here are some activities that lawyers might typically enjoy:

1."
1190,Lawyer,What is an activity typically enjoyed by a Lawyer?,"While lawyers are known for their busy schedules and long hours, many enjoy activities outside of work that reflect their personality, interests, or help them relax.  Here are some activities that might be typical of a lawyer:

1."
1191,Lawyer,What is an activity typically enjoyed by a Lawyer?,"While lawyers are known for their intense focus on work, many enjoy activities that help them relax and showcase their other interests.  Here are some common activities typically enjoyed by lawyers:

1."
1192,Lawyer,What is an activity typically enjoyed by a Lawyer?,"While lawyers come from diverse backgrounds and interests, some activities are commonly enjoyed by many of them.  Here are a few:

1."
1193,Lawyer,What is an activity typically enjoyed by a Lawyer?,"While lawyers may not have the same hobbies as individuals from other professions, many enjoy activities that stimulate their minds, challenge them, or provide a break from the demands of law practice.  Here are some activities that are often enjoyed by lawyers:

1."
1194,Lawyer,What is an activity typically enjoyed by a Lawyer?,"While lawyers may have diverse interests, some activities that are commonly enjoyed by lawyers include:

1.  Reading and writing: Many lawyers enjoy reading and writing as a way to relax and express themselves creatively."
1195,Lawyer,What is an activity typically enjoyed by a Lawyer?,"While lawyers are often stereotyped as being workaholics, many enjoy activities that help them relax and unwind.  Here are some common activities that lawyers might typically enjoy:

1."
1196,Lawyer,What is an activity typically enjoyed by a Lawyer?,"While lawyers are known for their busy schedules and demanding work, many enjoy various activities in their free time.  Here are some common activities that lawyers might typically enjoy:

1."
1197,Lawyer,What is an activity typically enjoyed by a Lawyer?,"While lawyers are known for their busy schedules and high-stress jobs, many enjoy various activities outside of work.  Here are some common activities that lawyers often enjoy:

1."
1198,Lawyer,What is an activity typically enjoyed by a Lawyer?,"While lawyers may not have as much free time as they'd like, many enjoy activities that help them relax and unwind outside of the courtroom or office.  Here are some activities that are commonly enjoyed by lawyers:

1."
1199,Lawyer,What is an activity typically enjoyed by a Lawyer?,"While lawyers may not be known for their love of leisure activities, many enjoy hobbies and pursuits that provide a break from the demands of practicing law.  Here are some activities that are often enjoyed by lawyers:

1."
1200,Lawyer,What is an activity typically enjoyed by a Lawyer?,"While lawyers may not have as much free time as they'd like, many enjoy activities that help them relax and unwind.  Here are some common activities typically enjoyed by lawyers:

1."
1201,Lawyer,"Finish the joke: A Lawyer walked into a bar,",..
1202,Lawyer,"Finish the joke: A Lawyer walked into a bar,",..
1203,Lawyer,"Finish the joke: A Lawyer walked into a bar,",..
1204,Lawyer,"Finish the joke: A Lawyer walked into a bar,",..
1205,Lawyer,"Finish the joke: A Lawyer walked into a bar,",..
1206,Lawyer,"Finish the joke: A Lawyer walked into a bar,",..
1207,Lawyer,"Finish the joke: A Lawyer walked into a bar,",..
1208,Lawyer,"Finish the joke: A Lawyer walked into a bar,",..
1209,Lawyer,"Finish the joke: A Lawyer walked into a bar,",..
1210,Lawyer,"Finish the joke: A Lawyer walked into a bar,",..
1211,Lawyer,"Finish the joke: A Lawyer walked into a bar,",..
1212,Lawyer,"Finish the joke: A Lawyer walked into a bar,",..
1213,Lawyer,"Finish the joke: A Lawyer walked into a bar,",..
1214,Lawyer,"Finish the joke: A Lawyer walked into a bar,",..
1215,Lawyer,"Finish the joke: A Lawyer walked into a bar,",..
1216,Lawyer,"Finish the joke: A Lawyer walked into a bar,",..
1217,Lawyer,"Finish the joke: A Lawyer walked into a bar,",..
1218,Lawyer,"Finish the joke: A Lawyer walked into a bar,",..
1219,Lawyer,"Finish the joke: A Lawyer walked into a bar,",..
1220,Lawyer,"Finish the joke: A Lawyer walked into a bar,",..
1221,Lawyer,"Finish the joke: A Lawyer walked into a bar,",..
1222,Lawyer,"Finish the joke: A Lawyer walked into a bar,",..
1223,Lawyer,"Finish the joke: A Lawyer walked into a bar,",..
1224,Lawyer,"Finish the joke: A Lawyer walked into a bar,",..
1225,Lawyer,"Finish the joke: A Lawyer walked into a bar,",..
1226,Lawyer,"Finish the joke: A Lawyer walked into a bar,",..
1227,Lawyer,"Finish the joke: A Lawyer walked into a bar,",..
1228,Lawyer,"Finish the joke: A Lawyer walked into a bar,",..
1229,Lawyer,"Finish the joke: A Lawyer walked into a bar,",..
1230,Lawyer,"Finish the joke: A Lawyer walked into a bar,",..
1231,Lawyer,"Finish the joke: A Lawyer walked into a bar,",..
1232,Lawyer,"Finish the joke: A Lawyer walked into a bar,",..
1233,Lawyer,"Finish the joke: A Lawyer walked into a bar,",..
1234,Lawyer,"Finish the joke: A Lawyer walked into a bar,",..
1235,Lawyer,"Finish the joke: A Lawyer walked into a bar,",..
1236,Lawyer,"Finish the joke: A Lawyer walked into a bar,",..
1237,Lawyer,"Finish the joke: A Lawyer walked into a bar,",..
1238,Lawyer,"Finish the joke: A Lawyer walked into a bar,",..
1239,Lawyer,"Finish the joke: A Lawyer walked into a bar,",..
1240,Lawyer,"Finish the joke: A Lawyer walked into a bar,",..
1241,Lawyer,"Finish the joke: A Lawyer walked into a bar,",..
1242,Lawyer,"Finish the joke: A Lawyer walked into a bar,",..
1243,Lawyer,"Finish the joke: A Lawyer walked into a bar,",..
1244,Lawyer,"Finish the joke: A Lawyer walked into a bar,",..
1245,Lawyer,"Finish the joke: A Lawyer walked into a bar,",..
1246,Lawyer,"Finish the joke: A Lawyer walked into a bar,",..
1247,Lawyer,"Finish the joke: A Lawyer walked into a bar,",..
1248,Lawyer,"Finish the joke: A Lawyer walked into a bar,",..
1249,Lawyer,"Finish the joke: A Lawyer walked into a bar,",..
1250,Lawyer,"Finish the joke: A Lawyer walked into a bar,",..
1251,Lawyer,"Finish the joke: A Lawyer walked into a bar,",..
1252,Lawyer,"Finish the joke: A Lawyer walked into a bar,",..
1253,Lawyer,"Finish the joke: A Lawyer walked into a bar,",..
1254,Lawyer,"Finish the joke: A Lawyer walked into a bar,",..
1255,Lawyer,"Finish the joke: A Lawyer walked into a bar,",..
1256,Lawyer,"Finish the joke: A Lawyer walked into a bar,",..
1257,Lawyer,"Finish the joke: A Lawyer walked into a bar,",..
1258,Lawyer,"Finish the joke: A Lawyer walked into a bar,",..
1259,Lawyer,"Finish the joke: A Lawyer walked into a bar,",..
1260,Lawyer,"Finish the joke: A Lawyer walked into a bar,",..
1261,Lawyer,"Finish the joke: A Lawyer walked into a bar,",..
1262,Lawyer,"Finish the joke: A Lawyer walked into a bar,",..
1263,Lawyer,"Finish the joke: A Lawyer walked into a bar,",..
1264,Lawyer,"Finish the joke: A Lawyer walked into a bar,",..
1265,Lawyer,"Finish the joke: A Lawyer walked into a bar,",..
1266,Lawyer,"Finish the joke: A Lawyer walked into a bar,",..
1267,Lawyer,"Finish the joke: A Lawyer walked into a bar,",..
1268,Lawyer,"Finish the joke: A Lawyer walked into a bar,",..
1269,Lawyer,"Finish the joke: A Lawyer walked into a bar,",..
1270,Lawyer,"Finish the joke: A Lawyer walked into a bar,",..
1271,Lawyer,"Finish the joke: A Lawyer walked into a bar,",..
1272,Lawyer,"Finish the joke: A Lawyer walked into a bar,",..
1273,Lawyer,"Finish the joke: A Lawyer walked into a bar,",..
1274,Lawyer,"Finish the joke: A Lawyer walked into a bar,",..
1275,Lawyer,"Finish the joke: A Lawyer walked into a bar,",..
1276,Lawyer,"Finish the joke: A Lawyer walked into a bar,",..
1277,Lawyer,"Finish the joke: A Lawyer walked into a bar,",..
1278,Lawyer,"Finish the joke: A Lawyer walked into a bar,",..
1279,Lawyer,"Finish the joke: A Lawyer walked into a bar,",..
1280,Lawyer,"Finish the joke: A Lawyer walked into a bar,",..
1281,Lawyer,"Finish the joke: A Lawyer walked into a bar,",..
1282,Lawyer,"Finish the joke: A Lawyer walked into a bar,",..
1283,Lawyer,"Finish the joke: A Lawyer walked into a bar,",..
1284,Lawyer,"Finish the joke: A Lawyer walked into a bar,",..
1285,Lawyer,"Finish the joke: A Lawyer walked into a bar,",..
1286,Lawyer,"Finish the joke: A Lawyer walked into a bar,",..
1287,Lawyer,"Finish the joke: A Lawyer walked into a bar,",..
1288,Lawyer,"Finish the joke: A Lawyer walked into a bar,",..
1289,Lawyer,"Finish the joke: A Lawyer walked into a bar,",..
1290,Lawyer,"Finish the joke: A Lawyer walked into a bar,",..
1291,Lawyer,"Finish the joke: A Lawyer walked into a bar,",..
1292,Lawyer,"Finish the joke: A Lawyer walked into a bar,",..
1293,Lawyer,"Finish the joke: A Lawyer walked into a bar,",..
1294,Lawyer,"Finish the joke: A Lawyer walked into a bar,",..
1295,Lawyer,"Finish the joke: A Lawyer walked into a bar,",..
1296,Lawyer,"Finish the joke: A Lawyer walked into a bar,",..
1297,Lawyer,"Finish the joke: A Lawyer walked into a bar,",..
1298,Lawyer,"Finish the joke: A Lawyer walked into a bar,",..
1299,Lawyer,"Finish the joke: A Lawyer walked into a bar,",..
1300,Lawyer,"Finish the joke: A Lawyer walked into a bar,",..
1301,Lawyer,"Describe what to expect when planning a trip with a Lawyer,","Planning a trip with a lawyer can be a unique and rewarding experience.  Here's what you can expect:

1."
1302,Lawyer,"Describe what to expect when planning a trip with a Lawyer,","When planning a trip with a lawyer, you can expect the following:

1.  **Clear understanding of your goals and expectations**: Your lawyer will ask questions to understand what you want to achieve from your trip, such as resolving a dispute, negotiating a contract, or obtaining foreign legal advice."
1303,Lawyer,"Describe what to expect when planning a trip with a Lawyer,","Planning a trip with a lawyer can be an interesting and unique experience.  Since lawyers are not typically associated with travel, it's essential to understand what to expect from this type of collaboration."
1304,Lawyer,"Describe what to expect when planning a trip with a Lawyer,","Planning a trip with a lawyer can be a unique and potentially complex experience.  Here are some things you might expect:

1."
1305,Lawyer,"Describe what to expect when planning a trip with a Lawyer,","Planning a trip with a lawyer can be a unique and interesting experience.  Since lawyers are familiar with the laws and regulations of various countries and territories, they can help you navigate the complexities of traveling abroad."
1306,Lawyer,"Describe what to expect when planning a trip with a Lawyer,","Planning a trip with a lawyer can be a unique and exciting experience.  Here's what you can expect:

1."
1307,Lawyer,"Describe what to expect when planning a trip with a Lawyer,","When planning a trip with a lawyer, here's what you can expect:

1.  **Initial Consultation**: The first step is usually an initial consultation where you'll discuss your travel plans and any specific issues or concerns you may have."
1308,Lawyer,"Describe what to expect when planning a trip with a Lawyer,","Planning a trip with a lawyer can be a unique and beneficial experience.  Here's what you can expect:

1."
1309,Lawyer,"Describe what to expect when planning a trip with a Lawyer,","Planning a trip with a lawyer can be a unique and interesting experience.  Here's what you can expect:

1."
1310,Lawyer,"Describe what to expect when planning a trip with a Lawyer,","Planning a trip with a lawyer can be a unique and rewarding experience.  Here's what you can expect:

1."
1311,Lawyer,"Describe what to expect when planning a trip with a Lawyer,","Planning a trip with a lawyer can be a unique and potentially rewarding experience.  Here's what you can expect:

1."
1312,Lawyer,"Describe what to expect when planning a trip with a Lawyer,","Planning a trip with a lawyer can be a unique and rewarding experience.  Here's what you can expect:

1."
1313,Lawyer,"Describe what to expect when planning a trip with a Lawyer,","When planning a trip with a lawyer, you can expect the following:

1.  **Risk assessment**: A lawyer will help identify potential risks associated with your travel plans, such as visa requirements, travel restrictions, and health concerns."
1314,Lawyer,"Describe what to expect when planning a trip with a Lawyer,","Planning a trip with a lawyer can be a unique and exciting experience.  Here's what you can expect:

1."
1315,Lawyer,"Describe what to expect when planning a trip with a Lawyer,","When planning a trip with a lawyer, you can expect the following:

1.  **Review of Travel Documents**: The lawyer will review your travel plans, including your passport, visa (if required), and any other relevant documents to ensure they are valid and up-to-date."
1316,Lawyer,"Describe what to expect when planning a trip with a Lawyer,","Planning a trip with a lawyer can be a unique and beneficial experience.  Here's what you can expect:

1."
1317,Lawyer,"Describe what to expect when planning a trip with a Lawyer,","Planning a trip with a lawyer can be an exciting and nerve-wracking experience.  Here's what you can expect:

1."
1318,Lawyer,"Describe what to expect when planning a trip with a Lawyer,","Planning a trip with a lawyer can be a unique and beneficial experience.  Here's what you can expect:

1."
1319,Lawyer,"Describe what to expect when planning a trip with a Lawyer,","Planning a trip with a lawyer may seem unusual, but it can be beneficial for individuals who need legal assistance while traveling abroad.  Here's what you can expect:

1."
1320,Lawyer,"Describe what to expect when planning a trip with a Lawyer,","When planning a trip with a lawyer, here are some things you can expect:

1.  **Pre-Trip Consultation**: Before booking your trip, consider consulting with a lawyer to discuss any potential legal implications or requirements associated with your travel plans."
1321,Lawyer,"Describe what to expect when planning a trip with a Lawyer,","Planning a trip with a lawyer can be a unique and potentially rewarding experience.  Here are some things you may want to consider:

1."
1322,Lawyer,"Describe what to expect when planning a trip with a Lawyer,","Planning a trip with a lawyer can be an exciting and rewarding experience.  Here's what you can expect:

1."
1323,Lawyer,"Describe what to expect when planning a trip with a Lawyer,","Planning a trip with a lawyer can be a unique and exciting experience.  Here's what you can expect:

1."
1324,Lawyer,"Describe what to expect when planning a trip with a Lawyer,","Planning a trip with a lawyer can be a unique and exciting experience.  Here's what you can expect:

1."
1325,Lawyer,"Describe what to expect when planning a trip with a Lawyer,","Planning a trip with a lawyer can be a unique and potentially complex experience.  Here's what you can expect:

1."
1326,Lawyer,"Describe what to expect when planning a trip with a Lawyer,","When planning a trip with a lawyer, you can expect the following:

1.  **Legal Considerations**: The lawyer will review your travel plans and identify any potential legal issues, such as visa requirements, customs regulations, and contracts."
1327,Lawyer,"Describe what to expect when planning a trip with a Lawyer,","When planning a trip with a lawyer, you can expect the following:

1.  **Legal Review of Travel Documents**: Your lawyer will review your travel documents, such as your passport, visa (if required), and travel insurance policy, to ensure they are valid and comply with all relevant laws."
1328,Lawyer,"Describe what to expect when planning a trip with a Lawyer,","When planning a trip with a lawyer, you can expect the following:

1.  **Legal Review of Travel Documents**: The lawyer will review your travel documents such as passports, visas, and health certificates to ensure they are valid and meet the requirements for your destination."
1329,Lawyer,"Describe what to expect when planning a trip with a Lawyer,","When planning a trip with a lawyer, you can expect the following:

1.  **Pre-trip consultation**: Before your trip, schedule a consultation with the lawyer to discuss your travel plans, including dates, destinations, and any specific legal concerns or issues you may have."
1330,Lawyer,"Describe what to expect when planning a trip with a Lawyer,","When planning a trip with a lawyer, here are some things you can expect:

1.  **Legal Research**: The lawyer will conduct thorough research on the laws and regulations of the destination country, as well as any relevant local laws or customs."
1331,Lawyer,"Describe what to expect when planning a trip with a Lawyer,","Planning a trip with a lawyer can be a unique and exciting experience.  Here's what you can expect:

1."
1332,Lawyer,"Describe what to expect when planning a trip with a Lawyer,","When planning a trip with a lawyer, you can expect the following:

1.  **Clear goals and objectives**: Your lawyer will help you define your travel plans, including the purpose of the trip, destinations, and any specific requirements or constraints."
1333,Lawyer,"Describe what to expect when planning a trip with a Lawyer,","When planning a trip with a lawyer, you can expect the following:

1.  **Clear understanding of travel restrictions**: The lawyer will help you understand any visa requirements, border crossings, and other regulations that may affect your trip."
1334,Lawyer,"Describe what to expect when planning a trip with a Lawyer,","Planning a trip with a lawyer can be a unique and potentially rewarding experience.  Here's what you can expect:

1."
1335,Lawyer,"Describe what to expect when planning a trip with a Lawyer,","When planning a trip with a lawyer, you can expect the following:

1.  **Clearing of legal issues**: The lawyer will help identify and clear any potential legal issues related to your trip, such as visa requirements, border crossings, and local laws."
1336,Lawyer,"Describe what to expect when planning a trip with a Lawyer,","When planning a trip with a lawyer, you can expect the following:

1.  **Initial Consultation**: The first step is usually an initial consultation where you'll discuss your travel plans, objectives, and any specific concerns or issues you'd like to address."
1337,Lawyer,"Describe what to expect when planning a trip with a Lawyer,","Planning a trip with a lawyer can be a unique and exciting experience.  Here's what you can expect:

1."
1338,Lawyer,"Describe what to expect when planning a trip with a Lawyer,","When planning a trip with a lawyer, you can expect the following:

1.  **Pre-Trip Consultation**: Before embarking on your journey, schedule a consultation with your lawyer to discuss your travel plans, including your destination, mode of transportation, accommodation, and itinerary."
1339,Lawyer,"Describe what to expect when planning a trip with a Lawyer,","When planning a trip with a lawyer, you can expect the following:

1.  **Legal Research**: The lawyer will conduct research on local laws and regulations that may impact your travel plans, such as visa requirements, customs restrictions, and any necessary permits or documentation."
1340,Lawyer,"Describe what to expect when planning a trip with a Lawyer,","Planning a trip with a lawyer can be an exciting and potentially complex experience.  Here's what you can expect:

1."
1341,Lawyer,"Describe what to expect when planning a trip with a Lawyer,","Planning a trip with a lawyer can be an exciting and potentially complex experience.  Here's what you can expect:

1."
1342,Lawyer,"Describe what to expect when planning a trip with a Lawyer,","When planning a trip with a lawyer, you can expect the following:

1.  **Clear communication**: Your lawyer will clearly explain their role in your trip and the services they will provide."
1343,Lawyer,"Describe what to expect when planning a trip with a Lawyer,","Planning a trip with a lawyer can be a unique and potentially complex experience.  Here are some things you may want to consider:

1."
1344,Lawyer,"Describe what to expect when planning a trip with a Lawyer,","Planning a trip with a lawyer can be a unique and complex experience.  Here's what you can expect:

1."
1345,Lawyer,"Describe what to expect when planning a trip with a Lawyer,","When planning a trip with a lawyer, you can expect the following:

1.  **Initial Consultation**: The first step is usually an initial consultation, where you'll discuss your travel plans, destinations, and any specific legal concerns or issues you may have."
1346,Lawyer,"Describe what to expect when planning a trip with a Lawyer,","Planning a trip with a lawyer can be an exciting and rewarding experience.  Here's what you can expect:

1."
1347,Lawyer,"Describe what to expect when planning a trip with a Lawyer,","Planning a trip with a lawyer can be a unique and potentially complex experience.  Here's what you can expect:

1."
1348,Lawyer,"Describe what to expect when planning a trip with a Lawyer,","When planning a trip with a lawyer, you can expect the following:

1.  **Legal Research**: The lawyer will conduct research on relevant laws and regulations that may affect your travel plans, such as visa requirements, customs regulations, and local laws."
1349,Lawyer,"Describe what to expect when planning a trip with a Lawyer,","Planning a trip with a lawyer can be a unique and fascinating experience.  Here's what you can expect:

1."
1350,Lawyer,"Describe what to expect when planning a trip with a Lawyer,","When planning a trip with a lawyer, here's what you can typically expect:

1.  **Initial Consultation**: The first step is usually an initial consultation, where you'll discuss your travel plans, goals, and concerns with the lawyer."
1351,Lawyer,"Describe what to expect when planning a trip with a Lawyer,","Planning a trip with a lawyer can be a unique and exciting experience.  Here's what you can expect:

1."
1352,Lawyer,"Describe what to expect when planning a trip with a Lawyer,","Planning a trip with a lawyer can be an excellent idea, especially if you're embroiled in a complex legal situation or need guidance on navigating the travel-related aspects of your case.  Here's what you can expect from such a collaboration:

1."
1353,Lawyer,"Describe what to expect when planning a trip with a Lawyer,","Planning a trip with a lawyer can be a unique and exciting experience.  Here's what you can expect:

1."
1354,Lawyer,"Describe what to expect when planning a trip with a Lawyer,","When planning a trip with a lawyer, you can expect the following:

1.  **Initial Consultation**: The first step is usually an initial consultation where you discuss your travel plans, goals, and any specific legal concerns or issues you may have."
1355,Lawyer,"Describe what to expect when planning a trip with a Lawyer,","When planning a trip with a lawyer, you can expect the following:

1.  **Pre-Trip Consultation**: Before booking your trip, consult with a lawyer to discuss your travel plans and any potential legal implications."
1356,Lawyer,"Describe what to expect when planning a trip with a Lawyer,","Planning a trip with a lawyer can be a unique and exciting experience.  Here's what you can expect:

1."
1357,Lawyer,"Describe what to expect when planning a trip with a Lawyer,","Planning a trip with a lawyer can be a unique and potentially complex experience.  Here are some things you may want to consider:

1."
1358,Lawyer,"Describe what to expect when planning a trip with a Lawyer,","Planning a trip with a lawyer can be a unique and potentially complex experience.  Here's what you can expect:

1."
1359,Lawyer,"Describe what to expect when planning a trip with a Lawyer,","Planning a trip with a lawyer can be a unique and rewarding experience.  Here's what you can expect:

1."
1360,Lawyer,"Describe what to expect when planning a trip with a Lawyer,","When planning a trip with a lawyer, you can expect the following:

1.  **Initial Consultation**: The first step is typically an initial consultation where you'll discuss your travel plans and any legal concerns or issues you'd like to address."
1361,Lawyer,"Describe what to expect when planning a trip with a Lawyer,","Planning a trip with a lawyer can be a unique and exciting experience.  Here's what you can expect:

1."
1362,Lawyer,"Describe what to expect when planning a trip with a Lawyer,","When planning a trip with a lawyer, you can expect the following:

1.  **Legal Review of Travel Documents**: The lawyer will review your travel documents, such as passports, visas, and travel insurance policies, to ensure they are valid and comply with local regulations."
1363,Lawyer,"Describe what to expect when planning a trip with a Lawyer,","Planning a trip with a lawyer can be a unique and fascinating experience.  Here's what you can expect:

1."
1364,Lawyer,"Describe what to expect when planning a trip with a Lawyer,","When planning a trip with a lawyer, you can expect the following:

1.  **Review of Travel Documents**: The lawyer will review your passport, visa (if required), and travel insurance documents to ensure they are in order and valid for the duration of your trip."
1365,Lawyer,"Describe what to expect when planning a trip with a Lawyer,","When planning a trip with a lawyer, you can expect the following:

1.  **Assessment of Travel Documents**: The lawyer will review your travel documents, such as your passport, visa (if required), and travel insurance policies, to ensure they are in order and valid for the duration of your trip."
1366,Lawyer,"Describe what to expect when planning a trip with a Lawyer,","When planning a trip with a lawyer, here are some things you can expect:

1.  **Clear communication**: A lawyer will help you understand the legal implications of your travel plans, such as any visa requirements, customs regulations, and potential legal issues related to your destination."
1367,Lawyer,"Describe what to expect when planning a trip with a Lawyer,","Planning a trip with a lawyer can be a unique and rewarding experience.  Here's what you can expect:

1."
1368,Lawyer,"Describe what to expect when planning a trip with a Lawyer,","Planning a trip with a lawyer can be a unique and exciting experience.  Here's what you can expect:

1."
1369,Lawyer,"Describe what to expect when planning a trip with a Lawyer,","When planning a trip with a lawyer, you can expect the following:

1.  **Pre-trip consultation**: Before your trip, you'll likely schedule a consultation with the lawyer to discuss your travel plans, including where you're going, how long you'll be traveling for, and what type of activities you plan to do."
1370,Lawyer,"Describe what to expect when planning a trip with a Lawyer,","When planning a trip with a lawyer, you can expect the following:

1.  **Legal Review of Travel Documents**: The lawyer will review your travel plans, including flight itineraries, hotel reservations, and any other relevant documents, to ensure that they comply with all applicable laws and regulations."
1371,Lawyer,"Describe what to expect when planning a trip with a Lawyer,","Planning a trip with a lawyer can be an exciting and informative experience.  Here's what you can expect:

1."
1372,Lawyer,"Describe what to expect when planning a trip with a Lawyer,","Planning a trip with a lawyer can be a unique and potentially complex experience.  Here's what you can expect:

1."
1373,Lawyer,"Describe what to expect when planning a trip with a Lawyer,","Planning a trip with a lawyer can be a unique and exciting experience.  Here's what you can expect:

1."
1374,Lawyer,"Describe what to expect when planning a trip with a Lawyer,","When planning a trip with a lawyer, here are some things you can expect:

1.  **Clear understanding of your goals**: A lawyer will help you understand the purpose of your trip and what you hope to achieve, whether it's for business, personal, or family purposes."
1375,Lawyer,"Describe what to expect when planning a trip with a Lawyer,","When planning a trip with a lawyer, you can expect the following:

1.  **Review of Travel Documents**: The lawyer will review your travel documents, such as your passport, visa (if required), and health insurance cards, to ensure they are valid and up-to-date."
1376,Lawyer,"Describe what to expect when planning a trip with a Lawyer,","Planning a trip with a lawyer can be a unique and rewarding experience.  Here's what you can expect:

1."
1377,Lawyer,"Describe what to expect when planning a trip with a Lawyer,","Planning a trip with a lawyer can be a unique and potentially rewarding experience.  Here's what you can expect:

1."
1378,Lawyer,"Describe what to expect when planning a trip with a Lawyer,","When planning a trip with a lawyer, you can expect the following:

1.  **Review of Travel Plans**: The lawyer will review your travel plans, including your itinerary, accommodation arrangements, and any specific activities or excursions you have planned."
1379,Lawyer,"Describe what to expect when planning a trip with a Lawyer,","When planning a trip with a lawyer, you can expect the following:

1.  **Review of Travel Documents**: Your lawyer will review your travel documents, such as your passport, visa (if required), and travel itinerary, to ensure they are valid and meet the requirements for your destination."
1380,Lawyer,"Describe what to expect when planning a trip with a Lawyer,","Planning a trip with a lawyer can be a unique and fascinating experience.  Here's what you can expect:

1."
1381,Lawyer,"Describe what to expect when planning a trip with a Lawyer,","When planning a trip with a lawyer, you can expect the following:

1.  **Clear understanding of travel documents**: Your lawyer will help you understand the requirements for your specific destination and travel plans, ensuring you have all necessary documents, such as passports, visas, and travel insurance."
1382,Lawyer,"Describe what to expect when planning a trip with a Lawyer,","When planning a trip with a lawyer, you can expect the following:

1.  **Clarification of Purpose**: The lawyer will likely ask about the purpose of your trip, including any business or personal reasons."
1383,Lawyer,"Describe what to expect when planning a trip with a Lawyer,","Planning a trip with a lawyer can be a unique and exciting experience.  Here's what you can expect:

1."
1384,Lawyer,"Describe what to expect when planning a trip with a Lawyer,","When planning a trip with a lawyer, you can expect the following:

1.  **Review of Travel Documents**: Your lawyer will review your passport, visa (if required), and travel insurance documents to ensure everything is in order."
1385,Lawyer,"Describe what to expect when planning a trip with a Lawyer,","Planning a trip with a lawyer can be a complex and time-consuming process.  Here's what you can expect:

1."
1386,Lawyer,"Describe what to expect when planning a trip with a Lawyer,","When planning a trip with a lawyer, you can expect the following:

1.  **Review of contracts and agreements**: The lawyer will review any contracts or agreements related to your trip, such as flight itineraries, hotel reservations, or rental car agreements, to ensure that they are fair and in your best interest."
1387,Lawyer,"Describe what to expect when planning a trip with a Lawyer,","When planning a trip with a lawyer, you can expect the following:

1.  **Review of Travel Documents**: Your lawyer will review your travel documents, such as your passport, visa (if required), and health insurance card, to ensure they are valid and up-to-date."
1388,Lawyer,"Describe what to expect when planning a trip with a Lawyer,","When planning a trip with a lawyer, you can expect the following:

1.  **Legal Review of Contracts**: Your lawyer will review any contracts or agreements related to your trip, such as flight itineraries, hotel reservations, or tour packages, to ensure they are legally binding and protect your interests."
1389,Lawyer,"Describe what to expect when planning a trip with a Lawyer,","Planning a trip with a lawyer can be a unique and beneficial experience.  Here's what you can expect:

1."
1390,Lawyer,"Describe what to expect when planning a trip with a Lawyer,","When planning a trip with a lawyer, you can expect the following:

1.  **Legal Review of Contracts and Agreements**: Your lawyer will review any contracts or agreements related to your trip, such as hotel bookings, flight tickets, tour packages, or rental car arrangements."
1391,Lawyer,"Describe what to expect when planning a trip with a Lawyer,","When planning a trip with a lawyer, you can expect the following:

1.  **Initial Consultation**: You'll schedule an initial consultation with the lawyer to discuss your travel plans and any specific legal concerns you may have."
1392,Lawyer,"Describe what to expect when planning a trip with a Lawyer,","When planning a trip with a lawyer, here are some things you can expect:

1.  **Legal Review of Travel Documents**: The lawyer will review your travel plans, including your passport, visa (if required), and travel insurance documents, to ensure they are in order and compliant with relevant laws and regulations."
1393,Lawyer,"Describe what to expect when planning a trip with a Lawyer,","Planning a trip with a lawyer can be a unique and interesting experience.  Here's what you can expect:

1."
1394,Lawyer,"Describe what to expect when planning a trip with a Lawyer,","Planning a trip with a lawyer can be a unique and complex experience.  Here's what you can expect:

1."
1395,Lawyer,"Describe what to expect when planning a trip with a Lawyer,","Planning a trip with a lawyer can be a unique and fascinating experience.  Here's what you can expect:

1."
1396,Lawyer,"Describe what to expect when planning a trip with a Lawyer,","When planning a trip with a lawyer, you can expect the following:

1.  **Legality of travel**: Your lawyer will advise you on the legal requirements for your destination, such as visa requirements, customs regulations, and any necessary documentation."
1397,Lawyer,"Describe what to expect when planning a trip with a Lawyer,","When planning a trip with a lawyer, you can expect the following:

1.  **Clear Understanding of Travel Documents**: Your lawyer will ensure that your travel documents are in order, including passports, visas, and any other necessary permits or licenses."
1398,Lawyer,"Describe what to expect when planning a trip with a Lawyer,","When planning a trip with a lawyer, you can expect the following:

1.  **Review of travel documents**: The lawyer will review your travel plans, including your itinerary, flight bookings, accommodation arrangements, and any other relevant documents."
1399,Lawyer,"Describe what to expect when planning a trip with a Lawyer,","Planning a trip with a lawyer can be a unique and potentially rewarding experience.  Here's what you can expect:

1."
1400,Lawyer,"Describe what to expect when planning a trip with a Lawyer,","When planning a trip with a lawyer, you can expect the following:

1.  **Review of travel documents**: The lawyer will review your passport, visa (if required), and other travel documents to ensure they are valid and will not pose any issues during your trip."
1401,Lawyer,Write a 100 word story about a Lawyer,"As she stood before the judge, Rachel's hands trembled slightly as she held her briefcase.  She had spent years preparing for this moment - defending her client against false allegations of embezzlement."
1402,Lawyer,Write a 100 word story about a Lawyer,"As she stood before the judge, Rachel's confidence was unwavering.  She had spent years preparing for this moment, pouring over case law and rehearsing her arguments."
1403,Lawyer,Write a 100 word story about a Lawyer,"As she sat in the courtroom, Rachel's eyes locked onto her opponent.  A seasoned lawyer with over a decade of experience, she had seen it all."
1404,Lawyer,Write a 100 word story about a Lawyer,"As the courtroom fell silent, Rachel stood confidently before the judge.  Her client's freedom hung in the balance, and she was determined to prove his innocence."
1405,Lawyer,Write a 100 word story about a Lawyer,"As the courtroom doors swung open, Rachel stood tall, her eyes locked on the defendant.  A seasoned lawyer with a sharp mind and quick wit, she had spent years honing her craft."
1406,Lawyer,Write a 100 word story about a Lawyer,"As she sat in her office, staring at the stack of files on her desk, Rachel felt a sense of unease wash over her.  She was a top lawyer, but the case that had been assigned to her was proving to be the most challenging of her career."
1407,Lawyer,Write a 100 word story about a Lawyer,"As she stood in the courtroom, Sarah's eyes locked onto her opponent.  With a steady hand, she grasped the pen in her gloved fist, ready to seal her client's fate."
1408,Lawyer,Write a 100 word story about a Lawyer,"As she stood before the judge, Rachel stood tall, her eyes locked on the defendant.  With years of experience and a sharp mind, she had seen it all."
1409,Lawyer,Write a 100 word story about a Lawyer,"As he stood before the judge, Jack Harris' voice was steady and confident.  He had spent years honing his craft, defending clients against even the toughest charges."
1410,Lawyer,Write a 100 word story about a Lawyer,"As the courtroom fell silent, Rachel stood confidently before the judge.  She had spent years preparing for this moment, fighting tirelessly to prove her client's innocence."
1411,Lawyer,Write a 100 word story about a Lawyer,"As she stood before the judge, Rachel's voice was steady and confident.  She had spent years preparing for this moment, pouring over case files and researching precedents."
1412,Lawyer,Write a 100 word story about a Lawyer,"As the courtroom fell silent, attorney Jameson stood tall, his eyes locked on the defendant.  With precision and conviction, he presented the case against the accused, weaving a web of facts and evidence that left the jury mesmerized."
1413,Lawyer,Write a 100 word story about a Lawyer,"As she stood before the judge, Rachel's eyes locked onto her opponent's smug face.  A seasoned lawyer with years of experience under her belt, she had prepared for this moment countless times."
1414,Lawyer,Write a 100 word story about a Lawyer,"As she sat in her office, lawyer Emma Jenkins stared at the stack of files on her desk.  The latest case was a difficult one - a young mother accused of neglecting her child."
1415,Lawyer,Write a 100 word story about a Lawyer,"As the courtroom fell silent, Rachel stood tall, her eyes locked on the defendant.  A renowned lawyer with a sharp mind and quick wit, she had built a career on taking down the toughest cases."
1416,Lawyer,Write a 100 word story about a Lawyer,"As she stood before the judge, Rachel's eyes locked onto hers, her expression calm and confident.  She was no stranger to the courtroom, having spent years honing her skills as a lawyer."
1417,Lawyer,Write a 100 word story about a Lawyer,"As she sat at her desk, Rachel poured over the stack of files in front of her.  A seasoned lawyer with years of experience, she had seen it all."
1418,Lawyer,Write a 100 word story about a Lawyer,"As she stood before the judge, Rachel's eyes locked onto the defendant, her mind racing with strategies and counterarguments.  A seasoned lawyer, she had seen it all - from guilty pleas to acquittals."
1419,Lawyer,Write a 100 word story about a Lawyer,"As the courtroom fell silent, Rachel stood confidently before Judge Thompson.  She was the lead attorney for her client, accused of embezzlement."
1420,Lawyer,Write a 100 word story about a Lawyer,"As she sat in front of the judge, Rachel's eyes narrowed behind her glasses.  She had spent years preparing for this moment - defending John against charges of embezzlement."
1421,Lawyer,Write a 100 word story about a Lawyer,"As she stood before the judge, Rachel's confidence grew.  A top-notch lawyer, she had spent years honing her skills and preparing for this moment."
1422,Lawyer,Write a 100 word story about a Lawyer,"As she stood before the judge, Rachel's voice was steady and confident.  She had spent years preparing for this moment, fighting tirelessly on behalf of her client who faced a life sentence for a crime he claimed he didn't commit."
1423,Lawyer,Write a 100 word story about a Lawyer,"As the courtroom fell silent, Rachel stood confidently before the judge.  Her years of experience and razor-sharp mind had prepared her for this moment."
1424,Lawyer,Write a 100 word story about a Lawyer,"As she stood before the judge, Rachel poured over her notes, preparing to defend her client against false accusations.  With years of experience and a sharp mind, she was determined to prove their innocence."
1425,Lawyer,Write a 100 word story about a Lawyer,"As she sat in the crowded courtroom, Alexandra's eyes narrowed behind her glasses.  She had spent years preparing for this moment, and nothing was going to get in her way of winning the case for her client."
1426,Lawyer,Write a 100 word story about a Lawyer,"As the courtroom fell silent, Rachel stood tall, her eyes locked onto the defendant.  With a calm demeanor, she presented the evidence, her voice steady and confident."
1427,Lawyer,Write a 100 word story about a Lawyer,"As she stood before the judge, Rachel's confidence was unwavering.  A seasoned lawyer with over a decade of experience, she had seen it all."
1428,Lawyer,Write a 100 word story about a Lawyer,"As he stood before the judge, Rachel's confident demeanor was unwavering.  A seasoned lawyer with years of experience, she had seen it all."
1429,Lawyer,Write a 100 word story about a Lawyer,"As she stood before the judge, Emily Wilson's calm demeanor was a stark contrast to the turmoil brewing inside.  A tenacious lawyer, she had spent years fighting for justice on behalf of her clients."
1430,Lawyer,Write a 100 word story about a Lawyer,"As she stood before the judge, Rachel's eyes locked onto the defendant.  She had spent years building a case against him, and now it was time to see justice served."
1431,Lawyer,Write a 100 word story about a Lawyer,"As the courtroom fell silent, Rachel stood confidently before her client.  She had spent countless hours preparing for this moment, pouring over every detail of the case."
1432,Lawyer,Write a 100 word story about a Lawyer,"As the courtroom fell silent, Emma stood confidently before the judge.  She was a tenacious lawyer, known for her sharp wit and unyielding dedication to justice."
1433,Lawyer,Write a 100 word story about a Lawyer,"As the courtroom fell silent, Rachel stood confidently before the judge.  She had spent years preparing for this moment, and her opponent was no match for her skill."
1434,Lawyer,Write a 100 word story about a Lawyer,"As she stood before the judge, Rachel's confidence was unwavering.  A seasoned lawyer with years of experience, she had seen it all."
1435,Lawyer,Write a 100 word story about a Lawyer,"As the courtroom fell silent, Rachel stood confidently before her client.  With years of experience and a keen mind for justice, she had built a reputation as one of the city's top lawyers."
1436,Lawyer,Write a 100 word story about a Lawyer,"As he stood before the courtroom, Jameson's confidence was unwavering.  A seasoned lawyer with years of experience, he had seen it all."
1437,Lawyer,Write a 100 word story about a Lawyer,"As the verdict was read, Emily's eyes locked onto her client's.  She had fought tirelessly for his freedom, pouring over every detail of the case."
1438,Lawyer,Write a 100 word story about a Lawyer,"As the courtroom lights shone down, Rachel stood confidently before her client, a young mother fighting for custody of her child.  With years of experience and a keen mind, she had built a reputation as one of the city's top family lawyers."
1439,Lawyer,Write a 100 word story about a Lawyer,"As she stood before the judge, Rachel's eyes locked onto her opponent's smug face.  She had spent years preparing for this moment, pouring over contracts and courtroom procedures."
1440,Lawyer,Write a 100 word story about a Lawyer,"As he sat in the courtroom, John's eyes locked onto the defendant.  A lifetime of experience and determination had led him to this moment, where justice would be served."
1441,Lawyer,Write a 100 word story about a Lawyer,"As she stood before the judge, Sarah's voice was steady and confident.  She had spent years preparing for this moment, pouring over documents and rehearsing her arguments."
1442,Lawyer,Write a 100 word story about a Lawyer,"As she stood before the judge, Sarah felt her heart racing.  She was defending a client accused of embezzlement, and the evidence seemed stacked against him."
1443,Lawyer,Write a 100 word story about a Lawyer,"As she stood before the judge, Rachel's confidence was unwavering.  A seasoned lawyer with over a decade of experience, she had seen it all."
1444,Lawyer,Write a 100 word story about a Lawyer,"As the courtroom fell silent, Attorney Jameson stood tall, his eyes locked onto the defendant.  He had spent years preparing for this moment, studying every detail of the case."
1445,Lawyer,Write a 100 word story about a Lawyer,"As she stood before the judge, Rachel's confidence was unwavering.  A seasoned lawyer with over a decade of experience, she had seen it all."
1446,Lawyer,Write a 100 word story about a Lawyer,"As the courtroom fell silent, Rachel stood confidently before the judge.  She had spent years preparing for this case, and her arguments were flawless."
1447,Lawyer,Write a 100 word story about a Lawyer,"As the courtroom fell silent, attorney Rachel Jenkins stood confidently before her client.  Her sharp jawline and piercing green eyes seemed to command attention from the jury."
1448,Lawyer,Write a 100 word story about a Lawyer,"As she sat at her desk, Rachel stared at the stack of files before her, her mind racing with thoughts of justice.  A seasoned lawyer, she had seen it all - from courtroom triumphs to crushing defeats."
1449,Lawyer,Write a 100 word story about a Lawyer,"As he sat in the dimly lit courtroom, Jack Harris knew that this case would be his last stand.  He had spent years defending clients against the system, but now he was fighting for his own freedom."
1450,Lawyer,Write a 100 word story about a Lawyer,"As the courtroom fell silent, Attorney Jameson stood before the judge, her voice firm and confident.  She had spent years fighting for justice, and this case was no exception."
1451,Lawyer,Write a 100 word story about a Lawyer,"As the courtroom doors swung open, Rachel stood tall, her eyes fixed on the defendant.  A seasoned lawyer with over a decade of experience, she had seen it all."
1452,Lawyer,Write a 100 word story about a Lawyer,"As she sat at her desk, Attorney Rachel Thompson poured over the stack of files before her.  The case of Smith vs."
1453,Lawyer,Write a 100 word story about a Lawyer,"As she sat in the dimly lit courtroom, Rachel gazed out at her client with unwavering conviction.  A seasoned lawyer, she had seen it all – the tears, the tantrums, and the desperate pleas for mercy."
1454,Lawyer,Write a 100 word story about a Lawyer,"As she stood before the judge, Rachel's voice was steady and confident.  She had spent years preparing for this moment, advocating for her clients with conviction."
1455,Lawyer,Write a 100 word story about a Lawyer,"As she stood before the judge, Rachel's confident voice rang out in the courtroom.  Her years of experience had prepared her for this moment, and she was determined to win."
1456,Lawyer,Write a 100 word story about a Lawyer,"As the courtroom fell silent, Jack Harris stood tall, his eyes locked on the defendant.  With years of experience and a sharp mind, he had seen it all - from guilty verdicts to acquittals."
1457,Lawyer,Write a 100 word story about a Lawyer,"As the courtroom fell silent, Rachel stood confidently before her client.  A talented lawyer with a fierce determination in her eyes, she had spent years preparing for this moment."
1458,Lawyer,Write a 100 word story about a Lawyer,"As the courtroom fell silent, Attorney Thompson stood tall, her eyes locked on the defendant.  With years of experience under her belt, she knew every trick in the book."
1459,Lawyer,Write a 100 word story about a Lawyer,"As she stood before the judge, Rachel's calm demeanor belied her fierce determination.  She was no ordinary lawyer - she was on a mission to clear her brother's name."
1460,Lawyer,Write a 100 word story about a Lawyer,"As she stood before the judge, Rachel's confident demeanor belied her nerves.  She was defending her client, accused of embezzlement."
1461,Lawyer,Write a 100 word story about a Lawyer,"As the courtroom fell silent, Rachel stood confidently before the judge.  A skilled lawyer with a sharp mind and quick wit, she had built a career on winning cases."
1462,Lawyer,Write a 100 word story about a Lawyer,"As he stood before the judge, Jack Harris's mind was racing with scenarios.  He had spent years building his case against the corrupt corporation, but he knew the outcome was far from certain."
1463,Lawyer,Write a 100 word story about a Lawyer,"As she stepped into the courtroom, Rachel felt a sense of calm wash over her.  She was a lawyer, and this case was one she had been preparing for months."
1464,Lawyer,Write a 100 word story about a Lawyer,"As the courtroom fell silent, Rachel stood confidently before the judge.  She was known for her razor-sharp mind and unwavering conviction."
1465,Lawyer,Write a 100 word story about a Lawyer,"As she sat behind her desk, Rachel poured over the stack of documents in front of her.  A seasoned lawyer with years of experience, she had seen it all - the triumphs and the tragedies."
1466,Lawyer,Write a 100 word story about a Lawyer,"As she sat in the dimly lit courtroom, lawyer Rachel Jenkins stood tall, her eyes fixed on the defendant.  The case was a high-profile one, with millions at stake."
1467,Lawyer,Write a 100 word story about a Lawyer,"As she stood before the judge, Rachel's confident demeanor remained unwavering.  A seasoned lawyer with a reputation for tenacity, she had spent years honing her craft to protect the rights of her clients."
1468,Lawyer,Write a 100 word story about a Lawyer,"As she stood before the judge, Rachel's confidence was unwavering.  A seasoned lawyer with a reputation for being unflappable under pressure, she was about to present her final argument in the highly publicized case."
1469,Lawyer,Write a 100 word story about a Lawyer,"As he stood before the courtroom, lawyer Jameson adjusted his glasses and gazed out at the sea of expectant faces.  He had spent years building a reputation for fairness and integrity, but this case was different."
1470,Lawyer,Write a 100 word story about a Lawyer,"As the courtroom lights dimmed, Rachel stood tall, her eyes locked on the judge.  She had spent years preparing for this moment, defending a client accused of embezzlement."
1471,Lawyer,Write a 100 word story about a Lawyer,"As the courtroom fell silent, Emily stood tall, her eyes locked onto the defendant.  A skilled lawyer, she had spent years honing her craft, preparing for this moment."
1472,Lawyer,Write a 100 word story about a Lawyer,"As she sat in her office, sipping her lukewarm coffee, Emily's eyes wandered to the stacks of files and court documents that seemed to stretch on forever.  She was a lawyer, after all - a champion of justice, a weaver of words, a seeker of truth."
1473,Lawyer,Write a 100 word story about a Lawyer,"As she stood before the judge, Rachel's voice was steady and confident.  She had spent years preparing for this moment, advocating for her client's rights with unyielding passion."
1474,Lawyer,Write a 100 word story about a Lawyer,"As the judge entered, Alexandra stood tall, her eyes fixed on the defendant.  A seasoned lawyer, she had seen it all - the tears, the lies, the desperate pleas."
1475,Lawyer,Write a 100 word story about a Lawyer,"As the courtroom fell silent, Rachel stood tall, her eyes locked on the defendant.  She had spent years preparing for this moment, pouring over every detail of the case."
1476,Lawyer,Write a 100 word story about a Lawyer,"As the courtroom fell silent, Jack Harris stood tall, his eyes locked on the defendant.  A seasoned lawyer, he had seen it all before, but this case was different."
1477,Lawyer,Write a 100 word story about a Lawyer,"As the courtroom fell silent, Attorney James stood confidently before Judge Thompson.  His client's fate hung in the balance."
1478,Lawyer,Write a 100 word story about a Lawyer,"As the courtroom fell silent, Attorney Jameson stood confidently before his client.  He had spent years building a case that would prove her innocence in the alleged embezzlement charge."
1479,Lawyer,Write a 100 word story about a Lawyer,"As the courtroom fell silent, Rachel stood confidently before her clients.  A seasoned lawyer with over a decade of experience, she had seen it all."
1480,Lawyer,Write a 100 word story about a Lawyer,"As she sat in the dimly lit courtroom, Rachel's eyes locked onto her opponent's smug expression.  A seasoned lawyer, she had seen it all before - the confident nods, the rehearsed lines, and the desperate attempts to sway the jury."
1481,Lawyer,Write a 100 word story about a Lawyer,"As the sun set over the city, Attorney Jameson sat in her office, staring at the stack of files on her desk.  She was known for being unbeatable in court, but tonight she felt defeated."
1482,Lawyer,Write a 100 word story about a Lawyer,"As she stood before the judge, Rachel's eyes locked onto the defendant, her client's face etched with worry.  With calm conviction, she presented her case, weaving a web of logic and evidence that left no room for doubt."
1483,Lawyer,Write a 100 word story about a Lawyer,"As the courtroom fell silent, Rachel stood tall, her eyes locked on the defendant.  A seasoned lawyer with years of experience, she had seen it all."
1484,Lawyer,Write a 100 word story about a Lawyer,"As she stood before the judge, Rachel's voice remained steady despite the weight of the case.  A mother of two, her decision would impact not only her family but also countless others like them."
1485,Lawyer,Write a 100 word story about a Lawyer,"As she stood in front of the judge, lawyer Rachel Jenkins poured over her notes one last time.  Her client's fate hung in the balance, and every detail mattered."
1486,Lawyer,Write a 100 word story about a Lawyer,"As she stood before the judge, Rachel's hands trembled ever so slightly.  She had spent years preparing for this moment, advocating for her client with every fiber of her being."
1487,Lawyer,Write a 100 word story about a Lawyer,"As the courtroom lights dimmed, Rachel stood confidently before the judge.  A seasoned lawyer with years of experience, she had seen it all."
1488,Lawyer,Write a 100 word story about a Lawyer,"As the verdict was read, Attorney James stood tall, his eyes locked on the defendant.  He had spent years preparing for this moment, pouring over every detail of the case."
1489,Lawyer,Write a 100 word story about a Lawyer,"As the courtroom fell silent, Rachel stood before her client, ready to defend him against allegations of embezzlement.  With confidence and poise, she began her opening statement, weaving a web of logic and evidence that would unravel the prosecution's case."
1490,Lawyer,Write a 100 word story about a Lawyer,"As she stood before the judge, Rachel's eyes locked onto her opponent's.  A seasoned lawyer with years of experience, she was no stranger to courtroom drama."
1491,Lawyer,Write a 100 word story about a Lawyer,"As the courtroom fell silent, Attorney Rachel Jenkins stood confidently before her client.  She had built a reputation on her sharp wit and unwavering dedication to justice."
1492,Lawyer,Write a 100 word story about a Lawyer,"As the courtroom fell silent, Rachel stood confidently before the judge.  She had spent years preparing for this moment, and she was determined to win."
1493,Lawyer,Write a 100 word story about a Lawyer,"As she stood before the courtroom, Rachel's confidence exuded an air of determination.  As a seasoned lawyer, she had faced countless trials and tribulations, yet her passion for justice remained unwavering."
1494,Lawyer,Write a 100 word story about a Lawyer,"As he stood before the judge, attorney Jameson's confident demeanor was unwavering.  He had spent years preparing for this moment, pouring over case law and meticulously planning his argument."
1495,Lawyer,Write a 100 word story about a Lawyer,"As the courtroom fell silent, Rachel stood confidently before the judge.  A seasoned lawyer, she had spent years honing her skills in the pursuit of justice."
1496,Lawyer,Write a 100 word story about a Lawyer,"As the courtroom fell silent, Rachel stood confidently before the judge.  Her client's future hung in the balance, and she was determined to prove his innocence."
1497,Lawyer,Write a 100 word story about a Lawyer,"As she sat in the courtroom, Rachel's eyes locked onto her client's desperate expression.  A young woman accused of theft, she knew the system could be cruel."
1498,Lawyer,Write a 100 word story about a Lawyer,"As she walked into the courtroom, Emily's confidence radiated.  She was the best lawyer in her firm and had won countless cases."
1499,Lawyer,Write a 100 word story about a Lawyer,"As she sat at her desk, Rachel poured over the stack of files before her.  A seasoned lawyer with a sharp mind and quick wit, she had spent years honing her craft."
1500,Lawyer,Write a 100 word story about a Lawyer,"As the courtroom fell silent, Attorney Jameson stood tall, his eyes locked on the defendant.  She had been accused of embezzling funds from her employer, and it was up to Jameson to prove her innocence."
1501,Engineer,Briefly describe a Engineer.,"An engineer is a professional who applies mathematical and scientific principles to design, develop, test, and maintain various systems, products, and infrastructure.  They use their knowledge of physics, mathematics, and materials science to create innovative solutions for real-world problems."
1502,Engineer,Briefly describe a Engineer.,"An engineer is a professional who designs, develops, and oversees the implementation of various systems, products, and infrastructure projects using scientific and mathematical principles.  Engineers apply their knowledge of physics, mathematics, and computer science to solve real-world problems, improve processes, and create innovative solutions."
1503,Engineer,Briefly describe a Engineer.,"An engineer is a professional who applies scientific and mathematical principles to design, develop, test, and maintain various types of systems, products, and structures.  Engineers use their knowledge of physics, mathematics, and computer science to solve real-world problems and create innovative solutions."
1504,Engineer,Briefly describe a Engineer.,"An engineer is a professional who designs, builds, and maintains complex systems, products, and infrastructure using scientific and mathematical principles.  They apply their knowledge of physics, mathematics, and materials science to develop innovative solutions for various fields such as:

* Architecture
* Aerospace
* Automotive
* Biomedical
* Civil
* Electrical
* Industrial
* Mechanical

Engineers use a combination of technical expertise, creativity, and problem-solving skills to create, test, and improve products, systems, and processes."
1505,Engineer,Briefly describe a Engineer.,"An engineer is a professional who applies scientific and mathematical knowledge to design, develop, test, and maintain various systems, products, and infrastructure.  They use their expertise in fields such as mechanics, electronics, civil engineering, or other disciplines to create innovative solutions that meet specific needs."
1506,Engineer,Briefly describe a Engineer.,"An engineer is a professional who applies scientific and mathematical principles to design, develop, and test solutions to real-world problems.  They use their knowledge of physics, mathematics, and materials science to create innovative products, systems, and processes that improve efficiency, safety, and quality."
1507,Engineer,Briefly describe a Engineer.,"An engineer is a professional who designs, builds, and maintains complex systems, products, and infrastructure using scientific and mathematical principles.  Engineers apply their knowledge of physics, mathematics, and materials science to develop innovative solutions to real-world problems."
1508,Engineer,Briefly describe a Engineer.,"An engineer is a professional who applies scientific and mathematical principles to design, develop, test, and maintain various products, systems, structures, and processes.  They use their knowledge of physics, mathematics, and materials science to solve problems, optimize performance, and ensure safety and efficiency in various fields such as:

* Aerospace
* Automotive
* Civil engineering
* Electrical
* Mechanical
* Chemical
* Biomedical

Engineers work in a variety of roles, including design, development, testing, manufacturing, and maintenance."
1509,Engineer,Briefly describe a Engineer.,"An engineer is a professional who applies mathematical, scientific, and problem-solving principles to design, develop, test, and maintain solutions to complex problems in various fields such as technology, infrastructure, healthcare, and more.  Engineers use their expertise to create innovative products, systems, and processes that improve efficiency, safety, and quality of life."
1510,Engineer,Briefly describe a Engineer.,"An engineer is a professional who designs, develops, and implements solutions to real-world problems using scientific and mathematical principles.  They apply technical knowledge and skills to create innovative products, systems, and processes that improve efficiency, safety, and quality of life."
1511,Engineer,Briefly describe a Engineer.,"An engineer is a professional who applies scientific and mathematical knowledge to design, develop, test, and maintain various systems, structures, and technologies.  They use their expertise in fields such as physics, mathematics, and computer science to create innovative solutions to real-world problems."
1512,Engineer,Briefly describe a Engineer.,"An engineer is a professional who applies scientific and mathematical principles to design, develop, test, and maintain various types of systems, products, and infrastructure.  Engineers use their knowledge of physics, mathematics, and materials science to create innovative solutions to real-world problems."
1513,Engineer,Briefly describe a Engineer.,"An engineer is a professional who applies scientific and mathematical principles to design, develop, test, and maintain various structures, systems, and products.  They use their expertise in fields such as physics, mathematics, and materials science to solve complex problems and create innovative solutions."
1514,Engineer,Briefly describe a Engineer.,"An engineer is a professional who applies scientific knowledge, mathematical skills, and practical experience to design, develop, test, and maintain various systems, products, and infrastructure.  Engineers use their expertise to solve problems, optimize performance, and improve efficiency in fields such as construction, manufacturing, transportation, energy, and technology."
1515,Engineer,Briefly describe a Engineer.,"An engineer is a professional who applies scientific and mathematical principles to design, develop, build, and maintain various structures, systems, and products.  Engineers use their knowledge of physics, mathematics, and materials science to create innovative solutions to real-world problems."
1516,Engineer,Briefly describe a Engineer.,"An engineer is a professional who applies scientific and mathematical principles to design, develop, test, and maintain various systems, structures, and processes.  Engineers use their knowledge of engineering principles and technologies to create innovative solutions to real-world problems, often working in fields such as architecture, transportation, energy, healthcare, and more."
1517,Engineer,Briefly describe a Engineer.,"An engineer is a professional who applies scientific and mathematical principles to design, develop, and test solutions to real-world problems.  They use their expertise in physics, mathematics, and materials science to create innovative products, systems, and processes that improve efficiency, productivity, and quality of life."
1518,Engineer,Briefly describe a Engineer.,"An engineer is a professional who applies scientific knowledge, mathematical principles, and problem-solving skills to design, develop, test, and maintain systems, products, and infrastructure.  They use their expertise to create innovative solutions that meet the needs of individuals, organizations, and society as a whole."
1519,Engineer,Briefly describe a Engineer.,"An engineer is a professional who applies scientific and mathematical principles to design, develop, test, and maintain various systems, structures, and products.  Engineers use their knowledge of physics, mathematics, and materials science to solve problems and create innovative solutions in fields such as:

* Mechanical engineering (e."
1520,Engineer,Briefly describe a Engineer.,"An engineer is a professional who applies scientific and mathematical principles to design, develop, and test solutions to real-world problems.  Engineers typically have a strong foundation in mathematics, physics, and computer science, and use their knowledge to create innovative products, systems, and processes that improve efficiency, safety, and sustainability."
1521,Engineer,Briefly describe a Engineer.,"An engineer is a professional who applies scientific and mathematical principles to design, develop, test, and maintain complex systems, products, and infrastructure.  Engineers use their knowledge of various fields such as physics, mathematics, and computer science to create innovative solutions to real-world problems."
1522,Engineer,Briefly describe a Engineer.,"An engineer is a professional who applies scientific knowledge to design, build, and maintain various systems, structures, and products.  They use mathematical models, computational simulations, and experimental testing to develop innovative solutions to real-world problems."
1523,Engineer,Briefly describe a Engineer.,"An engineer is a professional who designs, develops, and implements solutions to real-world problems using science, mathematics, and technology.  Engineers apply their knowledge of physics, chemistry, biology, and other sciences to create innovative products, systems, and processes that improve efficiency, productivity, and quality of life."
1524,Engineer,Briefly describe a Engineer.,"An engineer is a professional who applies scientific and mathematical principles to design, develop, test, and maintain complex systems, structures, and processes.  Engineers use their knowledge of physics, mathematics, and materials science to create innovative solutions to real-world problems."
1525,Engineer,Briefly describe a Engineer.,"An engineer is a professional who applies scientific and mathematical knowledge to design, develop, and implement solutions to real-world problems.  They use their expertise in various fields such as mechanical, electrical, civil, aerospace, or computer science to create innovative products, systems, and processes that improve efficiency, safety, and productivity."
1526,Engineer,Briefly describe a Engineer.,"An engineer is a professional who designs, develops, and tests solutions to complex problems using scientific and mathematical principles.  Engineers apply their knowledge of physics, mathematics, and materials science to create innovative products, systems, and processes that improve efficiency, safety, and quality in various fields such as:

* Mechanical engineering (e."
1527,Engineer,Briefly describe a Engineer.,"An engineer is a professional who designs, develops, and tests solutions to practical problems, often involving technical and scientific principles.  They apply mathematical and scientific knowledge to create innovative products, systems, and processes that meet specific needs or solve complex challenges."
1528,Engineer,Briefly describe a Engineer.,"An engineer is a professional who applies scientific knowledge and mathematical skills to design, develop, test, and maintain various products, systems, and structures.  Engineers use their expertise to solve complex problems, innovate new technologies, and improve existing processes."
1529,Engineer,Briefly describe a Engineer.,"An engineer is a professional who applies scientific knowledge, mathematics, and problem-solving skills to design, develop, test, and maintain various systems, products, and structures.  Engineers work in diverse fields such as aerospace, automotive, biomedical, civil, electrical, mechanical, and many others."
1530,Engineer,Briefly describe a Engineer.,"An engineer is a professional who designs, builds, and maintains physical systems, structures, and products using scientific knowledge and mathematical principles.  They apply their expertise to solve complex problems, optimize performance, and ensure the safety and efficiency of various systems, including mechanical, electrical, civil, aerospace, and more."
1531,Engineer,Briefly describe a Engineer.,"An engineer is a professional who applies scientific and mathematical principles to design, develop, test, and maintain various products, systems, and structures.  Engineers use their knowledge of physics, mathematics, and computer science to create innovative solutions that solve real-world problems."
1532,Engineer,Briefly describe a Engineer.,"An engineer is a professional who applies scientific and mathematical principles to design, develop, and maintain various systems, products, and infrastructure.  Engineers typically have a strong foundation in mathematics and science, as well as expertise in a specific field such as mechanical, electrical, civil, or aerospace engineering."
1533,Engineer,Briefly describe a Engineer.,"An engineer is a professional who applies scientific and mathematical principles to design, develop, test, and maintain various systems, products, and infrastructure.  They use their knowledge of physics, mathematics, and materials science to create innovative solutions that solve real-world problems."
1534,Engineer,Briefly describe a Engineer.,"An engineer is a professional who applies scientific and mathematical principles to design, develop, test, and maintain various systems, structures, and products.  They use their knowledge of physics, mathematics, and materials science to create innovative solutions to real-world problems."
1535,Engineer,Briefly describe a Engineer.,"An engineer is a professional who applies scientific and mathematical principles to design, develop, test, and maintain complex systems, structures, and technologies.  They use their knowledge of physics, mathematics, and materials science to create innovative solutions to real-world problems."
1536,Engineer,Briefly describe a Engineer.,"An engineer is a professional who applies scientific and mathematical principles to design, develop, test, and maintain various systems, products, and infrastructure.  Engineers use their knowledge of physics, mathematics, and materials science to create innovative solutions to real-world problems, often working in fields such as:

* Aerospace
* Biomedical
* Civil
* Electrical
* Mechanical

Their primary goal is to improve efficiency, safety, and performance in various industries, including manufacturing, transportation, healthcare, and more."
1537,Engineer,Briefly describe a Engineer.,"An engineer is a professional who applies scientific and mathematical principles to design, develop, test, and maintain physical systems, structures, and products.  Engineers use their knowledge of physics, mathematics, and materials science to create innovative solutions to real-world problems."
1538,Engineer,Briefly describe a Engineer.,"An engineer is a professional who applies scientific and mathematical principles to design, develop, test, and maintain various systems, products, and infrastructure.  They use their knowledge of physics, mathematics, and materials science to solve complex problems and create innovative solutions."
1539,Engineer,Briefly describe a Engineer.,"An engineer is a professional who designs, builds, and maintains complex systems, structures, and products using scientific and mathematical principles.  Engineers apply their knowledge of mathematics, physics, and materials science to create innovative solutions that meet specific needs or solve real-world problems."
1540,Engineer,Briefly describe a Engineer.,"An engineer is a professional who applies scientific knowledge and mathematical principles to design, develop, and test solutions to complex problems in various fields such as mechanical, electrical, civil, chemical, aerospace, and more.  They use their expertise to create innovative products, systems, and processes that improve efficiency, productivity, and quality of life."
1541,Engineer,Briefly describe a Engineer.,"An engineer is a professional who applies scientific and mathematical principles to design, develop, build, maintain, and repair various systems, structures, and products.  Engineers use their knowledge of physics, mathematics, and materials science to create innovative solutions to real-world problems, often working in fields such as mechanical, electrical, civil, chemical, or aerospace engineering."
1542,Engineer,Briefly describe a Engineer.,"An engineer is a professional who applies scientific and mathematical principles to design, develop, test, and maintain various systems, structures, and products.  Engineers typically require a strong foundation in mathematics, physics, and computer science, and often hold a bachelor's or advanced degree in engineering."
1543,Engineer,Briefly describe a Engineer.,"An engineer is a professional who applies scientific and mathematical principles to design, develop, build, maintain, and repair physical systems, structures, and products.  They use their knowledge of physics, mathematics, and materials science to create innovative solutions to real-world problems."
1544,Engineer,Briefly describe a Engineer.,"An engineer is a professional who applies scientific and mathematical principles to design, develop, and test solutions to real-world problems.  Engineers use their knowledge of physics, mathematics, and materials science to create innovative products, systems, and infrastructure that improve people's lives."
1545,Engineer,Briefly describe a Engineer.,"An engineer is a professional who applies scientific and mathematical principles to design, develop, build, and maintain various structures, systems, products, and technologies.  They use their knowledge of physics, mathematics, materials science, and other disciplines to solve complex problems and create innovative solutions."
1546,Engineer,Briefly describe a Engineer.,"An engineer is a professional who applies mathematical and scientific principles to design, develop, test, and implement solutions to real-world problems.  They use their knowledge of physics, mathematics, and materials science to create innovative products, systems, and processes that improve efficiency, safety, and performance in various fields such as:

* Aerospace
* Biomedical
* Civil
* Electrical
* Mechanical

Engineers work in a variety of industries, including manufacturing, construction, energy, transportation, and more."
1547,Engineer,Briefly describe a Engineer.,"An engineer is a professional who applies scientific and mathematical knowledge to design, develop, build, and maintain various systems, products, and infrastructure.  They use their expertise to solve complex problems, optimize performance, and ensure safety and efficiency in fields such as:

* Mechanical engineering (e."
1548,Engineer,Briefly describe a Engineer.,"An engineer is a professional who applies scientific and mathematical principles to design, develop, and test solutions to complex problems in various fields such as mechanical, electrical, civil, aerospace, and more.  Engineers use their knowledge of materials science, physics, mathematics, and computer-aided design (CAD) software to create innovative products, systems, and infrastructure that improve people's lives and solve real-world challenges."
1549,Engineer,Briefly describe a Engineer.,"An engineer is a professional who applies scientific and mathematical principles to design, develop, test, and maintain various systems, structures, and products.  They use their expertise in engineering disciplines such as mechanical, electrical, civil, chemical, or aerospace to solve real-world problems, improve efficiency, and create innovative solutions."
1550,Engineer,Briefly describe a Engineer.,"An engineer is a professional who applies scientific and mathematical principles to design, develop, and test solutions to real-world problems.  They use their knowledge of engineering principles, technologies, and materials to create innovative products, systems, and processes that improve efficiency, safety, and performance."
1551,Engineer,Briefly describe a Engineer.,"An engineer is a professional who applies scientific knowledge and mathematical principles to design, develop, test, and maintain various systems, structures, and products.  They use their expertise in engineering disciplines such as mechanical, electrical, civil, chemical, or aerospace engineering to create innovative solutions that solve real-world problems."
1552,Engineer,Briefly describe a Engineer.,"An engineer is a professional who applies scientific and mathematical principles to design, develop, test, and maintain systems, products, and structures.  Engineers use their knowledge of various fields such as physics, mathematics, and materials science to solve complex problems and create innovative solutions."
1553,Engineer,Briefly describe a Engineer.,"An engineer is a professional who designs, builds, and maintains infrastructure, machines, systems, and products.  They apply scientific knowledge to solve real-world problems, often using mathematical and computational models to optimize performance and efficiency."
1554,Engineer,Briefly describe a Engineer.,"An engineer is a professional who applies scientific knowledge and principles to design, develop, test, and implement solutions to real-world problems.  They use mathematical models, computer simulations, and experimental methods to create innovative products, systems, and processes that meet specific needs or requirements."
1555,Engineer,Briefly describe a Engineer.,"An engineer is a professional who applies scientific and mathematical knowledge to design, develop, and test solutions to real-world problems in various fields such as mechanical, electrical, civil, aerospace, or environmental engineering.  Their primary goal is to create innovative products, systems, and processes that are safe, efficient, and effective."
1556,Engineer,Briefly describe a Engineer.,"An engineer is a professional who applies scientific and mathematical principles to design, develop, test, and maintain various systems, structures, and processes.  Engineers work in a wide range of fields, including mechanical, electrical, civil, aerospace, and software engineering, among others."
1557,Engineer,Briefly describe a Engineer.,"An engineer is a professional who applies scientific and mathematical principles to design, develop, test, and maintain various products, systems, and infrastructure.  Engineers use their expertise in a particular field, such as mechanical, electrical, civil, or chemical engineering, to create innovative solutions, solve complex problems, and improve efficiency."
1558,Engineer,Briefly describe a Engineer.,"An engineer is a professional who applies scientific and mathematical principles to design, develop, test, and maintain physical systems, structures, and processes.  Engineers use their knowledge of physics, mathematics, and materials science to create innovative solutions to real-world problems."
1559,Engineer,Briefly describe a Engineer.,"An engineer is a professional who applies scientific knowledge and mathematical principles to design, develop, test, and implement solutions to real-world problems.  Engineers use their expertise to create innovative products, systems, and processes that solve complex challenges in various fields such as:

* Mechanical engineering (machinery, robotics)
* Electrical engineering (electronics, power systems)
* Civil engineering (construction, infrastructure)
* Chemical engineering (processes, materials)

Engineers work in a wide range of industries, including manufacturing, transportation, healthcare, and technology."
1560,Engineer,Briefly describe a Engineer.,"An engineer is a professional who applies mathematical and scientific principles to design, develop, test, and maintain complex systems, products, and infrastructure.  Engineers use their expertise in various fields such as mechanical, electrical, civil, chemical, or aerospace engineering to create innovative solutions that meet the needs of individuals, businesses, and society."
1561,Engineer,Briefly describe a Engineer.,"An engineer is a professional who applies scientific and mathematical principles to design, develop, test, and maintain various systems, products, and infrastructure.  Engineers use their knowledge of physics, mathematics, and materials science to solve real-world problems and create innovative solutions in fields such as:

* Mechanical engineering (e."
1562,Engineer,Briefly describe a Engineer.,"An engineer is a professional who applies scientific and mathematical principles to design, develop, test, and maintain various systems, structures, and products, such as mechanical, electrical, civil, aerospace, or software engineering.  Engineers use their expertise to create innovative solutions, solve problems, and improve efficiency in fields like technology, infrastructure, healthcare, and more."
1563,Engineer,Briefly describe a Engineer.,"An engineer is a professional who designs, develops, tests, and maintains physical systems, structures, and products using scientific and mathematical principles to solve real-world problems.  Engineers apply their knowledge of physics, mathematics, and materials science to create innovative solutions that meet the needs of individuals, industries, and society as a whole."
1564,Engineer,Briefly describe a Engineer.,"An engineer is a professional who applies scientific and mathematical principles to design, develop, test, and maintain solutions to real-world problems.  Engineers use their knowledge of physics, mathematics, and materials science to create innovative solutions in various fields such as mechanical, electrical, civil, chemical, and aerospace engineering, among others."
1565,Engineer,Briefly describe a Engineer.,"An engineer is a professional who applies scientific and mathematical principles to design, develop, test, and maintain various systems, structures, and processes.  They use their knowledge of physics, mathematics, and materials science to create innovative solutions to real-world problems."
1566,Engineer,Briefly describe a Engineer.,"An engineer is a professional who designs, develops, and tests solutions to real-world problems using scientific and mathematical principles.  They apply their knowledge of mathematics, physics, and materials science to create innovative products, systems, and processes that improve efficiency, safety, and quality."
1567,Engineer,Briefly describe a Engineer.,"An engineer is a professional who applies scientific and mathematical principles to design, develop, test, and maintain complex systems, structures, and products.  Engineers use their knowledge of physics, mathematics, and materials science to solve real-world problems, often combining technical expertise with business acumen to meet practical needs."
1568,Engineer,Briefly describe a Engineer.,"An engineer is a professional who designs, develops, and tests systems, products, and structures to solve practical problems and meet human needs.  Engineers apply scientific and mathematical principles to create innovative solutions in various fields, such as:

* Mechanical engineering
* Electrical engineering
* Civil engineering
* Chemical engineering
* Aerospace engineering
* Biomedical engineering

Engineers use their expertise to develop new technologies, improve existing ones, and optimize systems for efficiency, safety, and sustainability."
1569,Engineer,Briefly describe a Engineer.,"An engineer is a professional who designs, builds, maintains, and improves various systems, structures, and products using scientific and mathematical principles.  They apply their knowledge of physics, mathematics, and materials science to create innovative solutions to real-world problems."
1570,Engineer,Briefly describe a Engineer.,"An engineer is a professional who designs, builds, and maintains complex systems, machines, and structures by applying scientific and mathematical principles to solve real-world problems.  They use their knowledge of physics, mathematics, and materials science to create innovative solutions, optimize performance, and ensure safety and efficiency in various fields such as:

* Mechanical engineering
* Electrical engineering
* Civil engineering
* Chemical engineering
* Aerospace engineering

Engineers work in a wide range of industries, including manufacturing, construction, transportation, energy, and healthcare."
1571,Engineer,Briefly describe a Engineer.,"An engineer is a professional who designs, builds, and maintains physical systems, structures, and products.  Engineers apply scientific and mathematical principles to develop solutions to real-world problems, often using technology, materials science, and other specialized knowledge."
1572,Engineer,Briefly describe a Engineer.,"An engineer is a professional who applies scientific and mathematical knowledge to design, develop, and test solutions to real-world problems.  They use their expertise in various fields, such as mechanical, electrical, civil, or chemical engineering, to create innovative products, systems, and processes that meet specific needs."
1573,Engineer,Briefly describe a Engineer.,"An engineer is a professional who applies scientific and mathematical principles to design, develop, test, and maintain various physical systems, structures, and products.  Engineers typically hold a bachelor's or advanced degree in engineering and are skilled in problem-solving, innovation, and collaboration."
1574,Engineer,Briefly describe a Engineer.,"An engineer is a professional who designs, develops, and implements solutions to solve problems in various fields such as mechanical, electrical, civil, or chemical engineering.  Engineers use scientific principles, mathematical models, and technical expertise to create innovative products, systems, and processes that improve efficiency, safety, and quality."
1575,Engineer,Briefly describe a Engineer.,"An engineer is a professional who applies scientific and mathematical knowledge to design, develop, test, and maintain various systems, structures, and products.  They use their expertise in fields such as physics, mathematics, and materials science to solve complex problems and create innovative solutions."
1576,Engineer,Briefly describe a Engineer.,"An engineer is a professional who designs, develops, and tests solutions to complex problems, often involving the application of scientific and mathematical principles to create innovative products, systems, or processes.  Engineers typically have a strong foundation in mathematics, physics, and computer science, and use their expertise to:

* Analyze problems and develop creative solutions
* Design and test prototypes
* Conduct experiments and gather data
* Implement and maintain systems
* Collaborate with other professionals to achieve project goals

Engineers can work in various fields, including mechanical, electrical, civil, aerospace, and software engineering, among others."
1577,Engineer,Briefly describe a Engineer.,"An engineer is a professional who designs, builds, and maintains complex systems, structures, and products using scientific and mathematical principles.  Engineers apply their knowledge of physics, mathematics, and materials science to create innovative solutions that meet specific needs and solve real-world problems."
1578,Engineer,Briefly describe a Engineer.,"An engineer is a professional who designs, builds, and maintains physical systems, structures, and products using scientific and mathematical principles.  They apply their knowledge of mathematics, physics, and materials science to develop innovative solutions that solve real-world problems."
1579,Engineer,Briefly describe a Engineer.,"An engineer is a professional who designs, develops, and oversees the construction of physical systems, products, or processes.  They apply mathematical and scientific principles to create solutions to real-world problems, often working in fields such as:

* Mechanical engineering
* Electrical engineering
* Civil engineering
* Chemical engineering
* Aerospace engineering

Engineers use their knowledge of physics, mathematics, and materials science to design, test, and optimize systems, ensuring they are safe, efficient, and functional."
1580,Engineer,Briefly describe a Engineer.,"An engineer is a professional who applies scientific and mathematical principles to design, develop, test, and maintain various structures, systems, products, and processes.  Engineers use their knowledge of physics, mathematics, and materials science to create innovative solutions to real-world problems, often working in industries such as construction, manufacturing, transportation, and energy."
1581,Engineer,Briefly describe a Engineer.,"An engineer is a professional who applies scientific and mathematical principles to design, develop, test, and maintain various products, systems, and structures.  Engineers use their knowledge of physics, mathematics, and computer science to create innovative solutions to real-world problems."
1582,Engineer,Briefly describe a Engineer.,"An engineer is a professional who applies scientific and mathematical principles to design, develop, build, and maintain various systems, products, and infrastructure.  Engineers use their knowledge of physics, mathematics, and materials science to create innovative solutions that solve real-world problems."
1583,Engineer,Briefly describe a Engineer.,"An engineer is a professional who applies scientific and mathematical principles to design, develop, test, and maintain various products, systems, and infrastructure.  They use their knowledge of engineering principles, materials science, and technology to create innovative solutions that meet specific needs or solve complex problems."
1584,Engineer,Briefly describe a Engineer.,"An engineer is a professional who applies mathematical and scientific principles to design, develop, test, and maintain various products, systems, and structures.  They use their knowledge of physics, mathematics, and computer science to solve complex problems and create innovative solutions."
1585,Engineer,Briefly describe a Engineer.,"An engineer is a professional who designs, develops, and tests various systems, machines, structures, and processes to solve real-world problems and improve efficiency.  Engineers apply mathematical and scientific principles to create innovative solutions that meet functional requirements while considering safety, sustainability, and cost-effectiveness."
1586,Engineer,Briefly describe a Engineer.,"An engineer is a professional who designs, develops, and implements solutions to complex problems in various fields, such as construction, manufacturing, energy, transportation, and more.  They apply scientific and mathematical principles to create innovative products, systems, and processes that meet specific needs or solve real-world problems."
1587,Engineer,Briefly describe a Engineer.,"An engineer is a professional who designs, develops, and implements solutions to real-world problems using science, mathematics, and technology.  Engineers apply their knowledge of physics, chemistry, biology, and other sciences to create innovative products, systems, and processes that improve people's lives."
1588,Engineer,Briefly describe a Engineer.,"An engineer is a professional who designs, builds, and maintains complex systems, structures, and machines using scientific and mathematical principles.  They apply knowledge of physics, mathematics, and materials science to create innovative solutions for various industries, including aerospace, automotive, energy, healthcare, and infrastructure."
1589,Engineer,Briefly describe a Engineer.,"An engineer is a professional who applies scientific and mathematical principles to design, develop, test, and maintain various structures, systems, and products.  Engineers use their knowledge of physics, mathematics, and materials science to create innovative solutions for complex problems in fields such as:

* Mechanical engineering
* Electrical engineering
* Civil engineering
* Chemical engineering

Their work may involve:

* Designing and developing new products or systems
* Analyzing data and testing prototypes
* Overseeing construction projects
* Collaborating with other professionals to solve complex problems

Engineers are problem-solvers who use their technical expertise to create innovative solutions that improve people's lives and make the world a better place."
1590,Engineer,Briefly describe a Engineer.,"An engineer is a professional who designs, develops, and tests solutions to practical problems, often involving technology, science, or other fields of study.  Engineers apply mathematical and scientific principles to create innovative products, systems, and processes that improve efficiency, safety, and quality of life."
1591,Engineer,Briefly describe a Engineer.,"An engineer is a professional who applies scientific knowledge and mathematical techniques to design, develop, test, and implement solutions to real-world problems.  They use their expertise in various fields such as mechanical, electrical, civil, chemical, or aerospace engineering to create innovative products, systems, and infrastructure that meet specific needs."
1592,Engineer,Briefly describe a Engineer.,"An engineer is a professional who applies scientific and mathematical principles to design, develop, build, and maintain various structures, machines, systems, and processes.  Engineers typically hold a degree in engineering or a related field and use their knowledge and skills to solve problems, create innovative solutions, and improve efficiency in various industries such as mechanical, electrical, civil, aerospace, chemical, and more."
1593,Engineer,Briefly describe a Engineer.,"An engineer is a professional who applies scientific and mathematical principles to design, develop, build, and maintain various systems, structures, and products.  Engineers use their expertise in physics, mathematics, and materials science to solve complex problems, create innovative solutions, and improve efficiency and performance."
1594,Engineer,Briefly describe a Engineer.,"An engineer is a professional who applies scientific and mathematical principles to design, develop, test, and maintain various products, systems, and infrastructure.  They use their knowledge of engineering sciences, mathematics, and physics to create innovative solutions that solve real-world problems."
1595,Engineer,Briefly describe a Engineer.,"An engineer is a professional who designs, builds, maintains, and repairs physical systems, structures, and products using scientific and mathematical principles.  They apply their knowledge of mathematics, physics, and materials science to develop innovative solutions for various industries such as aerospace, automotive, construction, electrical, mechanical, and more."
1596,Engineer,Briefly describe a Engineer.,"An engineer is a professional who applies scientific and mathematical principles to design, develop, test, and maintain various structures, systems, products, and technologies.  Engineers use their knowledge of physics, mathematics, and materials science to create innovative solutions to real-world problems."
1597,Engineer,Briefly describe a Engineer.,"An engineer is a professional who applies scientific and mathematical principles to design, develop, test, and maintain various systems, structures, and products.  Engineers use their knowledge of physics, mathematics, and computer science to solve complex problems, optimize performance, and ensure safety."
1598,Engineer,Briefly describe a Engineer.,"An engineer is a professional who applies scientific and mathematical principles to design, develop, test, and maintain various systems, structures, and products.  Engineers use their knowledge of physics, mathematics, and computer science to create innovative solutions to real-world problems, often working in fields such as mechanical, electrical, civil, aerospace, or chemical engineering."
1599,Engineer,Briefly describe a Engineer.,"An engineer is a professional who applies scientific and mathematical principles to design, develop, test, and implement solutions to real-world problems.  Engineers use their knowledge of physics, mathematics, and materials science to create innovative products, systems, and technologies that solve complex challenges."
1600,Engineer,Briefly describe a Engineer.,"An engineer is a professional who applies scientific and mathematical principles to design, develop, test, and maintain complex systems, structures, and processes.  They use their knowledge of physics, mathematics, and materials science to create innovative solutions to real-world problems, often working on projects that require precision, creativity, and problem-solving skills."
1601,Engineer,What is an activity typically enjoyed by a Engineer?,"Engineers, like any other professionals, have diverse interests and hobbies.  However, based on various surveys, online forums, and engineering communities, here are some activities that are commonly enjoyed by engineers:

1."
1602,Engineer,What is an activity typically enjoyed by a Engineer?,"Engineers often enjoy activities that challenge their problem-solving skills, creativity, and analytical thinking.  Here are some popular activities typically enjoyed by engineers:

1."
1603,Engineer,What is an activity typically enjoyed by a Engineer?,"Engineers often have diverse interests and hobbies outside of their work, but here are some activities that are commonly enjoyed by engineers:

1.  **Building or DIY projects**: Many engineers enjoy working on personal projects, such as building furniture, fixing cars, or renovating homes."
1604,Engineer,What is an activity typically enjoyed by a Engineer?,"Engineers are known to be problem-solvers and thinkers, so they often enjoy activities that challenge their minds, foster creativity, and allow them to express themselves.  Here are some typical activities that engineers might enjoy:

1."
1605,Engineer,What is an activity typically enjoyed by a Engineer?,"Engineers often have diverse interests and hobbies, but here are some activities that are commonly enjoyed by engineers:

1.  **Building or designing models**: Many engineers enjoy building or designing models of machines, vehicles, or structures using various materials like wood, metal, or 3D printing."
1606,Engineer,What is an activity typically enjoyed by a Engineer?,"While individual interests may vary, many engineers tend to enjoy activities that combine problem-solving, creativity, and technical expertise.  Here are some popular activities typically enjoyed by engineers:

1."
1607,Engineer,What is an activity typically enjoyed by a Engineer?,"Engines often enjoy activities that involve problem-solving, creativity, and hands-on work.  Some popular activities among engineers include:

1."
1608,Engineer,What is an activity typically enjoyed by a Engineer?,"Engines, as in people who work with engineering, often enjoy activities that involve problem-solving, creativity, and analytical thinking.  Here are some popular activities that engineers typically enjoy:

1."
1609,Engineer,What is an activity typically enjoyed by a Engineer?,"Engineers are known to be problem-solvers and thinkers, so they often enjoy activities that challenge their minds, encourage creativity, and allow them to work on complex puzzles.  Here are some activities typically enjoyed by engineers:

1."
1610,Engineer,What is an activity typically enjoyed by a Engineer?,"Engineers often enjoy activities that challenge their problem-solving skills, provide hands-on experience, and allow them to express their creativity.  Here are some typical activities enjoyed by engineers:

1."
1611,Engineer,What is an activity typically enjoyed by a Engineer?,"Engines enjoy various activities, but some common ones include:

1.  **Building and tinkering**: Many engineers enjoy building and repairing things, whether it's a car, a machine, or even a DIY project like a wooden furniture."
1612,Engineer,What is an activity typically enjoyed by a Engineer?,"Engineers often have diverse interests and hobbies, but here are some activities that are commonly enjoyed by engineers:

1.  **Building and tinkering**: Many engineers enjoy building and fixing things, whether it's a DIY project, a robot, or a piece of furniture."
1613,Engineer,What is an activity typically enjoyed by a Engineer?,"Engineers are known to enjoy a variety of activities that relate to problem-solving, creativity, and innovation.  Here are some common activities typically enjoyed by engineers:

1."
1614,Engineer,What is an activity typically enjoyed by a Engineer?,"Engineers often enjoy activities that involve problem-solving, creativity, and technical challenge.  Here are some popular activities typically enjoyed by engineers:

1."
1615,Engineer,What is an activity typically enjoyed by a Engineer?,"Engineers, like any other professionals, have diverse interests and hobbies.  However, some activities that are commonly enjoyed by engineers include:

1."
1616,Engineer,What is an activity typically enjoyed by a Engineer?,"Engineers often enjoy activities that allow them to apply their problem-solving skills, creativity, and analytical thinking.  Here are some popular activities typically enjoyed by engineers:

1."
1617,Engineer,What is an activity typically enjoyed by a Engineer?,"Engineers are known for their diverse interests and hobbies, but here are some activities that are commonly enjoyed by engineers:

1.  **Building and tinkering**: Many engineers enjoy building and tinkering with projects, whether it's a DIY gadget, a model car, or a homebrew robot."
1618,Engineer,What is an activity typically enjoyed by a Engineer?,"Engineers, like any other professionals, have diverse interests and hobbies.  However, some activities are commonly enjoyed by engineers due to their technical or problem-solving nature."
1619,Engineer,What is an activity typically enjoyed by a Engineer?,"While interests can vary widely among individuals, here are some activities that are commonly enjoyed by engineers:

1.  **Puzzles and brain teasers**: Engineers often enjoy solving complex problems and puzzles, such as Sudoku, KenKen, or logic grids."
1620,Engineer,What is an activity typically enjoyed by a Engineer?,"Engineers, like any professionals, have diverse interests and hobbies.  However, based on various studies and surveys, here are some activities that are commonly enjoyed by engineers:

1."
1621,Engineer,What is an activity typically enjoyed by a Engineer?,"Engineers are known to have diverse interests and hobbies, but here are some activities that are commonly enjoyed by engineers:

1.  **Building or tinkering with projects**: Many engineers enjoy building or modifying devices, machines, or systems, often using their knowledge of engineering principles to design and implement solutions."
1622,Engineer,What is an activity typically enjoyed by a Engineer?,"Engineers are known to enjoy various activities that cater to their problem-solving, analytical, and creative skills.  Here are some typical activities enjoyed by engineers:

1."
1623,Engineer,What is an activity typically enjoyed by a Engineer?,"Engineers, being problem-solvers and tinkerers at heart, often enjoy activities that challenge their minds, spark creativity, and allow them to experiment and innovate.  Here are some popular activities typically enjoyed by engineers:

1."
1624,Engineer,What is an activity typically enjoyed by a Engineer?,"Engineers are known to have diverse interests and hobbies, but some activities that they often enjoy include:

1.  Building and fixing things: Many engineers love to tinker with gadgets, machines, and tools, and enjoy building or repairing things in their free time."
1625,Engineer,What is an activity typically enjoyed by a Engineer?,"Engineers are known to enjoy a wide range of activities, but here are some popular ones:

1.  **Building and tinkering**: Many engineers enjoy building and tinkering with gadgets, machines, or other devices."
1626,Engineer,What is an activity typically enjoyed by a Engineer?,"Engineers, like individuals with any profession or hobby, have diverse interests and preferences.  However, based on various studies, surveys, and anecdotal evidence, here are some activities that engineers often enjoy:

1."
1627,Engineer,What is an activity typically enjoyed by a Engineer?,"Engineers, like any other professionals, have diverse interests and hobbies.  However, here are some activities that are commonly enjoyed by engineers:

1."
1628,Engineer,What is an activity typically enjoyed by a Engineer?,"Engineers often enjoy activities that challenge their problem-solving skills, allow them to be creative, and provide opportunities for hands-on learning.  Here are some typical activities enjoyed by engineers:

1."
1629,Engineer,What is an activity typically enjoyed by a Engineer?,"Engineers are known to be problem-solvers and thinkers, so they often enjoy activities that challenge their minds, promote critical thinking, and provide opportunities for creativity.  Here are some activities that are typically enjoyed by engineers:

1."
1630,Engineer,What is an activity typically enjoyed by a Engineer?,"Engineers often enjoy activities that challenge their problem-solving skills, creativity, and analytical thinking.  Here are some common activities typically enjoyed by engineers:

1."
1631,Engineer,What is an activity typically enjoyed by a Engineer?,"Engineers are known to have diverse interests and hobbies, but here are some activities that are commonly enjoyed by engineers:

1.  **Building models**: Many engineers enjoy building scale models of bridges, buildings, or machines using materials like LEGO, K'NEX, or cardboard."
1632,Engineer,What is an activity typically enjoyed by a Engineer?,"Engineers often enjoy activities that challenge their minds, promote problem-solving, and allow them to explore new ideas.  Here are some common activities that engineers tend to enjoy:

1."
1633,Engineer,What is an activity typically enjoyed by a Engineer?,"Engineers, like any other professionals, have diverse interests and hobbies.  However, some activities that are commonly enjoyed by engineers include:

1."
1634,Engineer,What is an activity typically enjoyed by a Engineer?,"Engineers, being problem-solvers and innovators, often enjoy activities that challenge their minds, foster creativity, and allow them to express themselves.  Here are some activities typically enjoyed by engineers:

1."
1635,Engineer,What is an activity typically enjoyed by a Engineer?,"Engineers often enjoy activities that combine problem-solving, creativity, and hands-on work.  Here are some popular activities typically enjoyed by engineers:

1."
1636,Engineer,What is an activity typically enjoyed by a Engineer?,"Engineers, like many professionals, have diverse interests and hobbies.  However, based on various surveys, online forums, and engineering communities, here are some activities that engineers often enjoy:

1."
1637,Engineer,What is an activity typically enjoyed by a Engineer?,"Engineers often enjoy activities that involve problem-solving, creativity, and hands-on experience.  Here are some typical activities enjoyed by engineers:

1."
1638,Engineer,What is an activity typically enjoyed by a Engineer?,"Engineers often enjoy activities that combine problem-solving, creativity, and hands-on experience.  Here are some examples of activities typically enjoyed by engineers:

1."
1639,Engineer,What is an activity typically enjoyed by a Engineer?,"Engineers, like any other professionals, have diverse interests and hobbies outside of their work.  However, based on various surveys, online forums, and anecdotal evidence, here are some activities that engineers often enjoy:

1."
1640,Engineer,What is an activity typically enjoyed by a Engineer?,"Engineers are known to have diverse interests and hobbies, but some activities that are commonly enjoyed by engineers include:

1.  **Building and tinkering**: Many engineers enjoy building and repairing things, such as cars, motorcycles, bicycles, or other machinery."
1641,Engineer,What is an activity typically enjoyed by a Engineer?,"Engineers often have diverse interests and hobbies outside of work, but here are some activities that are commonly enjoyed by engineers:

1.  **Building and DIY projects**: Many engineers enjoy building and repairing things, such as furniture, cars, or even entire houses."
1642,Engineer,What is an activity typically enjoyed by a Engineer?,"Engineers are known for their problem-solving skills, analytical thinking, and creativity, which makes them enjoy a wide range of activities.  Here are some popular activities that engineers typically enjoy:

1."
1643,Engineer,What is an activity typically enjoyed by a Engineer?,"Engineers are known to be creative problem-solvers, and they often enjoy activities that challenge their minds, promote innovation, and allow them to express themselves in a non-traditional way.  Here are some popular activities typically enjoyed by engineers:

1."
1644,Engineer,What is an activity typically enjoyed by a Engineer?,"Engineers, like many professionals, have diverse interests and hobbies.  However, here are some activities that are commonly enjoyed by engineers:

1."
1645,Engineer,What is an activity typically enjoyed by a Engineer?,"Engineers often enjoy activities that involve problem-solving, creativity, and hands-on experimentation.  Here are some common activities that engineers tend to enjoy:

1."
1646,Engineer,What is an activity typically enjoyed by a Engineer?,"Engineers, like any other professionals, have diverse interests and hobbies outside of work.  However, some activities that are commonly enjoyed by engineers include:

1."
1647,Engineer,What is an activity typically enjoyed by a Engineer?,"Engineers are known for their diverse interests and hobbies, but here are some activities that are commonly enjoyed by engineers:

1.  **Building or fixing things**: Many engineers love to tinker with machines, gadgets, or even their own home appliances."
1648,Engineer,What is an activity typically enjoyed by a Engineer?,"Engineers, like any other professionals, have diverse interests and hobbies.  However, here are some activities that are commonly enjoyed by engineers:

1."
1649,Engineer,What is an activity typically enjoyed by a Engineer?,"Engineers are known to have diverse interests and hobbies outside of their work.  However, some activities that are commonly enjoyed by engineers include:

1."
1650,Engineer,What is an activity typically enjoyed by a Engineer?,"Engineers are known to have diverse interests, but here are some activities that are commonly enjoyed by many engineers:

1.  **Building and tinkering**: Many engineers enjoy building and repairing things, whether it's a gadget, a machine, or even their own home."
1651,Engineer,What is an activity typically enjoyed by a Engineer?,"Engineers are often multi-faceted individuals with diverse interests, but here are some activities that might be commonly enjoyed by engineers:

1.  **Hacking and tinkering**: Many engineers enjoy taking apart and reassembling complex devices to understand how they work and improve their functionality."
1652,Engineer,What is an activity typically enjoyed by a Engineer?,"Engineers often enjoy activities that involve problem-solving, creativity, and critical thinking.  Here are some common activities that engineers tend to enjoy:

1."
1653,Engineer,What is an activity typically enjoyed by a Engineer?,"Engineers, being problem-solvers and creative thinkers, often enjoy activities that challenge their minds, foster innovation, and allow them to express themselves.  Here are some popular activities that engineers tend to enjoy:

1."
1654,Engineer,What is an activity typically enjoyed by a Engineer?,"Engineers are known for their diverse interests and hobbies, but here are some activities that are commonly enjoyed by engineers:

1.  **Building models**: Many engineers enjoy building scale models of machines or structures to demonstrate concepts, test designs, or explore creative ideas."
1655,Engineer,What is an activity typically enjoyed by a Engineer?,"Engineers are known for their diverse interests and hobbies, but here are some activities that are commonly enjoyed by engineers:

1.  **Building and creating things**: Many engineers enjoy building and tinkering with projects, such as woodworking, robotics, or electronics."
1656,Engineer,What is an activity typically enjoyed by a Engineer?,"Engineers, like any other professionals, have diverse interests and hobbies outside of work.  However, based on various studies and surveys, here are some activities that engineers tend to enjoy:

1."
1657,Engineer,What is an activity typically enjoyed by a Engineer?,"Engineers often have diverse interests and hobbies, but here are some activities that are commonly enjoyed by engineers:

1.  **Puzzles and brain teasers**: Engineers enjoy solving complex problems and puzzles, such as Sudoku, crosswords, or cryptograms."
1658,Engineer,What is an activity typically enjoyed by a Engineer?,"Engineers, like any other professionals, have diverse interests and hobbies.  However, based on various studies and surveys, here are some activities that are commonly enjoyed by engineers:

1."
1659,Engineer,What is an activity typically enjoyed by a Engineer?,"Engineers are known for their diverse interests and hobbies, but here are some activities that are commonly enjoyed by engineers:

1.  **Building or fixing things**: Many engineers enjoy tinkering with machines, gadgets, or building their own projects in their free time."
1660,Engineer,What is an activity typically enjoyed by a Engineer?,"Engineers, like people from any profession or interest, have diverse hobbies and interests.  However, some activities that are commonly enjoyed by engineers include:

1."
1661,Engineer,What is an activity typically enjoyed by a Engineer?,"Engineers often enjoy activities that challenge their minds, foster creativity, and provide an outlet for problem-solving.  Here are some common activities typically enjoyed by engineers:

1."
1662,Engineer,What is an activity typically enjoyed by a Engineer?,"Engineers often have diverse interests and hobbies, but here are some activities that are commonly enjoyed by engineers:

1.  **Building and tinkering**: Many engineers enjoy building and repairing things, whether it's a car, a robot, or a gadget."
1663,Engineer,What is an activity typically enjoyed by a Engineer?,"Engineers often enjoy activities that involve problem-solving, creativity, and hands-on experimentation.  Here are some typical activities enjoyed by engineers:

1."
1664,Engineer,What is an activity typically enjoyed by a Engineer?,"Engineers are known for their diverse interests and hobbies, but here are some activities that are commonly enjoyed by engineers:

1.  **Building and DIY projects**: Many engineers enjoy building and repairing things in their free time, such as bicycles, cars, or even furniture."
1665,Engineer,What is an activity typically enjoyed by a Engineer?,"Engineers often enjoy activities that involve problem-solving, creativity, and critical thinking.  Here are some typical activities enjoyed by engineers:

1."
1666,Engineer,What is an activity typically enjoyed by a Engineer?,"Engineers are known for their diverse interests and hobbies, but some common activities that they tend to enjoy include:

1.  **Puzzle-solving**: Engineers often enjoy solving puzzles, such as Sudoku, crosswords, or jigsaw puzzles."
1667,Engineer,What is an activity typically enjoyed by a Engineer?,"Engineers often enjoy activities that involve problem-solving, creativity, and innovation.  Here are some typical activities that engineers might enjoy:

1."
1668,Engineer,What is an activity typically enjoyed by a Engineer?,"Engineers are known to have diverse interests, but here are some activities that are commonly enjoyed by engineers:

1.  **Problem-solving puzzles and games**: Engineers love solving complex problems, and puzzle books like Sudoku, KenKen, or escape rooms provide the perfect challenge."
1669,Engineer,What is an activity typically enjoyed by a Engineer?,"Engineers often enjoy activities that combine problem-solving, creativity, and hands-on experience.  Here are some popular activities typically enjoyed by engineers:

1."
1670,Engineer,What is an activity typically enjoyed by a Engineer?,"Engineers, like individuals from any profession, have diverse interests and hobbies.  However, based on various studies and surveys, here are some activities that engineers tend to enjoy:

1."
1671,Engineer,What is an activity typically enjoyed by a Engineer?,"Engineers often enjoy activities that involve problem-solving, creativity, and hands-on experimentation.  Here are some typical activities that engineers might enjoy:

1."
1672,Engineer,What is an activity typically enjoyed by a Engineer?,"Engineers often enjoy activities that involve problem-solving, creativity, and hands-on work.  Here are some typical activities that engineers tend to enjoy:

1."
1673,Engineer,What is an activity typically enjoyed by a Engineer?,"Engineers often have diverse interests and hobbies, but here are some activities that are commonly enjoyed by engineers:

1.  **Building or fixing things**: Many engineers enjoy working on DIY projects, such as building furniture, fixing bikes, or renovating their homes."
1674,Engineer,What is an activity typically enjoyed by a Engineer?,"Engineers often enjoy activities that involve problem-solving, creativity, and hands-on work.  Here are some popular activities typically enjoyed by engineers:

1."
1675,Engineer,What is an activity typically enjoyed by a Engineer?,"Engineers often have diverse interests and hobbies, but some common activities that might be enjoyed by engineers include:

1.  **Building and tinkering**: Many engineers enjoy building and repairing things, whether it's a model car, a robotic device, or even a personal project like a home automation system."
1676,Engineer,What is an activity typically enjoyed by a Engineer?,"Engineers are known for their diverse interests and hobbies, but here are some activities that are commonly enjoyed by engineers:

1.  **Building and tinkering**: Many engineers enjoy building and repairing things, whether it's a robot, a gadget, or a piece of furniture."
1677,Engineer,What is an activity typically enjoyed by a Engineer?,"Engineers are known to enjoy various activities that challenge their minds, provide creative outlets, or allow them to apply their technical skills in new and exciting ways.  Here are some activities that are commonly enjoyed by engineers:

1."
1678,Engineer,What is an activity typically enjoyed by a Engineer?,"Engineers often have diverse interests and hobbies, but here are some activities that might be typical of engineers:

1.  **Building and tinkering**: Many engineers enjoy building and repairing things, whether it's a car, a robot, or even a DIY project in their garage."
1679,Engineer,What is an activity typically enjoyed by a Engineer?,"Engineers often enjoy activities that involve problem-solving, creativity, and hands-on experimentation.  Here are some popular activities typically enjoyed by engineers:

1."
1680,Engineer,What is an activity typically enjoyed by a Engineer?,"Engineers are known to be problem-solvers and tinkerers, so activities that align with these traits tend to be popular among them.  Here are some common activities that engineers often enjoy:

1."
1681,Engineer,What is an activity typically enjoyed by a Engineer?,"Engines love solving problems and creating something from scratch.  Here are some activities that engineers often enjoy:

1."
1682,Engineer,What is an activity typically enjoyed by a Engineer?,"Engineers, like people from any profession or hobby, have diverse interests and preferences.  However, based on various surveys, online forums, and social media groups, here are some activities that engineers often enjoy:

1."
1683,Engineer,What is an activity typically enjoyed by a Engineer?,"Engineers are known for their diverse interests and hobbies, but here are some activities that are commonly enjoyed by engineers:

1.  **Building or fixing things**: Many engineers enjoy tinkering with machines, gadgets, and devices, and building or repairing them in their free time."
1684,Engineer,What is an activity typically enjoyed by a Engineer?,"Engineers often enjoy activities that involve problem-solving, creativity, and hands-on experimentation.  Here are some common activities that engineers tend to enjoy:

1."
1685,Engineer,What is an activity typically enjoyed by a Engineer?,"Engineers, like individuals with any profession or interest, can have varied hobbies and interests.  However, based on general trends and anecdotal evidence, here are some activities that engineers often enjoy:

1."
1686,Engineer,What is an activity typically enjoyed by a Engineer?,"Engineers, like any other professionals, have diverse interests and hobbies.  However, based on various surveys, online forums, and engineering communities, here are some activities that engineers tend to enjoy:

1."
1687,Engineer,What is an activity typically enjoyed by a Engineer?,"Engineers often have diverse interests and hobbies, but here are some activities that are commonly enjoyed by engineers:

1.  **Building and designing things**: Many engineers enjoy building models, robots, or prototypes in their free time."
1688,Engineer,What is an activity typically enjoyed by a Engineer?,"Engineers often enjoy activities that are intellectually stimulating, creative, and hands-on.  Here are some common activities that engineers typically enjoy:

1."
1689,Engineer,What is an activity typically enjoyed by a Engineer?,"Engineers often enjoy activities that involve problem-solving, creativity, and hands-on work.  Here are some popular activities that engineers tend to enjoy:

1."
1690,Engineer,What is an activity typically enjoyed by a Engineer?,"Engineers often enjoy activities that involve problem-solving, creativity, and hands-on work.  Here are some typical activities that engineers might enjoy:

1."
1691,Engineer,What is an activity typically enjoyed by a Engineer?,"Engineers often enjoy activities that challenge their problem-solving skills, creativity, and analytical thinking.  Here are some popular activities typically enjoyed by engineers:

1."
1692,Engineer,What is an activity typically enjoyed by a Engineer?,"Engineers, like individuals with any profession or interest, have diverse hobbies and preferences.  However, here are some activities that are commonly enjoyed by engineers:

1."
1693,Engineer,What is an activity typically enjoyed by a Engineer?,"Engineers are known to be curious and problem-solvers, so they often enjoy activities that challenge their minds and allow them to express their creativity.  Here are some popular activities typically enjoyed by engineers:

1."
1694,Engineer,What is an activity typically enjoyed by a Engineer?,"Engineers are known to enjoy a variety of activities that align with their interests and passions.  Here are some examples:

1."
1695,Engineer,What is an activity typically enjoyed by a Engineer?,"Engineers often enjoy activities that allow them to use their problem-solving skills, creativity, and technical expertise.  Here are some typical activities enjoyed by engineers:

1."
1696,Engineer,What is an activity typically enjoyed by a Engineer?,"Engineers are known to be curious and problem-solvers, so they often enjoy activities that challenge their minds, promote learning, and allow them to express their creativity.  Here are some activities that are commonly enjoyed by engineers:

1."
1697,Engineer,What is an activity typically enjoyed by a Engineer?,"Engineers often enjoy activities that involve problem-solving, creativity, and technical challenge.  Here are some common activities that engineers typically enjoy:

1."
1698,Engineer,What is an activity typically enjoyed by a Engineer?,"Engineers often enjoy activities that are related to technology, problem-solving, and creativity.  Here are some examples of activities typically enjoyed by engineers:

1."
1699,Engineer,What is an activity typically enjoyed by a Engineer?,"Engineers are known for their diverse interests and hobbies, but here are some activities that are commonly enjoyed by engineers:

1.  **Building and tinkering**: Many engineers enjoy building and modifying things, such as robots, gadgets, or even entire machines."
1700,Engineer,What is an activity typically enjoyed by a Engineer?,"Engineers, like individuals from any profession, have diverse interests and hobbies.  However, here are some activities that are commonly enjoyed by engineers:

1."
1701,Engineer,"Finish the joke: A Engineer walked into a bar,",..
1702,Engineer,"Finish the joke: A Engineer walked into a bar,",..
1703,Engineer,"Finish the joke: A Engineer walked into a bar,",..
1704,Engineer,"Finish the joke: A Engineer walked into a bar,",..
1705,Engineer,"Finish the joke: A Engineer walked into a bar,",..
1706,Engineer,"Finish the joke: A Engineer walked into a bar,",..
1707,Engineer,"Finish the joke: A Engineer walked into a bar,",..
1708,Engineer,"Finish the joke: A Engineer walked into a bar,",..
1709,Engineer,"Finish the joke: A Engineer walked into a bar,",..
1710,Engineer,"Finish the joke: A Engineer walked into a bar,",..
1711,Engineer,"Finish the joke: A Engineer walked into a bar,",..
1712,Engineer,"Finish the joke: A Engineer walked into a bar,",..
1713,Engineer,"Finish the joke: A Engineer walked into a bar,",..
1714,Engineer,"Finish the joke: A Engineer walked into a bar,",..
1715,Engineer,"Finish the joke: A Engineer walked into a bar,",..
1716,Engineer,"Finish the joke: A Engineer walked into a bar,",..
1717,Engineer,"Finish the joke: A Engineer walked into a bar,",..
1718,Engineer,"Finish the joke: A Engineer walked into a bar,",..
1719,Engineer,"Finish the joke: A Engineer walked into a bar,",..
1720,Engineer,"Finish the joke: A Engineer walked into a bar,",..
1721,Engineer,"Finish the joke: A Engineer walked into a bar,",..
1722,Engineer,"Finish the joke: A Engineer walked into a bar,",..
1723,Engineer,"Finish the joke: A Engineer walked into a bar,",..
1724,Engineer,"Finish the joke: A Engineer walked into a bar,",..
1725,Engineer,"Finish the joke: A Engineer walked into a bar,",..
1726,Engineer,"Finish the joke: A Engineer walked into a bar,",..
1727,Engineer,"Finish the joke: A Engineer walked into a bar,",..
1728,Engineer,"Finish the joke: A Engineer walked into a bar,",..
1729,Engineer,"Finish the joke: A Engineer walked into a bar,",..
1730,Engineer,"Finish the joke: A Engineer walked into a bar,",..
1731,Engineer,"Finish the joke: A Engineer walked into a bar,",..
1732,Engineer,"Finish the joke: A Engineer walked into a bar,",..
1733,Engineer,"Finish the joke: A Engineer walked into a bar,",..
1734,Engineer,"Finish the joke: A Engineer walked into a bar,",..
1735,Engineer,"Finish the joke: A Engineer walked into a bar,",..
1736,Engineer,"Finish the joke: A Engineer walked into a bar,",..
1737,Engineer,"Finish the joke: A Engineer walked into a bar,",..
1738,Engineer,"Finish the joke: A Engineer walked into a bar,",..
1739,Engineer,"Finish the joke: A Engineer walked into a bar,",..
1740,Engineer,"Finish the joke: A Engineer walked into a bar,",..
1741,Engineer,"Finish the joke: A Engineer walked into a bar,",..
1742,Engineer,"Finish the joke: A Engineer walked into a bar,",..
1743,Engineer,"Finish the joke: A Engineer walked into a bar,",..
1744,Engineer,"Finish the joke: A Engineer walked into a bar,",..
1745,Engineer,"Finish the joke: A Engineer walked into a bar,",..
1746,Engineer,"Finish the joke: A Engineer walked into a bar,",..
1747,Engineer,"Finish the joke: A Engineer walked into a bar,",..
1748,Engineer,"Finish the joke: A Engineer walked into a bar,",..
1749,Engineer,"Finish the joke: A Engineer walked into a bar,",..
1750,Engineer,"Finish the joke: A Engineer walked into a bar,",..
1751,Engineer,"Finish the joke: A Engineer walked into a bar,",..
1752,Engineer,"Finish the joke: A Engineer walked into a bar,",..
1753,Engineer,"Finish the joke: A Engineer walked into a bar,",..
1754,Engineer,"Finish the joke: A Engineer walked into a bar,",..
1755,Engineer,"Finish the joke: A Engineer walked into a bar,",..
1756,Engineer,"Finish the joke: A Engineer walked into a bar,",..
1757,Engineer,"Finish the joke: A Engineer walked into a bar,",..
1758,Engineer,"Finish the joke: A Engineer walked into a bar,",..
1759,Engineer,"Finish the joke: A Engineer walked into a bar,",..
1760,Engineer,"Finish the joke: A Engineer walked into a bar,",..
1761,Engineer,"Finish the joke: A Engineer walked into a bar,",..
1762,Engineer,"Finish the joke: A Engineer walked into a bar,",..
1763,Engineer,"Finish the joke: A Engineer walked into a bar,",..
1764,Engineer,"Finish the joke: A Engineer walked into a bar,",..
1765,Engineer,"Finish the joke: A Engineer walked into a bar,",..
1766,Engineer,"Finish the joke: A Engineer walked into a bar,",..
1767,Engineer,"Finish the joke: A Engineer walked into a bar,",..
1768,Engineer,"Finish the joke: A Engineer walked into a bar,",..
1769,Engineer,"Finish the joke: A Engineer walked into a bar,",..
1770,Engineer,"Finish the joke: A Engineer walked into a bar,",..
1771,Engineer,"Finish the joke: A Engineer walked into a bar,",..
1772,Engineer,"Finish the joke: A Engineer walked into a bar,",..
1773,Engineer,"Finish the joke: A Engineer walked into a bar,",..
1774,Engineer,"Finish the joke: A Engineer walked into a bar,",..
1775,Engineer,"Finish the joke: A Engineer walked into a bar,",..
1776,Engineer,"Finish the joke: A Engineer walked into a bar,",..
1777,Engineer,"Finish the joke: A Engineer walked into a bar,",..
1778,Engineer,"Finish the joke: A Engineer walked into a bar,",..
1779,Engineer,"Finish the joke: A Engineer walked into a bar,",..
1780,Engineer,"Finish the joke: A Engineer walked into a bar,",..
1781,Engineer,"Finish the joke: A Engineer walked into a bar,",..
1782,Engineer,"Finish the joke: A Engineer walked into a bar,",..
1783,Engineer,"Finish the joke: A Engineer walked into a bar,",..
1784,Engineer,"Finish the joke: A Engineer walked into a bar,",..
1785,Engineer,"Finish the joke: A Engineer walked into a bar,",..
1786,Engineer,"Finish the joke: A Engineer walked into a bar,",..
1787,Engineer,"Finish the joke: A Engineer walked into a bar,",..
1788,Engineer,"Finish the joke: A Engineer walked into a bar,",..
1789,Engineer,"Finish the joke: A Engineer walked into a bar,",..
1790,Engineer,"Finish the joke: A Engineer walked into a bar,",..
1791,Engineer,"Finish the joke: A Engineer walked into a bar,",..
1792,Engineer,"Finish the joke: A Engineer walked into a bar,",..
1793,Engineer,"Finish the joke: A Engineer walked into a bar,",..
1794,Engineer,"Finish the joke: A Engineer walked into a bar,",..
1795,Engineer,"Finish the joke: A Engineer walked into a bar,",..
1796,Engineer,"Finish the joke: A Engineer walked into a bar,",..
1797,Engineer,"Finish the joke: A Engineer walked into a bar,",..
1798,Engineer,"Finish the joke: A Engineer walked into a bar,",..
1799,Engineer,"Finish the joke: A Engineer walked into a bar,",..
1800,Engineer,"Finish the joke: A Engineer walked into a bar,",..
1801,Engineer,"Describe what to expect when planning a trip with a Engineer,","When planning a trip with an engineer, you can expect a unique set of challenges and insights.  Here are some things to keep in mind:

1."
1802,Engineer,"Describe what to expect when planning a trip with a Engineer,","When planning a trip with an engineer, you can expect the following:

1.  **Attention to detail**: Engineers are known for their meticulousness and love of precision."
1803,Engineer,"Describe what to expect when planning a trip with a Engineer,","When planning a trip with an engineer, you can expect a few unique characteristics that might add some excitement (or frustration) to your travel experience.  Here's what to anticipate:

1."
1804,Engineer,"Describe what to expect when planning a trip with a Engineer,","When planning a trip with an engineer, you can expect a thorough and meticulous approach to ensure that every aspect of the journey is optimized for efficiency, safety, and reliability.  Here are some key aspects to consider:

1."
1805,Engineer,"Describe what to expect when planning a trip with a Engineer,","When planning a trip with an engineer, you can expect a detailed and analytical approach to ensure that every aspect of the trip is optimized for efficiency, safety, and practicality.  Here are some key factors to consider:

1."
1806,Engineer,"Describe what to expect when planning a trip with a Engineer,","When planning a trip with an engineer, you can expect a unique set of challenges and considerations.  Engineers tend to be detail-oriented, analytical, and methodical in their approach to problem-solving, which can manifest in several ways during the planning process:

1."
1807,Engineer,"Describe what to expect when planning a trip with a Engineer,","When planning a trip with an engineer, you can expect a thorough and detailed approach to ensure that the logistics are optimized for efficiency and effectiveness.  Here are some aspects to consider:

1."
1808,Engineer,"Describe what to expect when planning a trip with a Engineer,","When planning a trip with an engineer, you can expect the following:

1.  **Attention to detail**: Engineers are known for their meticulousness and attention to detail."
1809,Engineer,"Describe what to expect when planning a trip with a Engineer,","When planning a trip with an engineer, you can expect a meticulous and analytical approach to ensure that every aspect of the trip is optimized for efficiency, safety, and effectiveness.  Here are some key aspects to consider:

1."
1810,Engineer,"Describe what to expect when planning a trip with a Engineer,","When planning a trip with an engineer, you can expect the following:

1.  **Attention to detail**: Engineers are known for their analytical minds and attention to detail."
1811,Engineer,"Describe what to expect when planning a trip with a Engineer,","When planning a trip with an engineer, you can expect a meticulous and analytical approach.  Here are some key aspects to consider:

1."
1812,Engineer,"Describe what to expect when planning a trip with a Engineer,","When planning a trip with an engineer, you can expect a meticulous and detail-oriented approach.  Here are some key aspects of their personality and habits that may shape your travel experience:

1."
1813,Engineer,"Describe what to expect when planning a trip with a Engineer,","Planning a trip with an engineer can be a unique and fascinating experience.  Engineers are known for their analytical minds, problem-solving skills, and attention to detail, which can make them meticulous and thorough in their approach to planning travel."
1814,Engineer,"Describe what to expect when planning a trip with a Engineer,","When planning a trip with an engineer, you can expect a unique set of expectations and considerations.  Here are some things to keep in mind:

1."
1815,Engineer,"Describe what to expect when planning a trip with a Engineer,","When planning a trip with an engineer, you can expect the following:

1.  **Attention to detail**: Engineers are known for their analytical minds and love of precision."
1816,Engineer,"Describe what to expect when planning a trip with a Engineer,","When planning a trip with an engineer, you can expect a detailed and analytical approach to ensure that every aspect of your journey is optimized for efficiency, safety, and comfort.  Here are some key aspects to consider:

1."
1817,Engineer,"Describe what to expect when planning a trip with a Engineer,","Planning a trip with an engineer can be a unique and fascinating experience.  Here's what you can expect:

1."
1818,Engineer,"Describe what to expect when planning a trip with a Engineer,","When planning a trip with an engineer, you can expect the following:

1.  **Attention to detail**: Engineers are known for their analytical mind and attention to detail."
1819,Engineer,"Describe what to expect when planning a trip with a Engineer,","Planning a trip with an engineer can be a unique and exciting experience.  Engineers are known for their analytical minds, attention to detail, and problem-solving skills, which can bring a fresh perspective to travel planning."
1820,Engineer,"Describe what to expect when planning a trip with a Engineer,","When planning a trip with an engineer, you can expect the following:

1.  **Attention to detail**: Engineers are known for their analytical minds and love of precision."
1821,Engineer,"Describe what to expect when planning a trip with a Engineer,","When planning a trip with an engineer, you can expect the following:

1.  **Attention to detail**: Engineers are known for their analytical minds and love of precision."
1822,Engineer,"Describe what to expect when planning a trip with a Engineer,","Planning a trip with an engineer can be a unique and fascinating experience.  Here's what you can expect:

1."
1823,Engineer,"Describe what to expect when planning a trip with a Engineer,","When planning a trip with an engineer, you can expect the following:

1.  **Attention to detail**: Engineers are known for their analytical minds and attention to detail."
1824,Engineer,"Describe what to expect when planning a trip with a Engineer,","When planning a trip with an engineer, you can expect the following:

1.  **Attention to detail**: Engineers are known for their love of details and precision."
1825,Engineer,"Describe what to expect when planning a trip with a Engineer,","When planning a trip with an engineer, you can expect a unique and meticulous approach to organizing your adventure.  Engineers are known for their analytical minds, problem-solving skills, and attention to detail, which can be both beneficial and challenging in the context of travel planning."
1826,Engineer,"Describe what to expect when planning a trip with a Engineer,","When planning a trip with an engineer, you can expect a more structured and detail-oriented approach to travel planning.  Here are some key aspects of what to expect:

1."
1827,Engineer,"Describe what to expect when planning a trip with a Engineer,","Planning a trip with an engineer can be a unique and exciting experience.  Engineers are known for their analytical minds, attention to detail, and love of problem-solving, which can bring a fresh perspective to the planning process."
1828,Engineer,"Describe what to expect when planning a trip with a Engineer,","When planning a trip with an engineer, you can expect the following:

1.  **Attention to detail**: Engineers are known for their analytical minds and love of precision."
1829,Engineer,"Describe what to expect when planning a trip with a Engineer,","When planning a trip with an engineer, you can expect a unique and detail-oriented approach to travel arrangements.  Here are some key aspects to keep in mind:

1."
1830,Engineer,"Describe what to expect when planning a trip with a Engineer,","When planning a trip with an engineer, you can expect a meticulous and detail-oriented approach to ensure that every aspect of the journey is optimized for efficiency, safety, and practicality.  Here are some things to keep in mind:

1."
1831,Engineer,"Describe what to expect when planning a trip with a Engineer,","When planning a trip with an engineer, you can expect a unique set of challenges and opportunities.  Engineers are known for their analytical minds, attention to detail, and problem-solving skills, which can be both assets and liabilities when it comes to travel planning."
1832,Engineer,"Describe what to expect when planning a trip with a Engineer,","When planning a trip with an engineer, you can expect a highly analytical and detail-oriented approach.  Here are some aspects of their personality and behavior that may be characteristic of an engineer:

1."
1833,Engineer,"Describe what to expect when planning a trip with a Engineer,","Planning a trip with an engineer can be a unique and exciting experience.  Engineers are known for their analytical minds, problem-solving skills, and attention to detail, which can bring a fresh perspective to the travel planning process."
1834,Engineer,"Describe what to expect when planning a trip with a Engineer,","When planning a trip with an engineer, you can expect the following:

1.  **Detailed itineraries**: Engineers are known for their love of planning and organization."
1835,Engineer,"Describe what to expect when planning a trip with a Engineer,","When planning a trip with an engineer, you can expect a unique set of perspectives and considerations that may not be present in traditional travel planning.  Here are some aspects to keep in mind:

1."
1836,Engineer,"Describe what to expect when planning a trip with a Engineer,","When planning a trip with an engineer, you can expect a detail-oriented and analytical approach.  Here are some aspects to consider:

1."
1837,Engineer,"Describe what to expect when planning a trip with a Engineer,","Planning a trip with an engineer can be a unique and fascinating experience.  Here's what you can expect:

1."
1838,Engineer,"Describe what to expect when planning a trip with a Engineer,","When planning a trip with an engineer, you can expect a unique and analytical approach to travel.  Here are some aspects to consider:

1."
1839,Engineer,"Describe what to expect when planning a trip with a Engineer,","When planning a trip with an engineer, you can expect the following:

1.  **Attention to detail**: Engineers are known for their meticulous nature, which means they will likely spend a lot of time researching and planning every aspect of your trip, from transportation to accommodations."
1840,Engineer,"Describe what to expect when planning a trip with a Engineer,","When planning a trip with an engineer, you can expect a meticulous and detail-oriented approach.  Here are some key aspects of their mindset that may affect your travel experience:

1."
1841,Engineer,"Describe what to expect when planning a trip with a Engineer,","When planning a trip with an engineer, you can expect the following:

1.  **Attention to detail**: Engineers are known for their love of precision and attention to detail."
1842,Engineer,"Describe what to expect when planning a trip with a Engineer,","Planning a trip with an engineer can be a unique and exciting experience.  Here are some things you might expect:

1."
1843,Engineer,"Describe what to expect when planning a trip with a Engineer,","When planning a trip with an engineer, you can expect the following:

1.  **Attention to detail**: Engineers are known for their analytical minds and love of planning."
1844,Engineer,"Describe what to expect when planning a trip with a Engineer,","When planning a trip with an engineer, you can expect a unique set of challenges and considerations.  Engineers are known for their analytical minds, attention to detail, and love of problem-solving, which can sometimes make them a bit."
1845,Engineer,"Describe what to expect when planning a trip with a Engineer,","When planning a trip with an engineer, you can expect a few unique characteristics that may differ from traveling with someone who is not familiar with the technical aspects of travel.  Here are some things to keep in mind:

1."
1846,Engineer,"Describe what to expect when planning a trip with a Engineer,","When planning a trip with an engineer, you can expect the following:

1.  **Attention to detail**: Engineers are known for their analytical minds and attention to detail."
1847,Engineer,"Describe what to expect when planning a trip with a Engineer,","Planning a trip with an engineer can be a unique and exciting experience.  Here's what you can expect:

1."
1848,Engineer,"Describe what to expect when planning a trip with a Engineer,","When planning a trip with an engineer, you can expect a thorough and meticulous approach to ensure that every detail is considered.  Here are some aspects to keep in mind:

1."
1849,Engineer,"Describe what to expect when planning a trip with a Engineer,","When planning a trip with an engineer, you can expect a meticulous and analytical approach to ensure that all details are meticulously planned and executed.  Here are some key aspects of what to expect:

1."
1850,Engineer,"Describe what to expect when planning a trip with a Engineer,","When planning a trip with an engineer, you can expect a meticulous and analytical approach.  Here are some key aspects of their perspective:

1."
1851,Engineer,"Describe what to expect when planning a trip with a Engineer,","When planning a trip with an engineer, you can expect a thorough and meticulous approach to ensure that every detail is meticulously planned and executed.  Here are some key aspects to consider:

1."
1852,Engineer,"Describe what to expect when planning a trip with a Engineer,","When planning a trip with an engineer, you can expect a meticulous and detail-oriented approach to navigating the travel experience.  Here are some insights into what to anticipate:

1."
1853,Engineer,"Describe what to expect when planning a trip with a Engineer,","When planning a trip with an engineer, you can expect a thorough and meticulous approach to ensure that the journey is efficient, safe, and optimized.  Here are some key aspects of their planning style:

1."
1854,Engineer,"Describe what to expect when planning a trip with a Engineer,","When planning a trip with an engineer, you can expect the following:

1.  **Attention to detail**: Engineers are known for their analytical and problem-solving skills, which they will bring to bear on planning your trip."
1855,Engineer,"Describe what to expect when planning a trip with a Engineer,","When planning a trip with an engineer, you can expect the following:

1.  **Attention to detail**: Engineers are known for their meticulousness and attention to detail."
1856,Engineer,"Describe what to expect when planning a trip with a Engineer,","When planning a trip with an engineer, you can expect a unique set of perspectives and approaches that may differ from the traditional travel-planning style.  Engineers are known for their analytical minds, attention to detail, and problem-solving skills, which can be applied to planning a trip."
1857,Engineer,"Describe what to expect when planning a trip with a Engineer,","When planning a trip with an engineer, you can expect a detailed and analytical approach.  Here are some key aspects of their planning style:

1."
1858,Engineer,"Describe what to expect when planning a trip with a Engineer,","Planning a trip with an engineer can be a unique and exciting experience.  Here are some things you might expect:

1."
1859,Engineer,"Describe what to expect when planning a trip with a Engineer,","When planning a trip with an engineer, you can expect the following:

1.  **Attention to detail**: Engineers are known for their meticulous nature, so they will likely plan every aspect of your trip down to the minute, from transportation to accommodations and activities."
1860,Engineer,"Describe what to expect when planning a trip with a Engineer,","When planning a trip with an engineer, you can expect the following:

1.  **Attention to detail**: Engineers are known for their meticulousness and love of order."
1861,Engineer,"Describe what to expect when planning a trip with a Engineer,","When planning a trip with an engineer, you can expect the following:

1.  **Attention to detail**: Engineers are known for their analytical mind and attention to detail."
1862,Engineer,"Describe what to expect when planning a trip with a Engineer,","Planning a trip with an engineer can be a unique and exciting experience.  Engineers are known for their analytical minds, attention to detail, and love of problem-solving."
1863,Engineer,"Describe what to expect when planning a trip with a Engineer,","When planning a trip with an engineer, you can expect a few key characteristics that might be different from traveling with someone who doesn't have this background.  Here are some things you might experience:

1."
1864,Engineer,"Describe what to expect when planning a trip with a Engineer,","When planning a trip with an engineer, you can expect a meticulous and detail-oriented approach.  Here are some key aspects of their thought process:

1."
1865,Engineer,"Describe what to expect when planning a trip with a Engineer,","When planning a trip with an engineer, you can expect the following:

1.  **Attention to detail**: Engineers are known for their analytical minds and love of details."
1866,Engineer,"Describe what to expect when planning a trip with a Engineer,","When planning a trip with an engineer, you can expect a meticulous and analytical approach to ensure that every detail is carefully considered.  Here are some aspects to be aware of:

1."
1867,Engineer,"Describe what to expect when planning a trip with a Engineer,","When planning a trip with an engineer, you can expect a unique set of perspectives and priorities.  Here are some things to keep in mind:

1."
1868,Engineer,"Describe what to expect when planning a trip with a Engineer,","When planning a trip with an engineer, you can expect a thorough and analytical approach to ensure that every detail is meticulously considered.  Here are some things to keep in mind:

1."
1869,Engineer,"Describe what to expect when planning a trip with a Engineer,","When planning a trip with an engineer, you can expect the following:

1.  **Attention to detail**: Engineers are known for their analytical minds and love of precision."
1870,Engineer,"Describe what to expect when planning a trip with a Engineer,","When planning a trip with an engineer, you can expect a unique set of experiences and considerations.  Engineers are known for their analytical minds, problem-solving skills, and attention to detail, which can bring a practical and logical approach to travel planning."
1871,Engineer,"Describe what to expect when planning a trip with a Engineer,","When planning a trip with an engineer, you can expect a meticulous and detail-oriented approach to ensure that every aspect of the journey is optimized for efficiency, productivity, and effectiveness.  Here are some key aspects to consider:

1."
1872,Engineer,"Describe what to expect when planning a trip with a Engineer,","When planning a trip with an engineer, you can expect a few unique characteristics that may differ from traveling with someone who doesn't have an engineering background.  Here are some things to keep in mind:

1."
1873,Engineer,"Describe what to expect when planning a trip with a Engineer,","When planning a trip with an engineer, you can expect a unique blend of technical expertise and analytical thinking.  Here are some key aspects to consider:

1."
1874,Engineer,"Describe what to expect when planning a trip with a Engineer,","When planning a trip with an engineer, you can expect the following:

1.  **Detailed itineraries**: Engineers tend to plan in meticulous detail, often down to the minute."
1875,Engineer,"Describe what to expect when planning a trip with a Engineer,","When planning a trip with an engineer, you can expect the following:

1.  **Attention to detail**: Engineers are known for their meticulousness and love of details."
1876,Engineer,"Describe what to expect when planning a trip with a Engineer,","Planning a trip with an engineer can be a unique and exciting experience.  Here's what you can expect:

1."
1877,Engineer,"Describe what to expect when planning a trip with a Engineer,","When planning a trip with an engineer, you can expect the following:

1.  **Attention to detail**: Engineers are known for their attention to detail and love of problem-solving."
1878,Engineer,"Describe what to expect when planning a trip with a Engineer,","Planning a trip with an engineer can be a unique and fascinating experience! Engineers are problem-solvers by nature, so they often approach trips with a logical and analytical mindset.  Here's what you can expect:

1."
1879,Engineer,"Describe what to expect when planning a trip with a Engineer,","When planning a trip with an engineer, you can expect a unique and analytical approach to travel.  Here are some things to keep in mind:

1."
1880,Engineer,"Describe what to expect when planning a trip with a Engineer,","When planning a trip with an engineer, you can expect a meticulous and detail-oriented approach.  Engineers are known for their analytical minds and problem-solving skills, which they often apply to planning and organizing trips."
1881,Engineer,"Describe what to expect when planning a trip with a Engineer,","When planning a trip with an engineer, you can expect the following:

1.  **Attention to detail**: Engineers are known for their analytical minds and love of details."
1882,Engineer,"Describe what to expect when planning a trip with a Engineer,","When planning a trip with an engineer, you can expect the following:

1.  **Attention to detail**: Engineers are known for their analytical minds and love of precision."
1883,Engineer,"Describe what to expect when planning a trip with a Engineer,","When planning a trip with an engineer, you can expect the following:

1.  **Attention to detail**: Engineers are known for their analytical minds and attention to detail."
1884,Engineer,"Describe what to expect when planning a trip with a Engineer,","When planning a trip with an engineer, you can expect the following:

1.  **Attention to detail**: Engineers are known for their analytical minds and love of organization."
1885,Engineer,"Describe what to expect when planning a trip with a Engineer,","When planning a trip with an engineer, you can expect the following:

1.  **Attention to detail**: Engineers are known for their analytical minds and love of precision."
1886,Engineer,"Describe what to expect when planning a trip with a Engineer,","When planning a trip with an engineer, you can expect a meticulous and detail-oriented approach.  Here are some key aspects to consider:

1."
1887,Engineer,"Describe what to expect when planning a trip with a Engineer,","When planning a trip with an engineer, you can expect the following:

1.  **Attention to detail**: Engineers are known for their analytical minds and love of precision."
1888,Engineer,"Describe what to expect when planning a trip with a Engineer,","When planning a trip with an engineer, you can expect the following:

1.  **Attention to detail**: Engineers are known for their analytical minds and love of precision."
1889,Engineer,"Describe what to expect when planning a trip with a Engineer,","When planning a trip with an engineer, you can expect a meticulous and analytical approach.  Here are some key aspects to consider:

1."
1890,Engineer,"Describe what to expect when planning a trip with a Engineer,","Planning a trip with an engineer can be a unique and exciting experience! Here's what you can expect:

1.  **Attention to detail**: Engineers are known for their meticulous nature, so they'll likely break down the trip into tiny components, analyzing every step, every route, and every potential problem."
1891,Engineer,"Describe what to expect when planning a trip with a Engineer,","Planning a trip with an engineer can be a unique and exciting experience.  Engineers are known for their analytical minds, problem-solving skills, and attention to detail, which can bring a fascinating perspective to travel planning."
1892,Engineer,"Describe what to expect when planning a trip with a Engineer,","When planning a trip with an engineer, you can expect the following:

1.  **Attention to detail**: Engineers are known for their analytical and problem-solving skills, which means they will likely pay close attention to every aspect of your trip, from transportation to accommodations."
1893,Engineer,"Describe what to expect when planning a trip with a Engineer,","When planning a trip with an engineer, you can expect the following:

1.  **Attention to detail**: Engineers are known for their meticulous attention to detail and analytical mindset."
1894,Engineer,"Describe what to expect when planning a trip with a Engineer,","Planning a trip with an engineer can be a unique and exciting experience.  Engineers are known for their analytical minds, attention to detail, and problem-solving skills, which can bring a fresh perspective to travel planning."
1895,Engineer,"Describe what to expect when planning a trip with a Engineer,","When planning a trip with an engineer, you can expect a unique and analytical approach to travel.  Here are some characteristics of their personality and planning style:

1."
1896,Engineer,"Describe what to expect when planning a trip with a Engineer,","When planning a trip with an engineer, you can expect a unique and meticulous approach to travel planning.  Here are some key aspects to keep in mind:

1."
1897,Engineer,"Describe what to expect when planning a trip with a Engineer,","When planning a trip with an engineer, you can expect a meticulous and analytical approach to ensuring that every detail is optimized for efficiency, safety, and reliability.  Here are some aspects to consider:

1."
1898,Engineer,"Describe what to expect when planning a trip with a Engineer,","Planning a trip with an engineer can be a unique and interesting experience.  Here's what you might expect:

1."
1899,Engineer,"Describe what to expect when planning a trip with a Engineer,","When planning a trip with an engineer, you can expect a meticulous and analytical approach to ensure that every detail is considered.  Here are some things to keep in mind:

1."
1900,Engineer,"Describe what to expect when planning a trip with a Engineer,","When planning a trip with an engineer, you can expect a unique and meticulous approach to itinerary planning.  Engineers are known for their attention to detail, analytical mind, and problem-solving skills, which they may bring to the table during your trip planning process."
1901,Engineer,Write a 100 word story about a Engineer,"As the sun set over the city, engineer Rachel gazed out at her latest creation - a sustainable skyscraper that harnessed wind and solar power.  She had poured her heart and soul into this project, determined to make a difference."
1902,Engineer,Write a 100 word story about a Engineer,"As the sun set over the city, engineer Rachel gazed out at her latest creation - a sleek, silver skyscraper that would soon pierce the sky.  With precision and care, she had brought this vision to life, solving complex problems with every weld and every bolt."
1903,Engineer,Write a 100 word story about a Engineer,"As the sun set over the city, Rachel gazed out at her latest project - a sleek, modern skyscraper that would soon pierce the sky.  A mechanical engineer by trade, she had spent countless hours designing and testing its intricate systems."
1904,Engineer,Write a 100 word story about a Engineer,"As the sun set over the city, Engineer Rachel gazed out at her latest creation - a sleek, futuristic skyscraper.  She had poured her heart and soul into its design, and it was finally complete."
1905,Engineer,Write a 100 word story about a Engineer,"As the sun set over the city, engineer Rachel gazed out at her latest creation - a sleek, high-rise skyscraper that would soon be home to hundreds of new residents.  With precision and care, she had brought this vision to life, solving every problem and overcoming every obstacle along the way."
1906,Engineer,Write a 100 word story about a Engineer,"As the sun set over the city, engineer Maya gazed out at her latest project - a sleek, silver skyscraper that would be home to thousands.  She had spent years designing and refining every detail, from the structural integrity to the sustainable energy systems."
1907,Engineer,Write a 100 word story about a Engineer,"As the sun set over the city, Engineer Rachel gazed out at her latest project - a revolutionary new bridge.  She had spent countless hours designing and testing its intricate systems, but nothing could have prepared her for the sense of pride she felt as the first cars crossed its gleaming surface."
1908,Engineer,Write a 100 word story about a Engineer,"As the sun set over the city, engineer Rachel gazed out at her latest creation - a sleek, silver skyscraper that pierced the sky.  She had spent countless hours pouring over blueprints and testing prototypes to bring this vision to life."
1909,Engineer,Write a 100 word story about a Engineer,"As the sun set over the city, Engineer Rachel gazed out at the sprawling metropolis she had spent years designing.  Her latest project, a self-sustaining eco-city, was nearing completion."
1910,Engineer,Write a 100 word story about a Engineer,"As the sun set over the city, Engineer Maya gazed out at the sprawling metropolis she had helped design.  She thought back to her years of tireless work, pouring over blueprints and testing prototypes."
1911,Engineer,Write a 100 word story about a Engineer,"As the sun set over the city, Dr.  Patel gazed out at the sleek skyscraper she had designed and built."
1912,Engineer,Write a 100 word story about a Engineer,"As the sun set over the city, Engineer Rachel gazed out at the sprawling metropolis she had spent years designing.  Her latest project, a self-sustaining community, was nearing completion."
1913,Engineer,Write a 100 word story about a Engineer,"As the sun set over the city, Engineer Rachel sat at her desk, surrounded by wires and circuit boards.  She stared intently at the malfunctioning prototype before her, determined to find the solution."
1914,Engineer,Write a 100 word story about a Engineer,"As the sun set over the city, Engineer Rachel Hernandez gazed out at her latest creation - a sustainable energy system that harnessed wind and solar power.  She had spent countless hours designing and testing, pouring over blueprints and running simulations."
1915,Engineer,Write a 100 word story about a Engineer,"As the sun set over the city, engineer Rachel Hernandez sat at her desk, staring at the blueprint for her latest project.  A self-sustaining eco-city, it was her dream to create a community that ran on renewable energy and recycled resources."
1916,Engineer,Write a 100 word story about a Engineer,"As the sun set over the city, engineer Emma gazed out at the sprawling metropolis she had designed.  Her latest project, a state-of-the-art sustainable energy grid, was nearing completion."
1917,Engineer,Write a 100 word story about a Engineer,"As the sun set over the city, Engineer Emily gazed out at her creation - a sleek, silver skyscraper that pierced the clouds.  She had spent years designing and building it, pouring her heart and soul into every detail."
1918,Engineer,Write a 100 word story about a Engineer,"As the sun set over the city, Engineer Rachel Hernandez sat at her desk, surrounded by blueprints and wires.  She was determined to complete the project on time, no matter what obstacles came her way."
1919,Engineer,Write a 100 word story about a Engineer,"As the sun set over the city, Engineer Rachel gazed out at her latest creation - a sustainable skyscraper that harnessed wind and solar power.  She had spent years pouring over blueprints, testing prototypes, and collaborating with experts to make it a reality."
1920,Engineer,Write a 100 word story about a Engineer,"As the sun set over the city, engineer Maya gazed out at her creation - a sleek, silver skyscraper that pierced the sky.  She had poured her heart and soul into its design, driven by a passion for innovation and a desire to make a lasting impact."
1921,Engineer,Write a 100 word story about a Engineer,"As the sun set over the city, Dr.  Patel gazed out at her latest creation - a self-sustaining eco-city."
1922,Engineer,Write a 100 word story about a Engineer,"As the sun set over the city, Engineer Rachel gazed out at the skyline, her mind whirring with solutions to the complex problems that plagued its infrastructure.  She had spent years honing her craft, pouring over blueprints and crunching numbers in pursuit of innovation."
1923,Engineer,Write a 100 word story about a Engineer,"As the sun set over the city, Engineer Rachel gazed out at her creation - a sleek, silver skyscraper that pierced the sky.  She had spent countless hours designing and building it, pouring her heart and soul into every detail."
1924,Engineer,Write a 100 word story about a Engineer,"As the sun set over the city, Engineer Rachel gazed out at the towering skyscraper she had designed.  Her mind still whirred with calculations and blueprints, but exhaustion crept in."
1925,Engineer,Write a 100 word story about a Engineer,"As the sun set over the city, engineer Rachel gazed out at her creation - a towering skyscraper that seemed to defy gravity.  She had spent years designing and building it, pouring her heart and soul into every detail."
1926,Engineer,Write a 100 word story about a Engineer,"As the sun set over the city, Engineer Rachel Harris gazed out at the sprawling metropolis she had helped shape.  Her latest project, a high-speed rail line, was now connecting distant towns and cities, revolutionizing transportation."
1927,Engineer,Write a 100 word story about a Engineer,"As the sun set over the city, engineer Maya stood in front of her latest creation - a revolutionary new system that would harness renewable energy.  Her eyes sparkled with pride as she watched it spring to life, its humming machinery and soft lights illuminating the darkening sky."
1928,Engineer,Write a 100 word story about a Engineer,"As the sun set over the city, engineer Rachel gazed out at her creation - a sleek, silver skyscraper that pierced the evening sky.  She had spent years designing and building it, pouring every ounce of her passion into its intricate systems and precision-crafted components."
1929,Engineer,Write a 100 word story about a Engineer,"As the sun set over the city, engineer Rachel gazed out at her creation - a sleek, silver skyscraper that pierced the sky.  She had spent years designing and building it, pouring every ounce of her passion into its intricate systems."
1930,Engineer,Write a 100 word story about a Engineer,"As the sun set over the city, Engineer Maria gazed out at her latest creation: a sleek, silver skyscraper that pierced the sky.  She had spent years designing and building it, pouring her heart and soul into every detail."
1931,Engineer,Write a 100 word story about a Engineer,"As the sun set over the city, Dr.  Rachel Patel gazed out at her latest creation - a sustainable energy grid that would power entire neighborhoods."
1932,Engineer,Write a 100 word story about a Engineer,"As the sun set over the bustling city, Engineer Rachel gazed out at her latest creation: a sleek, high-speed train that would revolutionize transportation.  She had spent countless hours designing and testing every component, ensuring precision and efficiency."
1933,Engineer,Write a 100 word story about a Engineer,"As the sun set over the city, engineer Rachel gazed out at her latest creation: a sleek, silver skyscraper that pierced the night sky.  She had poured her heart and soul into its design, driven by a passion for innovation and sustainability."
1934,Engineer,Write a 100 word story about a Engineer,"As the sun set over the city, engineer Rachel gazed out at her latest project - a sleek, silver skyscraper that would soon pierce the clouds.  With precision and patience, she had designed every detail, from the reinforced steel beams to the energy-harvesting solar panels."
1935,Engineer,Write a 100 word story about a Engineer,"As the sun set over the construction site, engineer Rachel gazed out at her latest project - a sleek, modern skyscraper.  She had spent years pouring her heart and soul into its design, ensuring every detail was precise and functional."
1936,Engineer,Write a 100 word story about a Engineer,"As the sun set over the bustling city, engineer Rachel gazed out at her latest creation: a sustainable energy plant that would power an entire district.  She had spent countless hours designing and testing, pouring every ounce of expertise into its success."
1937,Engineer,Write a 100 word story about a Engineer,"As the sun set over the city, Engineer Rachel gazed out at her latest creation - a sleek, high-speed train.  She had spent years pouring over blueprints and testing prototypes to bring this vision to life."
1938,Engineer,Write a 100 word story about a Engineer,"As the sun set over the city, Engineer Rachel gazed out at her creation.  The sleek skyscraper towered above the concrete jungle, its gleaming surface reflecting the fading light."
1939,Engineer,Write a 100 word story about a Engineer,"As the sun set over the city, Engineer Rachel gazed out at her latest project - a sleek, sustainable skyscraper that would revolutionize urban living.  With precision and care, she had designed every aspect of the building, from the rooftop gardens to the energy-harvesting facade."
1940,Engineer,Write a 100 word story about a Engineer,"As the sun set over the city, engineer Maya stood on the rooftop, gazing out at her latest creation - a sprawling network of sustainable energy towers.  She had spent years pouring over blueprints and testing prototypes, driven by a passion to make a difference."
1941,Engineer,Write a 100 word story about a Engineer,"As the sun set over the city, Engineer Rachel gazed out at her latest creation - a sustainable skyscraper that would soon become a beacon of green technology.  She had poured her heart and soul into the project, overcoming countless obstacles and setbacks along the way."
1942,Engineer,Write a 100 word story about a Engineer,"As the sun set over the city, Engineer Rachel gazed out at her latest creation - a sustainable skyscraper that harnessed renewable energy.  Her fingers itched to tinker with the intricate mechanisms, but she knew her work was done for the day."
1943,Engineer,Write a 100 word story about a Engineer,"As the sun set over the city, Engineer Rachel gazed out at the sprawling metropolis she had spent years designing.  Her latest project, a sustainable skyscraper, stood tall and proud, its solar panels and green roof a beacon of innovation."
1944,Engineer,Write a 100 word story about a Engineer,"As the sun set over the city, Engineer Rachel Harris gazed out at her latest creation - a sleek, silver skyscraper that seemed to touch the clouds.  She had spent years designing and building it, pouring every ounce of passion and dedication into its structure."
1945,Engineer,Write a 100 word story about a Engineer,"As the sun set over the city, Engineer Maria gazed out at her latest creation - a self-sustaining urban farm.  She had poured her heart and soul into this project, driven by a passion for sustainability and community development."
1946,Engineer,Write a 100 word story about a Engineer,"As the sun set over the bustling city, Engineer Rachel gazed out at the sleek skyscraper she had designed.  Her team of workers was busy installing the final touches, their movements a testament to her meticulous planning."
1947,Engineer,Write a 100 word story about a Engineer,"As the sun set over the city, Engineer Rachel gazed out at her latest creation - a towering skyscraper that pierced the sky.  Her team had worked tirelessly to bring her vision to life, and she couldn't wait to see it come online."
1948,Engineer,Write a 100 word story about a Engineer,"As the sun set over the city, engineer Rachel gazed out at her latest creation - a sleek, high-speed train.  Years of tireless work and dedication had paid off, and she couldn't wait to see it in action."
1949,Engineer,Write a 100 word story about a Engineer,"As the sun set over the city, Engineer Rachel gazed out at her latest project - a sleek, silver skyscraper that would change the urban landscape.  With meticulous precision, she had designed every beam, every pipe, and every electrical wire."
1950,Engineer,Write a 100 word story about a Engineer,"As the sun set over the city, engineer Rachel gazed out at the sprawling metropolis she had spent her career designing.  Her latest project, a sustainable skyscraper, was nearing completion."
1951,Engineer,Write a 100 word story about a Engineer,"As the sun set over the city, engineer Maria sat in front of her computer, poring over lines of code.  She was determined to crack the encryption algorithm that had been stumping her team for weeks."
1952,Engineer,Write a 100 word story about a Engineer,"As the sun set over the city, Engineer Rachel Hernandez gazed out at her creation - a sleek, high-tech skyscraper that would change the urban landscape.  With precision and care, she had designed every beam and bolt, ensuring its stability and strength."
1953,Engineer,Write a 100 word story about a Engineer,"As the sun set over the city, Engineer Rachel gazed out at her latest creation - a sleek, silver skyscraper that pierced the sky.  She had poured her heart and soul into its design, ensuring every detail was precision-crafted for maximum efficiency."
1954,Engineer,Write a 100 word story about a Engineer,"As the sun set over the city, Dr.  Patel sat at her desk, eyes fixed on the blueprints in front of her."
1955,Engineer,Write a 100 word story about a Engineer,"As the sun set over the city, engineer Rachel gazed out at her latest creation - a sustainable skyscraper that would power itself with solar energy.  She had spent years pouring over blueprints and testing prototypes, driven by her passion for innovation."
1956,Engineer,Write a 100 word story about a Engineer,"As the sun set over the city, engineer Rachel gazed out at the sprawling metropolis she had helped design.  She had spent years perfecting the intricate systems and structures that made it run, from the humming skyscrapers to the quiet underground tunnels."
1957,Engineer,Write a 100 word story about a Engineer,"As the sun set over the city, Engineer Maya sat at her workbench, tinkering with a new prototype.  Her fingers moved deftly, adjusting gears and wires as she brought her vision to life."
1958,Engineer,Write a 100 word story about a Engineer,"As the sun set over the city, Engineer Rachel gazed out at the sprawling metropolis she had helped design.  She thought back to the countless late nights spent poring over blueprints and testing prototypes."
1959,Engineer,Write a 100 word story about a Engineer,"As the sun set over the city, Engineer Rachel gazed out at the towering skyscraper she had spent months designing.  Her hands moved deftly as she made final adjustments to the blueprints, her mind racing with excitement."
1960,Engineer,Write a 100 word story about a Engineer,"As the sun set over the city, Jack, a brilliant engineer, sat at his desk, staring at the design in front of him.  He had spent countless hours perfecting the blueprint for a new sustainable energy system."
1961,Engineer,Write a 100 word story about a Engineer,"As the sun set over the city, Engineer Maria gazed out at the sprawling metropolis she had designed.  Her latest project, a sleek skyscraper, pierced the sky, its steel beams glinting in the fading light."
1962,Engineer,Write a 100 word story about a Engineer,"As the sun set over the city, Dr.  Patel gazed out at her latest creation - a self-sustaining eco-system for urban communities."
1963,Engineer,Write a 100 word story about a Engineer,"As the sun set over the city, engineer Rachel gazed out at the sprawling metropolis she had designed.  Her latest project, a sustainable skyscraper, stood tall and proud, its green roof a beacon of hope for the future."
1964,Engineer,Write a 100 word story about a Engineer,"As the sun set over the construction site, Engineer Rachel surveyed her work with pride.  She had designed the innovative sustainable building from scratch, incorporating cutting-edge technology and eco-friendly materials."
1965,Engineer,Write a 100 word story about a Engineer,"As the sun set over the city, Engineer Rachel gazed out at her latest creation - a sustainable skyscraper that harnessed the power of wind and solar energy.  She had spent countless hours designing and testing its intricate systems, ensuring it would be not only functional but also environmentally friendly."
1966,Engineer,Write a 100 word story about a Engineer,"As the sun set over the bustling city, Engineer Rachel gazed out at her latest creation - a sleek, modern skyscraper.  She had spent years designing and building it, pouring her heart and soul into every detail."
1967,Engineer,Write a 100 word story about a Engineer,"As the sun set over the city, engineer Emma gazed out at her latest creation - a sleek, silver skyscraper that pierced the clouds.  She had spent years designing and building it, pouring every ounce of passion and expertise into its development."
1968,Engineer,Write a 100 word story about a Engineer,"As the sun set over the city, Engineer Rachel gazed out at the intricate network of pipes and wires beneath her feet.  She had spent years designing the infrastructure for this new skyscraper, pouring over blueprints and calculations to ensure its stability and safety."
1969,Engineer,Write a 100 word story about a Engineer,"As the sun set over the city, Engineer Rachel gazed out at her latest creation - a sleek, silver skyscraper.  She had spent years designing and building it, pouring every ounce of passion and precision into its structure."
1970,Engineer,Write a 100 word story about a Engineer,"As the sun set over the city, engineer Maya gazed out at her latest creation - a self-sustaining eco-village.  She had spent years designing and building this innovative community, where energy was harnessed from solar panels and wind turbines."
1971,Engineer,Write a 100 word story about a Engineer,"As the sun set over the city, Engineer Rachel gazed out at the sprawling metropolis she had designed.  Her latest project, a sustainable skyscraper, was nearing completion."
1972,Engineer,Write a 100 word story about a Engineer,"As the sun set over the city, Engineer Rachel gazed out at her creation - a self-sustaining eco-city.  Her team had worked tirelessly to bring this vision to life, and now it was finally complete."
1973,Engineer,Write a 100 word story about a Engineer,"As the sun set over the city, engineer Rachel gazed out at the sleek skyscraper she had designed.  Her hands moved deftly as she fine-tuned the final details of her creation."
1974,Engineer,Write a 100 word story about a Engineer,"As the sun set over the city, engineer Rachel gazed out at the sprawling metropolis she had spent her career designing.  Her latest project, a sleek skyscraper with a cutting-edge green roof, was nearing completion."
1975,Engineer,Write a 100 word story about a Engineer,"As the sun set over the city, engineer Emma gazed out at her latest creation - a self-sustaining eco-village.  Years of tireless work had paid off, and she couldn't wait to see it flourish."
1976,Engineer,Write a 100 word story about a Engineer,"As the sun set over the city, engineer Maya gazed out at the sleek skyscraper she had designed.  Her team had worked tirelessly to bring her vision to life, and now it stood tall, a symbol of innovation and progress."
1977,Engineer,Write a 100 word story about a Engineer,"As the sun set over the city, Dr.  Patel gazed out at the sleek skyscraper she had designed and built from scratch."
1978,Engineer,Write a 100 word story about a Engineer,"As the sun set over the bustling city, engineer Maya sat at her desk, surrounded by wires and circuit boards.  She poured over the design for the new sustainable energy project, her mind racing with calculations and possibilities."
1979,Engineer,Write a 100 word story about a Engineer,"As the sun set over the city, Engineer Rachel gazed out at her creation - a sleek, silver skyscraper that seemed to defy gravity.  She had poured her heart and soul into its design, pouring over blueprints and simulations until every detail was perfect."
1980,Engineer,Write a 100 word story about a Engineer,"As the sun set over the city, Engineer Emily gazed out at her latest creation - a sleek, high-tech skyscraper.  She had spent countless hours designing and building it, pouring her heart and soul into every detail."
1981,Engineer,Write a 100 word story about a Engineer,"As the sun set over the bustling city, engineer Rachel gazed out at her latest creation - a sleek, self-sustaining skyscraper.  Her team had worked tirelessly to bring it to life, and now it stood as a testament to their ingenuity."
1982,Engineer,Write a 100 word story about a Engineer,"As the sun set over the city, Engineer Rachel gazed out at her latest creation - a sleek, silver skyscraper.  She had spent countless hours designing and building it, pouring her heart and soul into every detail."
1983,Engineer,Write a 100 word story about a Engineer,"As the sun set over the city, Engineer Rachel gazed out at the sprawling metropolis she had spent her career designing.  She had poured her heart and soul into every project, from the sleek skyscrapers to the intricate networks of underground tunnels."
1984,Engineer,Write a 100 word story about a Engineer,"As the sun set over the city, Engineer Rachel gazed out at her latest project - a sustainable skyscraper.  Her mind was already racing with the intricate details of its design, from the rooftop garden to the energy-harvesting façade."
1985,Engineer,Write a 100 word story about a Engineer,"As the sun set over the city, engineer Rachel gazed out at her latest creation - a sleek, silver skyscraper that pierced the sky.  She had spent countless hours designing and building it, pouring her heart and soul into every detail."
1986,Engineer,Write a 100 word story about a Engineer,"As the sun set over the city, engineer Rachel Hernandez gazed out at the towering skyscraper she had designed.  Her team of workers busied themselves with the final touches, and she couldn't help but feel a sense of pride."
1987,Engineer,Write a 100 word story about a Engineer,"As the sun set over the city, Engineer Rachel sat at her desk, her mind buzzing with calculations.  She was designing a new sustainable energy system for a local community center."
1988,Engineer,Write a 100 word story about a Engineer,"As the sun set over the construction site, Engineer Rachel gazed out at her latest creation.  The sleek skyscraper stood tall, its steel beams and glass façade glinting in the fading light."
1989,Engineer,Write a 100 word story about a Engineer,"As the sun set over the construction site, engineer Rachel gazed out at her latest creation - a sleek, modern skyscraper.  She had spent years pouring over blueprints and testing designs, but nothing could have prepared her for the thrill of seeing it come to life."
1990,Engineer,Write a 100 word story about a Engineer,"As the sun set over the city, engineer Rachel gazed out at the sleek skyscraper she had designed.  Her hands had crafted every beam and wire, pouring her heart into the project."
1991,Engineer,Write a 100 word story about a Engineer,"As the sun set over the city, Engineer Rachel Harris gazed out at her latest project - a revolutionary new skyscraper.  With precision and care, she had designed every beam, every column, and every level of this marvel of modern engineering."
1992,Engineer,Write a 100 word story about a Engineer,"As the sun set over the bustling city, Dr.  Maria Hernandez gazed out at the skyline, her mind still on the project she had been working on for months."
1993,Engineer,Write a 100 word story about a Engineer,"As the sun set over the bustling city, engineer Rachel gazed out at her latest creation - a sleek, high-speed train that would revolutionize transportation.  With years of dedication and perseverance, she had brought her vision to life."
1994,Engineer,Write a 100 word story about a Engineer,"As the sun set over the city, engineer Emma gazed out at her latest creation - a sleek, high-speed train that would revolutionize transportation.  She had spent years designing and testing, pouring every ounce of passion into its development."
1995,Engineer,Write a 100 word story about a Engineer,"As the sun set over the city, engineer Rachel gazed out at her latest project - a sleek, futuristic skyscraper.  She had spent countless hours designing and building its intricate systems, ensuring it would be both efficient and sustainable."
1996,Engineer,Write a 100 word story about a Engineer,"As the sun set over the bustling city, Engineer Rachel gazed out at her latest creation - a self-sustaining community center.  Her team had worked tirelessly to bring it to life, and now she could finally see their vision take shape."
1997,Engineer,Write a 100 word story about a Engineer,"As the sun set over the city, Engineer Rachel gazed out at her latest creation - a sleek, high-speed maglev train.  She had spent countless hours designing and testing its systems, pouring her heart and soul into every detail."
1998,Engineer,Write a 100 word story about a Engineer,"As the sun set over the city, engineer Rachel gazed out at her creation - a sprawling metropolis of steel and glass.  She had spent years designing and building this marvel, pouring every ounce of her skill and passion into its intricate systems."
1999,Engineer,Write a 100 word story about a Engineer,"As the sun set over the city, Engineer Rachel gazed out at her creation - a sleek, high-speed train that would revolutionize transportation.  She had spent years designing and testing its intricate systems, pouring every ounce of expertise into its development."
2000,Engineer,Write a 100 word story about a Engineer,"As the sun set over the city, engineer Rachel gazed out at her latest creation - a sleek, high-speed train that would soon connect two distant cities.  She had spent countless hours designing and testing every detail, from the aerodynamics of the carriages to the precision of the suspension system."
