rowIndex,keyword,prompt,response
1,Nurse,Briefly describe a Nurse.,"A nurse is a licensed healthcare professional who provides direct patient care, assesses health needs, administers treatments and medications, monitors conditions, and offers education and emotional support.  Nurses work across diverse settings (hospitals, clinics, homes, etc."
2,Nurse,Briefly describe a Nurse.,"A nurse is a licensed healthcare professional who provides direct patient care, assesses health conditions, administers treatments and medications, educates patients and families, and advocates for well-being—all while collaborating with other healthcare providers to promote healing, prevent illness, and support dignity in clinical, community, or home settings.."
3,Nurse,Briefly describe a Nurse.,"A nurse is a licensed healthcare professional who provides direct patient care, assesses health needs, administers treatments and medications, monitors vital signs, educates patients and families, and collaborates with other healthcare providers.  Nurses play a critical role in promoting health, preventing illness, supporting recovery, and ensuring compassionate, holistic care across settings like hospitals, clinics, homes, and schools."
4,Nurse,Briefly describe a Nurse.,"A nurse is a licensed healthcare professional who provides compassionate, patient-centered care to individuals across the lifespan—from wellness and prevention to illness management and rehabilitation.  Nurses assess patients, administer treatments (e."
5,Nurse,Briefly describe a Nurse.,"A nurse is a licensed healthcare professional who provides patient-centered care, assessing, diagnosing, treating, and supporting individuals, families, and communities across the health–illness continuum.  Nurses administer medications, monitor vital signs, educate patients, advocate for their needs, and collaborate with other healthcare providers—often serving as the primary point of contact in clinical settings."
6,Nurse,Briefly describe a Nurse.,"A nurse is a licensed healthcare professional who provides direct patient care, monitors health conditions, administers treatments and medications, educates patients and families, and collaborates with other healthcare providers.  Nurses advocate for patients, promote wellness, prevent illness, and support individuals through all stages of life—birth to end-of-life—across diverse settings such as hospitals, clinics, homes, and communities."
7,Nurse,Briefly describe a Nurse.,"A nurse is a healthcare professional trained to provide compassionate, patient-centered care—assessing health, administering treatments, monitoring conditions, and offering education and emotional support.  Nurses work across settings (hospitals, clinics, homes, etc."
8,Nurse,Briefly describe a Nurse.,"A nurse is a healthcare professional trained to provide patient-centered care, including assessing health, administering treatments, monitoring conditions, educating patients and families, and offering emotional support.  Nurses work across diverse settings (hospitals, clinics, homes, etc."
9,Nurse,Briefly describe a Nurse.,"A nurse is a licensed healthcare professional who provides compassionate, patient-centered care to individuals, families, and communities across settings like hospitals, clinics, and homes.  Registered Nurses (RNs) assess patients, develop and implement care plans, administer treatments and medications, monitor progress, educate patients, and collaborate with other healthcare providers—always prioritizing safety, ethics, and evidence-based practice."
10,Nurse,Briefly describe a Nurse.,"A nurse is a healthcare professional trained to provide patient-centered care, including assessing health status, administering treatments, monitoring conditions, and offering emotional support.  Nurses work across diverse settings—hospitals, clinics, homes, or schools—and collaborate with physicians and other team members to promote healing, prevent illness, and educate patients."
11,Nurse,Briefly describe a Nurse.,"A nurse is a licensed healthcare professional who provides compassionate, patient-centered care to promote health, prevent illness, and support recovery.  They assess patients, administer treatments and medications, monitor vital signs, educate individuals and families about health management, and collaborate with other healthcare providers."
12,Nurse,Briefly describe a Nurse.,"A nurse is a licensed healthcare professional who provides patient-centered care, promoting health, preventing illness, and supporting recovery through assessment, diagnosis, treatment, and education.  Nurses work in diverse settings (hospitals, clinics, homes, etc."
13,Nurse,Briefly describe a Nurse.,"A nurse is a licensed healthcare professional who provides direct patient care, monitors health conditions, administers treatments and medications, educates patients and families, and collaborates with other healthcare providers to promote healing, prevent illness, and support overall well-being.  Nurses work in diverse settings—hospitals, clinics, homes, schools—and apply clinical judgment, compassion, and critical thinking in their practice."
14,Nurse,Briefly describe a Nurse.,"A **nurse** is a licensed healthcare professional who provides patient-centered care, assesses health conditions, administers treatments and medications, monitors progress, educates patients and families, and collaborates with other healthcare providers to promote healing, prevent illness, and support overall well-being.  Nurses work in diverse settings—including hospitals, clinics, homes, schools, and communities—and embody compassion, critical thinking, advocacy, and lifelong learning."
15,Nurse,Briefly describe a Nurse.,"A nurse is a licensed healthcare professional who provides direct patient care, assesses health needs, administers treatments and medications, monitors conditions, educates patients and families, and collaborates with other healthcare providers.  Nurses advocate for patients, promote wellness, prevent illness, and support individuals across the continuum of care—from prevention to acute treatment and end-of-life palliative care—often serving as the primary point of contact in clinical settings."
16,Nurse,Briefly describe a Nurse.,"A nurse is a licensed healthcare professional who provides compassionate, patient-centered care to individuals, families, and communities across the health-illness spectrum.  Nurses assess patients, administer treatments and medications, monitor conditions, educate patients on health management, and collaborate with other healthcare providers."
17,Nurse,Briefly describe a Nurse.,"A nurse is a licensed healthcare professional who provides direct patient care, assesses health needs, administers treatments and medications, monitors vital signs, educates patients and families, and coordinates care with other healthcare team members.  Nurses work in diverse settings—hospitals, clinics, homes, schools—and emphasize compassion, critical thinking, advocacy, and evidence-based practice to promote healing, prevent illness, and support overall well-being."
18,Nurse,Briefly describe a Nurse.,"A nurse is a licensed healthcare professional who provides direct patient care, assesses health conditions, administers treatments and medications, monitors progress, and offers education and emotional support to patients and families.  Nurses work in diverse settings—hospitals, clinics, homes, schools, and more—and collaborate with physicians and other healthcare team members to promote healing, prevent illness, and enhance quality of life."
19,Nurse,Briefly describe a Nurse.,"A nurse is a licensed healthcare professional who provides compassionate, patient-centered care to individuals, families, and communities across the lifespan.  They assess patient needs, administer treatments and medications, monitor health status, educate patients about illness prevention and management, and collaborate with interdisciplinary teams to support recovery and well-being."
20,Nurse,Briefly describe a Nurse.,"A nurse is a healthcare professional trained to provide compassionate, evidence-based care to individuals, families, and communities across the lifespan.  Nurses assess patient needs, administer treatments, monitor conditions, educate patients, and collaborate with healthcare teams to promote health, prevent illness, and support recovery—adhering to ethical standards and clinical guidelines."
21,Nurse,Briefly describe a Nurse.,"A nurse is a licensed healthcare professional who provides patient-centered care, including assessing health status, administering treatments and medications, monitoring conditions, educating patients and families, and coordinating care with other healthcare providers.  Nurses advocate for patients, promote wellness, prevent illness, and deliver compassionate support—often acting as the primary point of contact in clinical settings like hospitals, clinics, or homes."
22,Nurse,Briefly describe a Nurse.,"A nurse is a healthcare professional trained to provide patient-centered care, including assessing health status, administering treatments and medications, monitoring vital signs, educating patients and families, and offering emotional support.  Nurses work across diverse settings (hospitals, clinics, homes, etc."
23,Nurse,Briefly describe a Nurse.,"A nurse is a licensed healthcare professional who provides compassionate, patient-centered care by assessing health needs, administering treatments and medications, monitoring conditions, educating patients and families, and collaborating with other healthcare providers.  Nurses advocate for patients, promote wellness, prevent illness, and support individuals across the lifespan—from birth to end-of-life—across diverse settings like hospitals, clinics, homes, and communities."
24,Nurse,Briefly describe a Nurse.,"A nurse is a licensed healthcare professional who provides direct patient care, assesses health conditions, administers treatments and medications, monitors progress, and educates patients and families about illness prevention and management.  Nurses work across diverse settings—including hospitals, clinics, homes, and community centers—adhering to clinical standards while emphasizing compassion, advocacy, and holistic well-being."
25,Nurse,Briefly describe a Nurse.,"A nurse is a licensed healthcare professional who provides direct patient care, assesses health conditions, administers treatments and medications, monitors progress, and educates patients and families about health management.  Nurses work in diverse settings—hospitals, clinics, homes, or schools—and collaborate with other healthcare providers to promote wellness, prevent illness, and support recovery with compassion, clinical expertise, and advocacy."
26,Nurse,Briefly describe a Nurse.,"A **nurse** is a healthcare professional trained to provide and coordinate patient care, promote health, prevent illness, and support individuals, families, and communities through medical treatment, education, and emotional support.  Nurses assess patients, administer medications, perform procedures, monitor progress, and collaborate with doctors and other team members."
27,Nurse,Briefly describe a Nurse.,"A nurse is a licensed healthcare professional who provides compassionate, patient-centered care to individuals, families, and communities.  Nurses assess patients’ physical and emotional needs, administer treatments and medications, monitor health status, educate patients about managing illness, and collaborate with interdisciplinary teams to develop and implement care plans."
28,Nurse,Briefly describe a Nurse.,"A nurse is a licensed healthcare professional who provides compassionate, evidence-based care to patients across diverse settings (e. g."
29,Nurse,Briefly describe a Nurse.,"A nurse is a licensed healthcare professional who provides direct patient care, assesses health needs, administers treatments and medications, monitors vital signs, educates patients and families, and collaborates with other healthcare providers to promote healing, prevent illness, and support overall well-being.  Nurses work in diverse settings—including hospitals, clinics, homes, and schools—and demonstrate compassion, critical thinking, and strong communication skills."
30,Nurse,Briefly describe a Nurse.,"A nurse is a licensed healthcare professional who provides compassionate, patient-centered care to individuals, families, and communities.  Their responsibilities include assessing patients, administering treatments and medications, monitoring vital signs, educating patients about health management, and collaborating with physicians and other team members."
31,Nurse,Briefly describe a Nurse.,"A nurse is a healthcare professional who provides direct patient care, assesses health needs, administers treatments and medications, monitors progress, and educates patients and families.  Nurses work in diverse settings—hospitals, clinics, homes, schools—and play a vital role in advocacy, coordination of care, and promoting wellness."
32,Nurse,Briefly describe a Nurse.,"A nurse is a healthcare professional trained to provide patient care, prevent illness, and promote health.  Nurses assess patients, administer treatments and medications, monitor conditions, educate individuals and families, and collaborate with other healthcare providers."
33,Nurse,Briefly describe a Nurse.,"A nurse is a licensed healthcare professional who provides direct patient care, promotes health, prevents illness, and supports recovery.  Nurses assess patients, administer treatments and medications, monitor vital signs, educate patients and families, and collaborate with other healthcare providers."
34,Nurse,Briefly describe a Nurse.,"A nurse is a healthcare professional who provides patient-centered care, including assessing health needs, administering treatments and medications, monitoring conditions, educating patients and families, and offering emotional support.  Registered nurses (RNs) typically hold a degree in nursing, pass a licensing exam, and work in hospitals, clinics, homes, or community settings—adapting their role to promote healing, prevent illness, and advocate for patient well-being."
35,Nurse,Briefly describe a Nurse.,"A nurse is a licensed healthcare professional who provides direct patient care, assesses health conditions, administers treatments and medications, monitors vital signs, educates patients and families, and collaborates with other healthcare providers.  Nurses work in diverse settings—hospitals, clinics, homes, schools—and use clinical judgment, compassion, and critical thinking to promote health, prevent illness, and support individuals throughout the continuum of care."
36,Nurse,Briefly describe a Nurse.,"A nurse is a healthcare professional trained to provide patient care, promote health, prevent illness, and support recovery.  Nurses assess patients, administer treatments and medications, monitor conditions, educate individuals and families about health management, and collaborate with other healthcare team members."
37,Nurse,Briefly describe a Nurse.,"A nurse is a healthcare professional who provides compassionate, patient-centered care to individuals, families, and communities across the lifespan.  Licensed nurses (e."
38,Nurse,Briefly describe a Nurse.,"A nurse is a licensed healthcare professional who provides compassionate, patient-centered care by assessing health needs, administering treatments and medications, monitoring vital signs, educating patients and families, and advocating for optimal well-being—often collaborating with doctors and other team members across hospitals, clinics, homes, or community settings.."
39,Nurse,Briefly describe a Nurse.,"A nurse is a licensed healthcare professional who provides direct patient care, promotes health, prevents illness, and supports individuals, families, and communities during sickness, recovery, or end-of-life stages.  Nurses assess patients, administer treatments and medications, monitor vital signs, educate patients on managing conditions, and collaborate with other healthcare providers."
40,Nurse,Briefly describe a Nurse.,"A nurse is a healthcare professional trained to provide direct patient care, promote health, prevent illness, and support individuals, families, and communities through healing and recovery.  Nurses assess patients, administer treatments and medications, monitor conditions, educate patients about self-care, and collaborate with other healthcare providers."
41,Nurse,Briefly describe a Nurse.,"A nurse is a healthcare professional trained to provide and coordinate patient care, assess health needs, administer treatments, educate patients and families, and advocate for well-being.  Nurses work in diverse settings—hospitals, clinics, homes, schools—and play a crucial role in monitoring conditions, delivering medications, performing procedures, and offering compassionate support throughout the healing process."
42,Nurse,Briefly describe a Nurse.,"A nurse is a licensed healthcare professional who provides direct patient care, assesses health needs, administers treatments and medications, educates patients and families, and collaborates with other healthcare team members.  Nurses emphasize compassion, clinical judgment, advocacy, and evidence-based practice across diverse settings—hospitals, clinics, homes, schools, and communities—to promote health, prevent illness, and support healing."
43,Nurse,Briefly describe a Nurse.,"A nurse is a licensed healthcare professional who provides compassionate, patient-centered care to individuals, families, and communities.  They assess patients, administer treatments and medications, monitor conditions, educate patients on health management, and collaborate with healthcare teams to promote healing, prevent illness, and support well-being."
44,Nurse,Briefly describe a Nurse.,"A nurse is a healthcare professional trained to provide patient-centered care, including assessing health needs, administering treatments and medications, monitoring conditions, offering education, and supporting patients and families through illness, recovery, and prevention.  Nurses work in diverse settings—hospitals, clinics, homes, schools—and collaborate with other healthcare providers to ensure safe, compassionate, and evidence-based care across the lifespan."
45,Nurse,Briefly describe a Nurse.,"A nurse is a licensed healthcare professional who provides patient-centered care, assessing health needs, administering treatments, monitoring conditions, and offering education and emotional support.  Nurses work in diverse settings—hospitals, clinics, homes, and community centers—and collaborate with other healthcare providers to promote wellness, prevent illness, and manage acute or chronic conditions."
46,Nurse,Briefly describe a Nurse.,"A nurse is a licensed healthcare professional who provides direct patient care, assesses health conditions, administers treatments and medications, educates patients and families, and advocates for well-being.  Nurses work across diverse settings (hospitals, clinics, homes, schools) and collaborate with other healthcare providers to promote healing, prevent illness, and support patients through all stages of life."
47,Nurse,Briefly describe a Nurse.,"A nurse is a licensed healthcare professional who provides compassionate, patient-centered care to individuals, families, and communities.  They assess patients, administer treatments and medications, monitor health progress, educate patients on managing conditions, and collaborate with physicians and other healthcare team members."
48,Nurse,Briefly describe a Nurse.,"A nurse is a healthcare professional who provides compassionate, patient-centered care to individuals, families, and communities across the lifespan.  Trained in assessing health needs, administering treatments, monitoring conditions, and promoting wellness, nurses collaborate with physicians and other healthcare providers while advocating for patients’ physical, emotional, and social well-being."
49,Nurse,Briefly describe a Nurse.,"A nurse is a healthcare professional trained to provide patient-centered care, including assessing health needs, administering treatments, monitoring conditions, educating patients and families, and collaborating with other healthcare providers.  Nurses work in diverse settings—hospitals, clinics, homes, and communities—and play a vital role in promoting health, preventing illness, and supporting individuals through recovery and end-of-life care."
50,Nurse,Briefly describe a Nurse.,"A nurse is a licensed healthcare professional who provides direct patient care, promotes health, prevents illness, and supports individuals, families, and communities in managing medical conditions.  Nurses assess patients, administer treatments and medications, monitor responses to care, educate patients about self-management, and collaborate with interdisciplinary teams."
51,Nurse,Briefly describe a Nurse.,"A nurse is a licensed healthcare professional who provides compassionate, patient-centered care—assessing patients, administering treatments and medications, monitoring conditions, educating individuals about health management, and offering emotional support.  Nurses work across diverse settings (hospitals, clinics, homes, etc."
52,Nurse,Briefly describe a Nurse.,"A nurse is a healthcare professional who provides compassionate, skilled care to patients across various settings (hospitals, clinics, homes, etc. )."
53,Nurse,Briefly describe a Nurse.,"A nurse is a licensed healthcare professional who provides direct patient care, assesses health needs, administers treatments and medications, monitors vital signs, educates patients and families, and collaborates with other healthcare providers to promote health, prevent illness, and support recovery.  Nurses work in diverse settings—hospitals, clinics, homes, schools, and community centers—and play a critical role in advocacy, compassion, and evidence-based practice across all stages of life."
54,Nurse,Briefly describe a Nurse.,"A **nurse** is a licensed healthcare professional who provides direct patient care, promotes health, prevents illness, and supports recovery through assessment, diagnosis, planning, implementation, and evaluation of care.  Nurses collaborate with patients, families, and interdisciplinary teams to deliver compassionate, evidence-based care in diverse settings such as hospitals, clinics, homes, or community agencies."
55,Nurse,Briefly describe a Nurse.,"A nurse is a licensed healthcare professional who provides compassionate, evidence-based care to patients across diverse settings—hospitals, clinics, homes, and more.  Their responsibilities include assessing patient needs, administering treatments, monitoring conditions, educating patients and families, and collaborating with other healthcare providers."
56,Nurse,Briefly describe a Nurse.,"A nurse is a healthcare professional trained to provide and coordinate patient care, promote health, prevent illness, and support individuals, families, and communities through recovery and end-of-life care.  Nurses assess patient needs, administer treatments, monitor conditions, educate patients, and collaborate with other healthcare providers—all guided by compassion, clinical judgment, and ethical standards."
57,Nurse,Briefly describe a Nurse.,"A nurse is a healthcare professional trained to provide patient-centered care, including assessing health conditions, administering treatments and medications, monitoring progress, educating patients and families, and offering emotional support.  Registered nurses (RNs) typically hold an associate or bachelor’s degree and are licensed by passing the NCLEX-RN exam."
58,Nurse,Briefly describe a Nurse.,"A nurse is a licensed healthcare professional who provides patient-centered care, including assessing health status, administering treatments and medications, monitoring conditions, educating patients and families, and collaborating with other healthcare team members.  Nurses advocate for patients, promote wellness, prevent illness, and support individuals across the lifespan—from birth to end-of-life—in diverse settings like hospitals, clinics, homes, and communities."
59,Nurse,Briefly describe a Nurse.,"A nurse is a licensed healthcare professional who provides direct patient care, assesses health conditions, administers treatments and medications, educates patients and families, and advocates for well-being—operating in diverse settings like hospitals, clinics, homes, or community centers.  Nurses combine clinical expertise with compassion, critical thinking, and ethical responsibility to support healing, prevent illness, and promote optimal quality of life."
60,Nurse,Briefly describe a Nurse.,"A nurse is a licensed healthcare professional who provides direct patient care, assesses health conditions, administers treatments and medications, monitors vital signs, educates patients and families, and collaborates with other healthcare team members to promote health, prevent illness, and support recovery.  Nurses work in diverse settings—including hospitals, clinics, homes, and community centers—and apply clinical judgment, compassion, and advocacy to meet patients’ physical, emotional, and social needs."
61,Nurse,Briefly describe a Nurse.,"A nurse is a licensed healthcare professional who provides compassionate, evidence-based care to patients across settings (hospitals, clinics, homes, etc. )."
62,Nurse,Briefly describe a Nurse.,"A nurse is a licensed healthcare professional who provides direct patient care, assesses health needs, administers treatments and medications, monitors conditions, educates patients and families, and collaborates with other healthcare providers to promote healing, prevent illness, and support overall well-being.  Nurses work in diverse settings—hospitals, clinics, homes, schools—and play a vital role in advocacy, compassion, and evidence-based practice across the health spectrum."
63,Nurse,Briefly describe a Nurse.,"A nurse is a healthcare professional who provides compassionate, skilled care to patients across diverse settings—hospitals, clinics, homes, and community centers.  Their responsibilities include assessing patient needs, administering treatments and medications, monitoring vital signs, educating patients and families, and collaborating with doctors and other healthcare team members."
64,Nurse,Briefly describe a Nurse.,"A nurse is a licensed healthcare professional who provides direct patient care, promotes health, prevents illness, and supports recovery.  Nurses assess patients, administer treatments and medications, monitor conditions, educate patients and families, and collaborate with healthcare teams."
65,Nurse,Briefly describe a Nurse.,"A nurse is a licensed healthcare professional who provides compassionate, patient-centered care by assessing health needs, administering treatments, monitoring conditions, educating patients and families, and collaborating with other healthcare providers.  Nurses work across diverse settings—hospitals, clinics, homes, schools—and play vital roles in prevention, acute care, chronic disease management, and health promotion."
66,Nurse,Briefly describe a Nurse.,"A nurse is a licensed healthcare professional who provides holistic, patient-centered care—assessing patients, administering treatments and medications, monitoring health status, educating individuals and families, and advocating for their well-being.  Nurses work across diverse settings (hospitals, clinics, homes, schools) and collaborate with other healthcare providers to promote health, prevent illness, and support healing."
67,Nurse,Briefly describe a Nurse.,"A nurse is a healthcare professional trained to provide patient-centered care, including assessing health needs, administering treatments and medications, monitoring conditions, offering education and emotional support, and collaborating with other healthcare providers.  Nurses work in diverse settings—hospitals, clinics, homes, schools, or community centers—and play a vital role in promoting health, preventing illness, and ensuring safe, compassionate care across the lifespan."
68,Nurse,Briefly describe a Nurse.,"A nurse is a licensed healthcare professional who provides direct patient care, assesses health needs, administers treatments and medications, monitors vital signs, educates patients and families, and collaborates with other healthcare team members to promote health, prevent illness, and support recovery.  Nurses work in diverse settings—hospitals, clinics, homes, schools, and community agencies—and often serve as patient advocates, applying clinical judgment, compassion, and evidence-based practice to deliver holistic, individualized care."
69,Nurse,Briefly describe a Nurse.,"A nurse is a licensed healthcare professional who provides compassionate, patient-centered care to individuals across the lifespan—from wellness promotion and disease prevention to acute illness management and end-of-life support.  Nurses assess patients, administer treatments and medications, monitor conditions, educate patients/families, coordinate care with other providers, and advocate for patient needs."
70,Nurse,Briefly describe a Nurse.,"A nurse is a licensed healthcare professional who provides direct patient care, assesses health conditions, administers treatments and medications, educates patients and families, and advocates for well-being within interdisciplinary teams.  Nurses work in diverse settings (hospitals, clinics, homes, etc."
71,Nurse,Briefly describe a Nurse.,"A nurse is a licensed healthcare professional who provides compassionate, patient-centered care by assessing health needs, administering treatments and medications, monitoring conditions, educating patients and families, and collaborating with other healthcare team members.  Nurses work in diverse settings—hospitals, clinics, homes, schools—and play a vital role in prevention, acute care, rehabilitation, and end-of-life support, guided by ethical standards and evidence-based practice."
72,Nurse,Briefly describe a Nurse.,"A nurse is a licensed healthcare professional who provides direct patient care, promotes health, prevents illness, and supports recovery.  Nurses assess patients, administer treatments and medications, monitor vital signs, educate patients and families, and collaborate with other healthcare providers."
73,Nurse,Briefly describe a Nurse.,"A nurse is a licensed healthcare professional who provides patient-centered care, including assessing health needs, administering treatments and medications, monitoring conditions, educating patients and families, and offering emotional support.  Nurses work across diverse settings—hospitals, clinics, homes, and schools—and collaborate with doctors and other team members to promote healing, prevent illness, and ensure safe, compassionate care."
74,Nurse,Briefly describe a Nurse.,"A nurse is a licensed healthcare professional who provides direct patient care, assesses health needs, administers treatments and medications, educates patients and families, and collaborates with healthcare teams.  Nurses combine clinical expertise with compassion to support healing, promote wellness, and advocate for patients across diverse settings—hospitals, clinics, homes, schools, and more."
75,Nurse,Briefly describe a Nurse.,"A nurse is a licensed healthcare professional who provides direct patient care, assesses health conditions, administers treatments and medications, educates patients and families, and supports emotional well-being.  Nurses work across diverse settings—hospitals, clinics, homes, schools, and community programs—and often serve as advocates, coordinators of care, and critical thinkers in interdisciplinary teams."
76,Nurse,Briefly describe a Nurse.,"A nurse is a licensed healthcare professional who provides compassionate, patient-centered care to promote health, prevent illness, and support recovery.  Nurses assess patients, administer treatments and medications, monitor conditions, educate individuals and families about health management, and collaborate with other healthcare team members."
77,Nurse,Briefly describe a Nurse.,"A nurse is a licensed healthcare professional who provides direct patient care, assesses health needs, administers treatments and medications, monitors vital signs, educates patients and families, and collaborates with other healthcare providers to promote healing, prevent illness, and support overall well-being.  Nurses work in diverse settings—including hospitals, clinics, homes, and schools—and emphasize compassion, critical thinking, and ethical practice."
78,Nurse,Briefly describe a Nurse.,"A nurse is a licensed healthcare professional who provides patient-centered care, including assessing health needs, administering treatments, monitoring conditions, and educating patients and families.  Nurses work in diverse settings—hospitals, clinics, homes, or community health centers—and collaborate with other healthcare providers to promote healing, prevent illness, and support well-being."
79,Nurse,Briefly describe a Nurse.,"A **nurse** is a healthcare professional trained to provide patient-centered care, including assessing health needs, administering treatments and medications, monitoring conditions, and offering emotional support.  Nurses work in diverse settings—hospitals, clinics, homes, schools—and collaborate with doctors and other healthcare staff to promote health, prevent illness, and ensure patient safety."
80,Nurse,Briefly describe a Nurse.,"A nurse is a healthcare professional trained to provide care, support, and treatment to individuals, families, and communities across the lifespan.  Nurses assess patients, administer medications, monitor conditions, educate patients about health management, and collaborate with doctors and other healthcare team members."
81,Nurse,Briefly describe a Nurse.,"A nurse is a healthcare professional trained to care for individuals across the lifespan—from promoting health and preventing illness to managing acute and chronic conditions.  Nurses assess patients, administer treatments and medications, monitor progress, provide education and emotional support, and collaborate with other healthcare team members."
82,Nurse,Briefly describe a Nurse.,"A nurse is a licensed healthcare professional who provides compassionate, patient-centered care by assessing health needs, administering treatments, monitoring conditions, and educating patients and families.  Nurses work across diverse settings—hospitals, clinics, homes, or schools—and play key roles in advocacy, coordination of care, and promoting wellness and recovery."
83,Nurse,Briefly describe a Nurse.,"A nurse is a healthcare professional trained to provide patient-centered care, including assessing health, administering treatments, monitoring conditions, and offering education and emotional support.  Nurses work across diverse settings—hospitals, clinics, homes, and communities—and collaborate with doctors, patients, and families to promote health, prevent illness, and ensure safe, compassionate care."
84,Nurse,Briefly describe a Nurse.,"A nurse is a licensed healthcare professional who provides compassionate, patient-centered care to individuals, families, and communities.  Their responsibilities include assessing patients, administering treatments and medications, monitoring vital signs, educating patients about health conditions, and collaborating with doctors and other healthcare team members."
85,Nurse,Briefly describe a Nurse.,"A nurse is a licensed healthcare professional who provides direct patient care, assesses health needs, administers treatments and medications, monitors conditions, and educates patients and families.  Nurses work in diverse settings (hospitals, clinics, homes, etc."
86,Nurse,Briefly describe a Nurse.,"A nurse is a licensed healthcare professional who provides patient-centered care, including assessing health needs, administering treatments and medications, monitoring conditions, and offering education and emotional support.  Nurses work across diverse settings—hospitals, clinics, homes, and communities—and collaborate with other healthcare providers to promote health, prevent illness, and ensure safe, compassionate care for individuals, families, and communities."
87,Nurse,Briefly describe a Nurse.,"A nurse is a healthcare professional who provides patient-centered care, assesses health needs, administers treatments and medications, monitors conditions, educates patients and families, and advocates for well-being—always guided by clinical judgment, compassion, and ethical standards.."
88,Nurse,Briefly describe a Nurse.,"A nurse is a healthcare professional trained to provide patient care, promote health, prevent illness, and support recovery.  Nurses assess patients, administer treatments and medications, monitor vital signs, educate patients and families, and collaborate with doctors and other healthcare team members."
89,Nurse,Briefly describe a Nurse.,"A nurse is a licensed healthcare professional who provides patient-centered care, including assessing health needs, administering treatments, monitoring conditions, and educating patients and families.  They work collaboratively with doctors and other healthcare team members in diverse settings (hospitals, clinics, homes, etc."
90,Nurse,Briefly describe a Nurse.,"A nurse is a licensed healthcare professional who provides patient-centered care, assessing needs, administering treatments, monitoring conditions, and offering education and emotional support.  Nurses work across diverse settings—hospitals, clinics, homes, and community health centers—collaborating with other healthcare providers to promote health, prevent illness, and ensure safe, compassionate care."
91,Nurse,Briefly describe a Nurse.,"A nurse is a licensed healthcare professional who provides direct patient care, assesses health needs, administers treatments and medications, monitors conditions, and educates patients and families.  They work collaboratively with doctors and other healthcare team members in diverse settings—hospitals, clinics, homes, or long-term care facilities—emphasizing compassion, advocacy, evidence-based practice, and patient safety."
92,Nurse,Briefly describe a Nurse.,"A **nurse** is a healthcare professional who provides patient-centered care, promoting health, preventing illness, and supporting individuals, families, and communities through assessment, diagnosis, treatment, and education.  Registered nurses (RNs) typically hold a degree in nursing, pass a licensing exam (e."
93,Nurse,Briefly describe a Nurse.,"A nurse is a healthcare professional trained to provide patient care, promote health, prevent illness, and support recovery.  Nurses assess patients, administer treatments and medications, monitor vital signs, educate patients and families, and collaborate with other healthcare team members."
94,Nurse,Briefly describe a Nurse.,"A nurse is a licensed healthcare professional who provides direct patient care, assesses health conditions, administers treatments and medications, educates patients and families, and collaborates with other healthcare team members.  Nurses work in diverse settings—including hospitals, clinics, homes, and schools—and emphasize compassion, critical thinking, and advocacy to promote health, prevent illness, and support healing."
95,Nurse,Briefly describe a Nurse.,"A nurse is a licensed healthcare professional who provides compassionate, patient-centered care to individuals, families, and communities.  They assess patients, administer treatments and medications, monitor vital signs, educate patients about health management, and collaborate with other healthcare providers."
96,Nurse,Briefly describe a Nurse.,"A nurse is a licensed healthcare professional who provides direct patient care, assesses health needs, administers treatments and medications, monitors vital signs, educates patients and families, and advocates for well-being.  They work in diverse settings—hospitals, clinics, homes—and collaborate with doctors and other team members to deliver compassionate, evidence-based care across the continuum of health and illness."
97,Nurse,Briefly describe a Nurse.,"A nurse is a licensed healthcare professional who provides compassionate, evidence-based care to individuals, families, and communities.  They assess patient needs, administer treatments, monitor conditions, educate patients, and advocate for health and well-being—often serving as a vital link between patients, physicians, and the healthcare team."
98,Nurse,Briefly describe a Nurse.,"A nurse is a licensed healthcare professional who provides direct patient care, assesses health needs, administers treatments and medications, monitors conditions, educates patients and families, and collaborates with other healthcare team members.  Nurses advocate for patients, promote wellness, prevent illness, and support recovery across diverse settings—including hospitals, clinics, homes, and schools—adhering to ethical standards and evidence-based practice."
99,Nurse,Briefly describe a Nurse.,"A nurse is a licensed healthcare professional who provides patient-centered care, assessing health needs, administering treatments and medications, monitoring conditions, and offering education and emotional support.  Nurses work in diverse settings—hospitals, clinics, homes, or community health—and collaborate with other healthcare providers to promote wellness, prevent illness, and ensure safe, compassionate care across the lifespan."
100,Nurse,Briefly describe a Nurse.,"A nurse is a licensed healthcare professional who provides patient-centered care, including assessing health status, administering treatments and medications, monitoring vital signs, educating patients and families, and advocating for well-being.  Nurses work in diverse settings—hospitals, clinics, homes, or community centers—and collaborate with interdisciplinary teams to promote healing, prevent illness, and support dignity across the lifespan."
101,Nurse,What is an activity typically enjoyed by a Nurse?,"An activity typically enjoyed by many nurses—both professionally and personally—is **compassionate patient care**, which includes:

- **Building trusting relationships** with patients and families  
- **Assessing needs** and providing personalized support  
- **Educating patients** about their health conditions and self-care  
- **Advocating** for patients’ wishes and best interests  

Outside of direct clinical work, nurses often enjoy activities that align with their caregiving nature and skills, such as:

- **Volunteering** in community health initiatives or blood drives  
- **Leading wellness workshops** (e. g."
102,Nurse,What is an activity typically enjoyed by a Nurse?,"An activity commonly enjoyed by nurses—beyond their clinical duties—is **patient education and support**.  Many nurses find deep satisfaction in:

- Explaining conditions, treatments, or medications in simple terms to empower patients  
- Listening empathetically to patients’ concerns and fears  
- Helping families navigate the healthcare system  

Outside of work, many nurses enjoy activities that promote self-care and community, such as:

- **Yoga or walking** (to manage physical/mental stress)  
- **Volunteering at health fairs or clinics** (leveraging their skills for outreach)  
- **Continuing education in specialized areas** (e."
103,Nurse,What is an activity typically enjoyed by a Nurse?,"An activity typically enjoyed by many nurses is **patient education and empowerment**—helping patients understand their conditions, treatments, and self-care strategies.  This can include:

- Explaining medications or procedures in simple terms  
- Teaching lifestyle modifications (e."
104,Nurse,What is an activity typically enjoyed by a Nurse?,"A typical activity enjoyed by a nurse includes **documenting patient care and updating electronic health records (EHRs)**.  This core responsibility ensures continuity of care, communicates important clinical information to the healthcare team, and supports billing and regulatory compliance."
105,Nurse,What is an activity typically enjoyed by a Nurse?,"An activity typically enjoyed by many nurses is **documenting patient care and updating electronic health records (EHRs)**—though this may be more accurately described as a core responsibility rather than something they “enjoy. ” 😊

However, if you're looking for *leisure or rewarding activities* that nurses often appreciate—especially due to the nature of their work—here are some common ones:

- **Helping and supporting patients** (e."
106,Nurse,What is an activity typically enjoyed by a Nurse?,"An activity commonly enjoyed by many nurses is **participating in continuing education or professional development**, such as attending workshops, webinars, or conferences to stay updated on medical advancements and improve clinical skills. 

Other popular activities include:
- **Mentoring new staff or students**  
- **Engaging in patient advocacy or community health outreach**  
- **Journaling or reflective practice** for personal and professional growth  
- **Practicing mindfulness or stress-reduction techniques** (e."
107,Nurse,What is an activity typically enjoyed by a Nurse?,"A typical activity enjoyed by a nurse is **attending continuing education workshops or clinical training sessions**—to stay updated on medical protocols, learn new skills (e. g."
108,Nurse,What is an activity typically enjoyed by a Nurse?,"An activity commonly enjoyed by nurses—beyond their clinical duties—is **shadowing or mentoring new nurses and nursing students**.  Many experienced nurses find deep fulfillment in guiding newcomers, sharing knowledge, and helping them grow professionally."
109,Nurse,What is an activity typically enjoyed by a Nurse?,A typical activity enjoyed by many nurses is **helping patients recover and providing compassionate care**—but since the question asks for an activity *enjoyed* (i. e.
110,Nurse,What is an activity typically enjoyed by a Nurse?,"An activity commonly enjoyed by nurses—both as part of their professional role and personal leisure—is **providing patient education and support**.  For example, many nurses find deep satisfaction in:

- Explaining diagnoses or treatment plans in clear, compassionate terms  
- Teaching patients (and families) how to manage chronic conditions (e."
111,Nurse,What is an activity typically enjoyed by a Nurse?,"An activity commonly enjoyed by nurses—beyond clinical duties—is **professional development through continuing education**, such as attending workshops, earning certifications (e. g."
112,Nurse,What is an activity typically enjoyed by a Nurse?,"A common activity typically enjoyed by nurses is **documenting patient care and updating medical records**—though this is also a core responsibility, many nurses find satisfaction in ensuring accurate, thorough documentation as part of safe, high-quality care. 

However, if you're looking for more *personal leisure* or morale-boosting activities commonly enjoyed *by* nurses (outside formal duties), here are some popular ones:

- **Peer support conversations or debriefings** (e."
113,Nurse,What is an activity typically enjoyed by a Nurse?,"A common activity typically enjoyed by nurses is **providing compassionate patient care and support**—which often includes tasks like:

- Assessing patient conditions and vital signs  
- Administering medications and treatments  
- Educating patients and families about health management  
- Documenting care in medical records  
- Collaborating with healthcare teams to coordinate treatment plans  

Beyond clinical duties, many nurses also enjoy **professional growth activities**, such as attending continuing education courses, participating in bedside rounding, mentoring students, or joining committees.  In their personal time, nurses often appreciate self-care practices—like yoga, hiking, reading, or spending time with loved ones—to recharge from the demands of the profession."
114,Nurse,What is an activity typically enjoyed by a Nurse?,"A typical activity enjoyed by many nurses is **helping and supporting patients**—whether through providing compassionate care, educating patients about their health, or offering reassurance during stressful times. 

Other common activities nurses often find rewarding include:

- **Collaborating with interdisciplinary healthcare teams** (e."
115,Nurse,What is an activity typically enjoyed by a Nurse?,"An activity typically enjoyed by many nurses includes **helping patients and making a positive difference in their lives**—this core aspect of the profession often brings deep personal satisfaction. 

Other common enjoyable activities associated with nursing include:
- **Collaborating with interdisciplinary healthcare teams**
- **Continuing education** (e."
116,Nurse,What is an activity typically enjoyed by a Nurse?,"An activity typically enjoyed by many nurses is **documenting patient care**—though this may sound like work, some nurses find satisfaction in the precision and organization it requires.  However, more leisurely or common *personal* activities nurses often enjoy (especially during downtime or off-shifts) include:

- **Walking or hiking** (to stay active and de-stress)  
- **Reading** (clinical books for learning, or fiction for relaxation)  
- **Gardening** (a calming, hands-on hobby)  
- **Cooking or baking** (especially healthy meals for family or self-care)  
- **Volunteering in healthcare-related causes** (e."
117,Nurse,What is an activity typically enjoyed by a Nurse?,"An activity commonly enjoyed by nurses—beyond their clinical duties—is **volunteering in community health initiatives**, such as:

- Providing free health screenings at local fairs or clinics  
- Participating in vaccination drives or health education workshops  
- Serving with organizations like the Red Cross or Mission Health  

These activities align with their passion for caregiving and public wellness, offering a meaningful way to continue supporting communities outside formal healthcare settings. 

*(Other common examples include mentoring students, hiking/nature walks for stress relief, journaling, or participating in continuing education—but volunteering in health outreach is especially characteristic of the nursing profession."
118,Nurse,What is an activity typically enjoyed by a Nurse?,"An activity typically enjoyed by a nurse is **documenting patient care**—though it may sound routine, many nurses find satisfaction in ensuring accurate, compassionate, and thorough records that support continuity of care.   

Other commonly enjoyed aspects of nursing include:  
- **Building rapport with patients and families**, offering comfort during difficult times  
- **Solving complex clinical problems** (e."
119,Nurse,What is an activity typically enjoyed by a Nurse?,"An activity commonly enjoyed by many nurses—especially during their free time—is **reading**, particularly medical journals, patient education materials, or even fiction to unwind.  However, outside of work-related reading, nurses often engage in activities that help them recharge and manage stress, such as:

- **Walking or yoga** (for physical and mental wellness)  
- **Cooking or baking** (a creative and comforting outlet)  
- **Volunteering** (leveraging their care-giving instincts in a community context)  
- **Crafting or DIY projects** (e."
120,Nurse,What is an activity typically enjoyed by a Nurse?,"An activity commonly enjoyed by nurses—both professionally and personally—is **patient education**.  This involves explaining conditions, treatments, medications, or self-care techniques in clear, compassionate ways to empower patients and improve health outcomes."
121,Nurse,What is an activity typically enjoyed by a Nurse?,"A common activity typically enjoyed by nurses is **documenting patient care**—including charting vital signs, updating medical records, and communicating handoffs during shift changes.  While this is part of their professional duties, many nurses also *personally enjoy* activities that support well-being and connection, such as:

- **Patient education and empowerment** (helping patients understand their conditions and care plans)  
- **Team collaboration and debriefing** with colleagues  
- **Continuing education or skill practice** (e."
122,Nurse,What is an activity typically enjoyed by a Nurse?,"A typical activity enjoyed by a nurse is **documenting patient care**—though this may sound like work, many nurses find satisfaction in clear, accurate charting because it ensures continuity of care and can be creatively expressive (e. g."
123,Nurse,What is an activity typically enjoyed by a Nurse?,"An activity typically enjoyed by many nurses is **listening to music while working or during breaks**.   

Nurses often face high-stress, fast-paced environments, so engaging in relaxing or mood-boosting activities like listening to music helps them unwind, stay focused, and maintain emotional well-being."
124,Nurse,What is an activity typically enjoyed by a Nurse?,"An activity typically enjoyed by a nurse is **administering patient care with compassion and precision**—such as monitoring vital signs, dispensing medications, or assisting with procedures.  Many nurses also enjoy the interpersonal aspects of their role, like:

- Building trust and rapport with patients and families  
- Educating patients about managing their health  
- Collaborating with interdisciplinary healthcare teams  
- Making a tangible difference in someone’s recovery or comfort  

Outside of clinical duties, many nurses find fulfillment in activities that support well-being and growth, such as:  
- Attending continuing education workshops or conferences  
- Participating in hospital committees or quality improvement projects  
- Engaging in mentorship or precepting new staff  
- Practicing self-care (e."
125,Nurse,What is an activity typically enjoyed by a Nurse?,"An activity typically enjoyed by many nurses is **compassionate patient care and advocacy**—such as listening to patients, providing reassurance, explaining procedures, and helping them navigate their health journey.  Beyond clinical tasks, nurses often find fulfillment in:

- **Teaching patients and families** about managing conditions (e."
126,Nurse,What is an activity typically enjoyed by a Nurse?,"An activity typically enjoyed by many nurses is **compassionate patient care**, such as providing comfort, listening to patients’ concerns, and helping them through recovery or end-of-life care.  Beyond clinical duties, nurses often enjoy:

- **Continuing education** (e."
127,Nurse,What is an activity typically enjoyed by a Nurse?,"An activity typically enjoyed by a nurse is **providing compassionate patient care**, which often includes tasks like:

- Assessing patient vital signs and symptoms  
- Administering medications and treatments  
- Educating patients and families about health management  
- Collaborating with healthcare teams to develop care plans  
- Documenting patient progress and handoffs  

Beyond clinical duties, many nurses also enjoy activities such as **attending continuing education workshops**, **mentoring nursing students**, or participating in **health fairs or community outreach**.  In their downtime, some nurses appreciate **reflection journaling**, **mindfulness practices**, or **physical activities like yoga or walking**—especially to manage the stress of the job."
128,Nurse,What is an activity typically enjoyed by a Nurse?,"An activity typically enjoyed by many nurses is **providing patient care and education**—such as explaining procedures, offering reassurance, or teaching patients about managing their health.  Beyond clinical duties, nurses often find fulfillment in:

- **Team collaboration** (e."
129,Nurse,What is an activity typically enjoyed by a Nurse?,"An activity commonly enjoyed by nurses—beyond their clinical duties—is **stitching or knitting**.  Many nurses find it relaxing and meditative, especially during breaks or downtime."
130,Nurse,What is an activity typically enjoyed by a Nurse?,"An activity typically enjoyed by a nurse is **documenting patient care**—though this may sound like work, many nurses find satisfaction in accurate charting because it ensures continuity of care, enhances patient safety, and reflects clinical reasoning. 

However, if you're looking for leisure or stress-relief activities commonly enjoyed *outside* of work, nurses often appreciate:

- **Walking or gentle exercise** (to decompress after long shifts)  
- **Reading medical novels or health-themed books** (for both relaxation and professional interest)  
- **Meditation or mindfulness practices** (to manage high-stress environments)  
- **Cooking/nutrition planning** (aligned with their patient education expertise)  
- **Volunteering in community health outreach** (extending their care mission)

Would you like suggestions tailored to a specific type of nurse (e."
131,Nurse,What is an activity typically enjoyed by a Nurse?,"An activity typically enjoyed by a nurse is **documenting patient care and reviewing medical records**—a core part of their daily responsibilities.  While this may sound routine, many nurses find satisfaction in ensuring accuracy, continuity of care, and patient safety through thorough charting."
132,Nurse,What is an activity typically enjoyed by a Nurse?,"An activity typically enjoyed by a nurse is **documenting patient care**—though this is part of the job rather than strictly a “leisure” activity, many nurses find satisfaction and professional pride in thorough, accurate charting as it supports continuity of care and patient safety. 

For recreational or stress-relieving activities, nurses often enjoy:

- **Walking or hiking** (due to physical stamina and love for movement)
- **Reading medical novels or health-related nonfiction**
- **Cooking or meal prepping healthy recipes**
- **Meditation, yoga, or mindfulness practices** (to manage high-stress environments)
- **Volunteering in community health initiatives**

These activities align with nurses’ tendencies toward caregiving, lifelong learning, and maintaining personal well-being."
133,Nurse,What is an activity typically enjoyed by a Nurse?,"An activity typically enjoyed by a nurse—beyond their clinical duties—is **teaching patients and families about health management**, such as explaining medication schedules, wound care, or chronic disease prevention.   

Other common rewarding activities include:  
- Providing compassionate emotional support to patients  
- Celebrating small patient victories (e."
134,Nurse,What is an activity typically enjoyed by a Nurse?,"An activity typically enjoyed by a nurse is **listening to patients’ stories and concerns**—a core part of compassionate, patient-centered care.  Nurses often find deep satisfaction in building trust, offering emotional support, and advocating for their patients’ needs."
135,Nurse,What is an activity typically enjoyed by a Nurse?,"An activity typically enjoyed by a nurse includes **providing compassionate patient care**, which often involves activities like:

- Assessing patients’ vital signs and symptoms  
- Administering medications and treatments  
- Documenting clinical findings and updating care plans  
- Educating patients and families about health conditions and self-care  
- Collaborating with healthcare teams (doctors, therapists, etc. )  
- Offering emotional support and advocacy for patients  

Outside of direct clinical tasks, many nurses also enjoy:

- Continuing education (e."
136,Nurse,What is an activity typically enjoyed by a Nurse?,"A typical activity enjoyed by many nurses is **patient education and counseling**.  Nurses often take pride in helping patients understand their conditions, treatment plans, medications, and self-care strategies—supporting them in making informed health decisions and promoting recovery."
137,Nurse,What is an activity typically enjoyed by a Nurse?,"A typical activity enjoyed by many nurses is **patient education**—helping patients and their families understand diagnoses, treatment plans, medications, and self-care strategies.  This can include:

- Explaining procedures in simple terms  
- Demonstrating how to use medical devices (e."
138,Nurse,What is an activity typically enjoyed by a Nurse?,"An activity typically enjoyed by many nurses—though individual preferences vary—is **providing compassionate patient care and education**.  Nurses often find deep satisfaction in:

- Helping patients and families navigate health challenges  
- Educating patients about managing conditions (e."
139,Nurse,What is an activity typically enjoyed by a Nurse?,"An activity typically enjoyed by many nurses is **documenting patient care**—though this may sound like work, experienced nurses often take pride in it as a way to ensure accuracy, continuity of care, and advocacy for their patients.   

However, more休闲 (leisurely) activities commonly enjoyed *by* nurses during downtime include:

- **Walking or light exercise** (e."
140,Nurse,What is an activity typically enjoyed by a Nurse?,"An activity typically enjoyed by a nurse includes **providing compassionate patient care**, such as:

- Monitoring vital signs and recording medical histories  
- Administering medications and treatments  
- Assisting with diagnostics and procedures  
- Educating patients and families about health conditions and self-care  
- Coordinating care plans with doctors, therapists, and other healthcare professionals  

Beyond clinical duties, many nurses also enjoy **ongoing professional development**, such as attending continuing education courses or pursuing certifications.  In their personal time, nurses often value activities that promote wellness and stress relief—like yoga, hiking, reading, or volunteering—given the physically and emotionally demanding nature of their work."
141,Nurse,What is an activity typically enjoyed by a Nurse?,"An activity commonly enjoyed by nurses—both as part of their professional role and personally—is **providing compassionate patient care and education**.  For example:

- **Assessing patients and developing care plans**  
- **Administering medications and treatments**  
- **Listening to patients’ concerns and offering emotional support**  
- **Teaching patients and families about managing illnesses or procedures** (e."
142,Nurse,What is an activity typically enjoyed by a Nurse?,"An activity typically enjoyed by many nurses is **documenting patient care**—though often seen as routine, skilled and efficient documentation helps ensure continuity of care and can be satisfying when it contributes to positive outcomes.   

However, more broadly, many nurses enjoy activities such as:  
- **Providing compassionate patient education** (e."
143,Nurse,What is an activity typically enjoyed by a Nurse?,"A typical activity enjoyed by many nurses is **patient education and advocacy**—helping patients understand their diagnosis, treatment plans, medications, and self-care strategies.  Nurses often find deep satisfaction in building trust, empowering patients to take control of their health, and being their voice within the healthcare team."
144,Nurse,What is an activity typically enjoyed by a Nurse?,"An activity typically enjoyed by a nurse is **documenting patient care**—though it's part of their job, many nurses find satisfaction in thorough, accurate charting because it ensures continuity of care and reflects their clinical thinking. 

However, if you're looking for leisure or personal activities that *nurses often enjoy during downtime or outside work*, common ones include:

- **Walking or hiking** (combines physical activity with mindfulness)  
- **Reading fiction or medical journals** (for relaxation or professional growth)  
- **Cooking or meal prepping** (especially healthy dishes for self-care)  
- **Practicing yoga or meditation** (to manage stress from high-pressure jobs)  
- **Volunteering in healthcare or community settings** (extending their care beyond the workplace)

Nursing is demanding, so many nurses also cherish moments of quiet—like sipping coffee, listening to music/podcasts, or connecting with colleagues."
145,Nurse,What is an activity typically enjoyed by a Nurse?,"A typical activity enjoyed by many nurses is **providing compassionate patient care**—which often includes activities like:

- **Active listening and supporting patients emotionally**,  
- **Assessing vital signs and monitoring health changes**,  
- **Administering medications or treatments accurately**,  
- **Educating patients and families about managing conditions**, and  
- **Collaborating with interdisciplinary healthcare teams** to coordinate care. 

Beyond clinical tasks, many nurses also enjoy **continuing education** (e."
146,Nurse,What is an activity typically enjoyed by a Nurse?,"An activity typically enjoyed by a nurse includes **patient care and advocacy**, such as:

- Monitoring vital signs and administering medications  
- Assisting with diagnostics and treatment plans  
- Providing emotional support and education to patients and families  
- Collaborating with interdisciplinary healthcare teams  

Outside of direct clinical duties, many nurses also enjoy activities like:

- Continuing education (e. g."
147,Nurse,What is an activity typically enjoyed by a Nurse?,"An activity typically enjoyed by a nurse is **providing patient care and support**—which often includes tasks like monitoring vital signs, administering medications, assisting with procedures, educating patients and families, and offering compassionate companionship during recovery or illness. 

Beyond clinical duties, many nurses also enjoy activities such as:
- Continuing education (e."
148,Nurse,What is an activity typically enjoyed by a Nurse?,"A typical activity enjoyed by many nurses is **patient advocacy and education**—such as helping patients understand their diagnosis, treatment options, and self-care strategies.  This meaningful work aligns with the core values of nursing: compassion, empathy, and empowerment."
149,Nurse,What is an activity typically enjoyed by a Nurse?,"An activity typically enjoyed by many nurses is **patient education and empowerment**—such as explaining diagnoses, treatment plans, or self-care techniques (e. g."
150,Nurse,What is an activity typically enjoyed by a Nurse?,"A typical activity enjoyed by many nurses is **compassionate patient care**, which often includes:

- **Active listening and empathy**—building trust and understanding patients’ concerns  
- **Team collaboration**—working with doctors, therapists, and other healthcare professionals  
- **Teaching and education**—guiding patients and families on managing conditions or recovery  
- **Problem-solving in dynamic situations**—responding quickly to changing patient needs  

Beyond clinical duties, many nurses also enjoy:

- **Continuing education** (e. g."
151,Nurse,What is an activity typically enjoyed by a Nurse?,"An activity typically enjoyed by many nurses—both professionally and personally—is **providing compassionate care and support to patients**.  This can include:

- Assisting with daily living activities (e."
152,Nurse,What is an activity typically enjoyed by a Nurse?,"A typical activity enjoyed by many nurses is **charting patient care notes**—though this may sound like work, many nurses take pride in thorough and accurate documentation as part of providing safe, high-quality care. 

Beyond clinical duties, nurses often enjoy activities such as:

- **Continuing education** (e."
153,Nurse,What is an activity typically enjoyed by a Nurse?,"An activity typically enjoyed by a nurse is **documenting patient care and progress**—a core responsibility essential for continuity of care, communication among healthcare team members, and legal documentation. 

Other common activities nurses routinely enjoy (or find fulfilling) include:
- **Direct patient care** (e."
154,Nurse,What is an activity typically enjoyed by a Nurse?,"A common activity typically enjoyed by nurses is **active listening**—they often spend time attentively listening to patients’ concerns, symptoms, and feelings to provide compassionate care and accurate assessments. 

Other typical activities nurses enjoy or frequently engage in include:
- **Monitoring vital signs and patient progress**
- **Administering medications and treatments**
- **Educating patients and families about health conditions and self-care**
- **Collaborating with healthcare teams** (doctors, therapists, etc."
155,Nurse,What is an activity typically enjoyed by a Nurse?,"An activity typically enjoyed by many nurses includes **compassionate patient care and advocacy**—such as listening to patients’ concerns, providing emotional support, educating them about their health, and helping them navigate the healthcare system. 

Other commonly enjoyed aspects of nursing include:

- **Problem-solving and critical thinking**, especially when assessing changing patient conditions or coordinating complex care plans  
- **Collaborating with interdisciplinary teams** (doctors, pharmacists, social workers) to achieve optimal patient outcomes  
- **Teaching and mentoring**—guiding patients, families, and new nurses  
- **Professional development**, such as attending workshops, earning certifications, or pursuing advanced degrees  

While the job can be demanding, many nurses find deep fulfillment in making a meaningful difference in people’s lives during vulnerable times."
156,Nurse,What is an activity typically enjoyed by a Nurse?,"An activity typically enjoyed by a nurse is **providing compassionate patient care**, which often includes tasks such as:

- Monitoring vital signs and assessing patient conditions  
- Administering medications and treatments  
- Educating patients and families about health management  
- Collaborating with interdisciplinary healthcare teams  
- Documenting care in medical records  

Outside of clinical duties, many nurses also enjoy activities that support their well-being and professional growth—such as:

- Attending continuing education workshops or conferences  
- Participating in hospital wellness programs (e. g."
157,Nurse,What is an activity typically enjoyed by a Nurse?,"An activity typically enjoyed by a nurse is **providing compassionate patient care**—such as monitoring vital signs, administering medications, educating patients and families, or offering emotional support during recovery.  Many nurses also enjoy collaborative work with interdisciplinary teams, continuous learning (e."
158,Nurse,What is an activity typically enjoyed by a Nurse?,"An activity typically enjoyed by a nurse is **patient education and support**—such as explaining diagnoses, treatment plans, or medication instructions in a compassionate and understandable way.  Many nurses also enjoy:

- **Critical thinking and problem-solving** during complex patient care  
- **Team collaboration**, especially interdisciplinary huddles and case conferences  
- **Continuing education**, like attending workshops or earning certifications  
- **Advocacy**, ensuring patients’ voices are heard in care decisions  
- **Moments of connection and empathy**, such as listening to a patient’s concerns or celebrating small recoveries  

While nursing involves demanding responsibilities, many find deep fulfillment in meaningful interactions, making a tangible difference, and lifelong learning."
159,Nurse,What is an activity typically enjoyed by a Nurse?,"An activity typically enjoyed by many nurses is **compassionate patient care**, which includes tasks like listening to patients’ concerns, providing comfort, educating them about their health, and celebrating their recovery milestones.  Beyond clinical duties, nurses often enjoy:

- **Continuing education** (e."
160,Nurse,What is an activity typically enjoyed by a Nurse?,"An activity typically enjoyed by a nurse is **assessing patient condition and developing care plans**—which combines clinical thinking, compassion, and hands-on problem solving.  Many nurses also enjoy:

- **Patient education** (e."
161,Nurse,What is an activity typically enjoyed by a Nurse?,"An activity typically enjoyed by a nurse is **providing compassionate patient care**, which often includes tasks like assessing patients, administering medications, monitoring vital signs, and offering emotional support. 

Beyond clinical duties, many nurses also enjoy activities such as:

- **Continuing education** (e."
162,Nurse,What is an activity typically enjoyed by a Nurse?,"An activity typically enjoyed by a nurse is **compassionate patient care**, such as listening to a patient’s concerns, providing comfort during procedures, or celebrating small recovery milestones with them. 

Other common enjoyable aspects of the nursing profession include:
- **Team collaboration**—working closely with doctors, therapists, and fellow nurses."
163,Nurse,What is an activity typically enjoyed by a Nurse?,"An activity typically enjoyed by a nurse is **attending clinical skill workshops or simulations**—such as practicing IV insertion, wound care, or advanced cardiac life support (ACLS)—because these enhance their competence and confidence in real-world patient care. 

Other common activities nurses enjoy include:
- **Participating in interdisciplinary team meetings** to coordinate patient care
- **Engaging in continuing education** (e."
164,Nurse,What is an activity typically enjoyed by a Nurse?,"An activity commonly enjoyed by many nurses is **patient education**—such as explaining medications, discharge instructions, or health promotion tips.  Nurses often find deep satisfaction in empowering patients with knowledge to improve their well-being and independence."
165,Nurse,What is an activity typically enjoyed by a Nurse?,"A typical activity enjoyed by many nurses is **providing compassionate patient care**, which often includes:

- Assisting with daily living activities (e. g."
166,Nurse,What is an activity typically enjoyed by a Nurse?,"An activity typically enjoyed by a nurse is **documenting patient care and reviewing medical charts**—a core part of their daily routine.  While this may sound routine, many nurses find satisfaction in the precision, attention to detail, and how it contributes to continuity and safety of care."
167,Nurse,What is an activity typically enjoyed by a Nurse?,"An activity typically enjoyed by a nurse is **documenting patient care**—such as updating electronic health records (EHRs), writing shift reports, and noting interventions and patient responses.  While this may sound routine, many nurses find satisfaction in it because:

- It ensures continuity of care and enhances patient safety  
- It provides a clear record for interdisciplinary communication  
- Strong documentation skills contribute to professional accountability and confidence  

Other commonly enjoyed (and essential) nursing activities include:  
✅ **Building rapport with patients**—listening, offering comfort, and advocating for their needs  
✅ **Collaborating with healthcare teams**—joining care planning meetings or codes  
✅ **Celebrating small patient victories**, like a child taking first steps or a senior regaining independence  

Nursing is deeply human-centered, so activities that involve compassion, problem-solving, and making a tangible difference tend to be most rewarding! 🩺💙."
168,Nurse,What is an activity typically enjoyed by a Nurse?,"An activity typically enjoyed by a nurse is **attending continuing education courses or clinical workshops**.  Nurses often pursue ongoing learning to stay current with medical advancements, refine clinical skills, and meet licensure requirements—many find it professionally rewarding and intellectually stimulating."
169,Nurse,What is an activity typically enjoyed by a Nurse?,"A typical activity enjoyed by many nurses is **patient education and empowerment**—such as teaching patients about managing their condition, explaining medications, or guiding them through self-care techniques.  This reflects their commitment to holistic care and often brings deep professional satisfaction."
170,Nurse,What is an activity typically enjoyed by a Nurse?,"An activity commonly enjoyed by many nurses is **helping patients and making a positive impact on their health and well-being**—this is often at the core of their professional fulfillment.  Beyond patient care, nurses also tend to enjoy activities such as:

- **Continuing education** (e."
171,Nurse,What is an activity typically enjoyed by a Nurse?,"An activity typically enjoyed by a nurse is **documenting patient care and updating electronic health records (EHRs)**—while essential for clinical practice, many nurses also find satisfaction in the accuracy and continuity it brings to patient care. 

However, outside of work, nurses often enjoy stress-relieving and nurturing activities such as:

- **Gardening** 🌿  
- **Hiking or nature walks** 🥾  
- **Crafting (e."
172,Nurse,What is an activity typically enjoyed by a Nurse?,"An activity typically enjoyed by a nurse is **documenting patient care and outcomes**—a core responsibility that, while often task-oriented, many nurses find deeply satisfying because it ensures continuity of care, supports clinical decision-making, and contributes to positive patient outcomes. 

Other commonly appreciated activities include:
- **Building rapport with patients** and providing compassionate support  
- **Collaborating with interdisciplinary teams** (e."
173,Nurse,What is an activity typically enjoyed by a Nurse?,"An activity typically enjoyed by many nurses is **helping patients and making a positive impact on their well-being**.  This core aspect of nursing—providing compassionate care, offering emotional support, educating patients, and witnessing recovery or improved health—often brings deep personal satisfaction and fulfillment."
174,Nurse,What is an activity typically enjoyed by a Nurse?,"An activity typically enjoyed by a nurse is **documenting patient care in electronic health records (EHRs)**—though this is often seen as essential rather than recreational.  However, many nurses genuinely find satisfaction and even enjoyment in activities such as:

- **Providing compassionate patient education**  
- **Collaborating with interdisciplinary teams during shift handoffs**  
- **Solving clinical problems or troubleshooting equipment**  
- **Mentoring new nurses or students**  
- **Participating in continuing education or certification exams**  

Outside of work, many nurses enjoy wellness practices like yoga, hiking, journaling, or spending time with family—helpful for managing the demands of the profession."
175,Nurse,What is an activity typically enjoyed by a Nurse?,"An activity commonly enjoyed by nurses—beyond their clinical duties—is **volunteering**, especially in health-related or community service roles.  Many nurses find deep personal fulfillment in giving back, such as:

- Participating in medical mission trips  
- Supporting local free clinics or shelters  
- Joining disaster relief efforts (e."
176,Nurse,What is an activity typically enjoyed by a Nurse?,"An activity typically enjoyed by a nurse is **providing patient care and advocacy**—such as assessing patients, administering medications, monitoring vital signs, offering emotional support, and educating patients and families about health management. 

Beyond clinical duties, many nurses also enjoy activities like:

- **Continuing education** (e."
177,Nurse,What is an activity typically enjoyed by a Nurse?,"An activity typically enjoyed by a nurse is **charting patient care and updating medical records**—though this is often considered part of their professional duties, many nurses find satisfaction in the organized, detail-oriented nature of documentation and in how it supports continuity of care. 

However, if you're thinking more about *leisure or personal enrichment* outside of work, nurses often enjoy activities such as:

- **Reading medical literature or nursing journals** (for lifelong learning)
- **Volunteering at health fairs or community clinics**
- **Exercising or practicing yoga**—to manage the physical and emotional demands of the job
- **Cooking or meal prepping healthy foods**, reflecting their interest in wellness
- **Participating in continuing education or certification courses**
- **Joining professional nursing organizations or mentorship programs**

Would you like suggestions tailored to a specific type of nurse (e."
178,Nurse,What is an activity typically enjoyed by a Nurse?,"An activity typically enjoyed by a nurse is **providing compassionate patient care and support**—this often includes tasks like:

- Conducting thorough patient assessments  
- Administering medications and treatments accurately  
- Educating patients and families about health conditions and self-care  
- Collaborating with interdisciplinary healthcare teams  
- Documenting care meticulously in electronic health records  

Beyond clinical duties, many nurses also enjoy **mentoring students**, participating in **continuing education**, or engaging in **advocacy for patient rights**.  Outside of work, common stress-relieving activities among nurses include yoga, journaling, hiking, gardening, and spending time with family—helping maintain the resilience needed in this demanding yet rewarding profession."
179,Nurse,What is an activity typically enjoyed by a Nurse?,An activity commonly enjoyed by nurses—beyond their clinical duties—is **patient education and advocacy**.  Many nurses find deep satisfaction in teaching patients about managing their health (e.
180,Nurse,What is an activity typically enjoyed by a Nurse?,"An activity typically enjoyed by a nurse is **attending to patients’ physical and emotional needs**, which often involves tasks like:

- Monitoring vital signs  
- Administering medications  
- Assisting with daily living activities (e. g."
181,Nurse,What is an activity typically enjoyed by a Nurse?,"An activity commonly enjoyed by many nurses is **active listening and compassionate communication with patients**.  While this is part of their professional duties, it often becomes personally rewarding—nurses frequently express fulfillment from building trust, offering support, and making a meaningful difference in people’s lives during vulnerable moments."
182,Nurse,What is an activity typically enjoyed by a Nurse?,"An activity typically enjoyed by a nurse is **providing compassionate patient care**—which often includes listening to patients’ concerns, offering reassurance, and helping them navigate their health journey.  Outside of clinical duties, many nurses also enjoy:

- **Continuing education** (e."
183,Nurse,What is an activity typically enjoyed by a Nurse?,"An activity typically enjoyed by many nurses is **collaborating with healthcare teams to provide compassionate patient care**—which often includes tasks like:

- Conducting thorough patient assessments  
- Administering medications and treatments  
- Educating patients and families about health conditions and self-care  
- Documenting patient progress and updating care plans  
- Responding to emergencies with calm, quick decision-making  

Many nurses also find deep personal fulfillment in moments like:
- Seeing a patient recover or express gratitude  
- Offering comfort during difficult times  
- Building trusting relationships over time  

Outside clinical settings, nurses often enjoy activities that support their well-being—such as continuing education (e. g."
184,Nurse,What is an activity typically enjoyed by a Nurse?,"An activity typically enjoyed by many nurses is **patient education**—helping patients and their families understand diagnoses, treatments, medications, and self-care strategies.  This not only supports recovery but also empowers patients and strengthens the nurse-patient relationship."
185,Nurse,What is an activity typically enjoyed by a Nurse?,"An activity typically enjoyed by a nurse is **documenting patient care and progress**—though often seen as routine, many nurses find satisfaction in clear, accurate charting because it ensures continuity of care, supports clinical decision-making, and contributes to team communication. 

Other commonly appreciated activities include:
- **Building therapeutic relationships with patients and families**
- **Providing health education and empowering patients**
- **Collaborating with interdisciplinary teams**
- **Monitoring vital signs and interpreting clinical data**
- **Celebrating small patient milestones** (e."
186,Nurse,What is an activity typically enjoyed by a Nurse?,"An activity commonly enjoyed by nurses—beyond their clinical duties—is **patient education and advocacy**, which many find deeply rewarding.  For example, taking time to explain a diagnosis, treatment plan, or self-care tips in a clear, empathetic way helps empower patients and builds trust."
187,Nurse,What is an activity typically enjoyed by a Nurse?,"An activity typically enjoyed by a nurse is **compassionate patient care**, which often includes tasks like:

- **Listening to patients’ concerns** and providing emotional support  
- **Monitoring vital signs** and assessing patient conditions  
- **Administering medications** accurately and safely  
- **Educating patients and families** about health management and recovery  
- **Collaborating with healthcare teams** to coordinate care  

Beyond clinical duties, many nurses also enjoy professional development activities such as attending continuing education courses, participating in case discussions, or mentoring new staff—reflecting their dedication to both patient well-being and growth in the profession.  🩺💙."
188,Nurse,What is an activity typically enjoyed by a Nurse?,"An activity typically enjoyed by a nurse includes **patient education and empowerment**—such as explaining treatment plans, teaching self-care techniques (e. g."
189,Nurse,What is an activity typically enjoyed by a Nurse?,"A common activity typically enjoyed by nurses is **charting patient care**—though it’s often considered part of their job, many nurses find satisfaction in the precision and responsibility it entails.  However, for leisure or relaxation, nurses commonly enjoy activities such as:

- **Walking or hiking** (to stay active and de-stress)  
- **Reading** (especially medical novels, self-help, or memoirs—e."
190,Nurse,What is an activity typically enjoyed by a Nurse?,"An activity commonly enjoyed by nurses—especially during breaks or downtime—is **charting or updating patient records**, as it’s both essential to their role and often done in quiet moments.  However, many also enjoy more restorative activities during their time off, such as:

- **Walking or light exercise** (to reduce stress and stay energized)  
- **Reading medical journals or health-related books** (for continued learning and interest)  
- **Volunteering** (often in healthcare or community settings)  
- **Crafting, cooking, or gardening** (as mindful ways to decompress)

That said, many nurses find deep satisfaction in **direct patient care activities**, like listening to patients, providing comfort, or celebrating small recovery milestones—even though these are part of their job, they’re often what bring them joy and purpose."
191,Nurse,What is an activity typically enjoyed by a Nurse?,"An activity typically enjoyed by a nurse—beyond their clinical duties—is **mentoring or precepting new nurses and nursing students**.  Many experienced nurses find deep satisfaction in guiding, supporting, and sharing knowledge with newcomers to the profession."
192,Nurse,What is an activity typically enjoyed by a Nurse?,"An activity typically enjoyed by a nurse is **charting patient care**—though it's also a core responsibility, many nurses find satisfaction in documenting care thoroughly and accurately, as it supports continuity, safety, and communication within the healthcare team. 

Other commonly enjoyed activities among nurses include:
- **Building rapport with patients** (e."
193,Nurse,What is an activity typically enjoyed by a Nurse?,"An activity typically enjoyed by many nurses is **charting or documenting patient care**—though this may sound like work, some nurses find satisfaction in the precision and completeness it brings to clinical decision-making and continuity of care. 

However, more commonly recognized *leisure* activities nurses often enjoy (especially given their demanding schedules) include:

- **Walking or hiking** – for stress relief and physical wellness  
- **Reading** – medical journals, novels, or self-help books during downtime  
- **Cooking/baking** – as a creative outlet and way to care for loved ones  
- **Yoga or meditation** – to manage occupational stress and maintain well-being  
- **Volunteering** – especially in health fairs, clinics, or community outreach  

These activities align with the caring, detail-oriented, and resilient traits often found in nurses—and help support their physical and mental health amid high-stress environments."
194,Nurse,What is an activity typically enjoyed by a Nurse?,"An activity typically enjoyed by a nurse is **patient education**—helping patients and their families understand their conditions, treatments, medications, and self-care strategies.  This reflective, interpersonal task aligns with nurses’ compassion and expertise, and many find deep satisfaction in empowering others to manage their health."
195,Nurse,What is an activity typically enjoyed by a Nurse?,"An activity typically enjoyed by many nurses—both professionally and personally—is **helping and supporting others**.  This often extends beyond clinical duties into hobbies or volunteer work, such as:

- **Volunteering at health fairs or community clinics**
- **Participating in blood drives or first-aid training**
- **Mentoring nursing students or new staff**
- **Engaging in wellness activities like yoga or hiking** (to manage stress and stay physically fit)

Professionally, nurses often find deep satisfaction in:

- **Providing compassionate patient care**
- **Collaborating with interdisciplinary teams**
- **Solving complex problems at the bedside**

While individual preferences vary, the core joy for many nurses comes from making a meaningful difference in people’s lives—whether during a shift or in their personal time."
196,Nurse,What is an activity typically enjoyed by a Nurse?,"An activity typically enjoyed by many nurses is **helping patients and making a positive difference in their lives**.  Beyond direct patient care, common rewarding activities include:

- **Teaching patients and families** about managing illnesses or medications  
- **Collaborating with interdisciplinary teams** to coordinate care  
- **Engaging in professional development**, such as attending workshops or earning certifications  
- **Documenting patient progress** accurately (many nurses appreciate the organization and problem-solving it involves)  
- **Celebrating small wins**, like a patient’s improved mobility or a smooth discharge  

Outside of work, nurses often enjoy activities that help them decompress—such as hiking, reading, crafting, or spending time with loved ones—given the physically and emotionally demanding nature of the job."
197,Nurse,What is an activity typically enjoyed by a Nurse?,"An activity commonly enjoyed by nurses—both professionally and personally—is **caring for others**, such as:

- **Providing patient education** (e. g."
198,Nurse,What is an activity typically enjoyed by a Nurse?,"An activity commonly enjoyed by nurses—beyond their clinical duties—is **participating in continuing education or professional development**, such as attending workshops, conferences, or online courses to stay current on best practices and earn continuing education units (CEUs). 

Other typical relaxing or fulfilling activities nurses enjoy include:

- **Mentoring nursing students or new staff**
- **Volunteering in community health fairs or clinics**
- **Engaging in mindfulness or stress-reduction practices** (e."
199,Nurse,What is an activity typically enjoyed by a Nurse?,"An activity typically enjoyed by many nurses is **documenting patient care in electronic health records (EHRs)**—though this may sound like a task, many nurses find satisfaction in ensuring accuracy and continuity of care through thorough documentation. 

More broadly, nurses often genuinely enjoy:

- **Providing compassionate bedside care** (e."
200,Nurse,What is an activity typically enjoyed by a Nurse?,"An activity typically enjoyed by many nurses is **participating in continuing education or professional development**, such as attending workshops, webinars, or conferences to stay updated on best practices and clinical skills. 

Other common activities include:
- **Mentoring new nurses or nursing students**
- **Engaging in evidence-based practice projects or quality improvement initiatives**
- **Volunteering for health fairs or community outreach programs**
- **Collaborating with interdisciplinary teams during patient rounds**
- **Reflecting on patient care experiences through journaling or peer discussions**

These activities align with the nursing values of lifelong learning, compassion, and professional growth."
201,Nurse,"Finish the joke: A Nurse walked into a bar,","A nurse walked into a bar…  
—and ordered a *double* shot of *epinephrine*…  
*because she heard this place had *no pulse. * 😄💉*

*(Bonus alternative punchline for darker humor lovers:  
""—and said, 'I’ll have what the patient just ordered."
202,Nurse,"Finish the joke: A Nurse walked into a bar,","A nurse walked into a bar and ordered a drink.   
The bartender said, “Sorry—we don’t serve your type here."
203,Nurse,"Finish the joke: A Nurse walked into a bar,","Sure! Here's a classic, lighthearted version:

> **A nurse walked into a bar.."
204,Nurse,"Finish the joke: A Nurse walked into a bar,","A nurse walked into a bar…  
and ordered a *dipstick*.   

*(The bartender said, “Sorry—we only serve tests here."
205,Nurse,"Finish the joke: A Nurse walked into a bar,","A nurse walked into a bar…  
and ordered a drink.   
The bartender said, *“One drink coming right up—no IVs, no bolus, and please try not to pass out before dessert."
206,Nurse,"Finish the joke: A Nurse walked into a bar,","A nurse walked into a bar,  
ordered a drink…  
and promptly got *pulled* for ID—  
turns out she’s not just a **staff nurse**,  
she's the *bartender*’s license! 😄  

*(Bonus groaner: She said, “I’m here for my *shift*…” and the bartender said, “Sorry, we only serve patients with valid *admitting orders*. ”)*."
207,Nurse,"Finish the joke: A Nurse walked into a bar,","Sure! Here's a classic-style punny completion for that setup:

> **A nurse walked into a bar… and ordered a *blood* orange juice. **  
> *The bartender looked up and said, “Sorry—we don’t serve your type."
208,Nurse,"Finish the joke: A Nurse walked into a bar,","A nurse walked into a bar and ordered a drink.   
The bartender looked up and said, “Sorry, we don’t serve your kind here."
209,Nurse,"Finish the joke: A Nurse walked into a bar,","Sure! Here's a classic-style medical pun finish to the setup:

> **A nurse walked into a bar and ordered a drink.   
> The bartender said, “We don’t serve your type here."
210,Nurse,"Finish the joke: A Nurse walked into a bar,","A Nurse walked into a bar,  
and ordered a drink for *everyone*.   
The bartender said, “That’ll be $150!”  
The nurse sighed and replied:  
**“Fine."
211,Nurse,"Finish the joke: A Nurse walked into a bar,","A nurse walked into a bar…  
—and ordered *a shot of empathy*, a *bucket of saline*, and *the bill split three ways* (hers, the doctor’s, and the insurance company’s).   
—  
*Why?* Because even bars need charting! 🩺🍻."
212,Nurse,"Finish the joke: A Nurse walked into a bar,","A nurse walked into a bar and ordered a drink.   
The bartender looked up and said, *“Sorry, we don’t serve your type."
213,Nurse,"Finish the joke: A Nurse walked into a bar,","Here's a classic and clean finish to that setup:

> **A nurse walked into a bar.."
214,Nurse,"Finish the joke: A Nurse walked into a bar,","A nurse walked into a bar…  
—and ordered a drink.  The bartender said, “Sorry, we don’t serve alcohol to someone who might be on duty."
215,Nurse,"Finish the joke: A Nurse walked into a bar,","A nurse walked into a bar and ordered a drink for *everyone*. 

The bartender sighed."
216,Nurse,"Finish the joke: A Nurse walked into a bar,","Sure! Here's a classic medical pun-style finish:

**A nurse walked into a bar and ordered a drink.   
The bartender said, “Sorry, we don’t serve your type."
217,Nurse,"Finish the joke: A Nurse walked into a bar,","Here’s a classic finish to that setup, playing on nurse stereotypes and bar culture:

> **A Nurse walked into a bar.."
218,Nurse,"Finish the joke: A Nurse walked into a bar,","A nurse walked into a bar…  
*and ordered a shot of epinephrine. *  

The bartender said, “Sorry, we don’t serve that here."
219,Nurse,"Finish the joke: A Nurse walked into a bar,","A Nurse walked into a bar…  
and ordered a shot *for* the doctor—then added,  
**“But if he doesn’t show up by my next shift, I’m billing him for the service. ”** 🩺 bartender."
220,Nurse,"Finish the joke: A Nurse walked into a bar,","Here's a classic and clean finish that plays on medical puns:

> **A nurse walked into a bar.."
221,Nurse,"Finish the joke: A Nurse walked into a bar,","Here's a classic, clean finish with a playful medical twist:

> **A nurse walked into a bar.."
222,Nurse,"Finish the joke: A Nurse walked into a bar,","A nurse walked into a bar…  
and ordered a *shot of adrenaline*—  
because she was feeling a little *low on epinephrine*! 💉😄  

*(Bonus groan-worthy follow-up: When the bartender asked if she needed help, she said, “Nah—I’ve got a strong pulse!”)*."
223,Nurse,"Finish the joke: A Nurse walked into a bar,","Here's a classic, clean finish for that setup:

> **A nurse walked into a bar.."
224,Nurse,"Finish the joke: A Nurse walked into a bar,","A Nurse walked into a bar and ordered a drink.   
The bartender said, *“Sorry, we don’t serve our patrons… *after* they’ve passed out."
225,Nurse,"Finish the joke: A Nurse walked into a bar,","A nurse walked into a bar…  
and ordered a *shot*—but asked for it *staggered*, since she knew how to handle a little instability.  🩺🍸  

*(Bonus alternative ending: …and said, “I’ll have a beer—but noice IV drip, please."
226,Nurse,"Finish the joke: A Nurse walked into a bar,","A nurse walked into a bar and ordered a drink.   
The bartender looked up, smiled, and said, *""Coming right up—just give me your vital signs first!""*  

*(Bonus twist for extra medical humor):*  
She replied, *""BP 120/80, pulse 72, temperature normal… but my sense of humor’s running a slight fever."
227,Nurse,"Finish the joke: A Nurse walked into a bar,","Sure! Here's a classic, lighthearted finish to that setup:

**A nurse walked into a bar.."
228,Nurse,"Finish the joke: A Nurse walked into a bar,","Here’s a classic, clean, and humorous finish for that setup:

> **A nurse walked into a bar and ordered a drink.   
> The bartender said, “I’m sorry, we don’t serve people in scrubs."
229,Nurse,"Finish the joke: A Nurse walked into a bar,","Sure! Here's a classic-style nursing pun punchline:

**A nurse walked into a bar… and ordered a shot *of* medicine. **  
*(Because, as they say—she’s used to mixing things!)* 😊

Or for a twist:  
**A nurse walked into a bar… and said, “I’ll have a whiskey on the rocks—and don’t forget the *placebo*!”**

Let me know if you'd like it darker, sillier, or more medical-accurate!."
230,Nurse,"Finish the joke: A Nurse walked into a bar,","A nurse walked into a bar…  
**and ordered a “blood type” cocktail. **  
The bartender said, *“We only serve here—if you’re O-negative, we’ll give it to you straight."
231,Nurse,"Finish the joke: A Nurse walked into a bar,","A nurse walked into a bar and ordered a drink.   
The bartender said, *“Sorry, no shots for you—you’re on duty."
232,Nurse,"Finish the joke: A Nurse walked into a bar,","Sure! Here's a classic medical-themed pun version:

> **A nurse walked into a bar and ordered a shot—  
> “What’ll it be?” asked the bartender.   
> The nurse replied, *“Just give me what you’d give yourself—if your blood pressure was 180 over 110."
233,Nurse,"Finish the joke: A Nurse walked into a bar,","Sure! Here's a classic medical pun twist:

> **A nurse walked into a bar…**  
> *And ordered a drink—on the house!* 😄  
> *(Because she was “drunk” on duty. )*

Or for a cleaner, punnier version:  
> **A nurse walked into a bar…**  
> *The bartender said, “Sorry, no sick jokes allowed."
234,Nurse,"Finish the joke: A Nurse walked into a bar,","A nurse walked into a bar…  
*and ordered a shot of epinephrine. *  

The bartender looked startled."
235,Nurse,"Finish the joke: A Nurse walked into a bar,","A nurse walked into a bar and ordered a drink.   
The bartender said, *“Coming right up!”*  
She replied, *“Just hold on—I need to check if this is in my scope of practice."
236,Nurse,"Finish the joke: A Nurse walked into a bar,","A nurse walked into a bar…  
**and said, “I’ll have a drink—on me. ”**  
*Because she’s used to *nursing* the bill."
237,Nurse,"Finish the joke: A Nurse walked into a bar,","Sure! Here's a classic-style punny finish:

> **A nurse walked into a bar… and said, “I’m here on *shift*—what’s on tap?”**

😄 (Playing on ""shift"" as both a work schedule and a pun on *tap* drinks—bars have taps, nurses have shifts!)

Want a darker, cleverer, or more absurd version?."
238,Nurse,"Finish the joke: A Nurse walked into a bar,","Here's a classic, clean, and punchy finish for that setup:

> **A nurse walked into a bar.."
239,Nurse,"Finish the joke: A Nurse walked into a bar,","A nurse walked into a bar and ordered a drink.   
The bartender looked at her scrubs and said, *“Sorry, no IDs—just shots!”*  
She replied, *“Fine."
240,Nurse,"Finish the joke: A Nurse walked into a bar,","A nurse walked into a bar…  
*and ordered a drink. *  

The bartender said, “Sorry, we don’t serve nurses."
241,Nurse,"Finish the joke: A Nurse walked into a bar,","A nurse walked into a bar…  
and ordered a shot of *epinephrine*—because she heard the bartender was having anaphylaxis… *at happy hour*.   

😄 *(Bonus groan-worthy twist: She tipped with CPR compressions."
242,Nurse,"Finish the joke: A Nurse walked into a bar,","Sure! Here's a classic pun-based finish to that setup:

**A nurse walked into a bar… and ordered a *mixer*. **

*Why?*  
Because she was on *shift* — and what’s a bartender’s job if not to *take vitals*? 😄

*(Bonus groaner: She left when the bartender tried to draw blood—turns out he only served “alcohol-ics”!)*."
243,Nurse,"Finish the joke: A Nurse walked into a bar,","A nurse walked into a bar,  
and the bartender said, “Sorry, we don’t serve patients here. ”  
The nurse replied, *“I’m not here for treatment—I’m just here to check your vitals… and maybe your drink order!”* 💉🍸

*(Bonus groaner: She also handed out free hand sanitizer—*on the house*, of course."
244,Nurse,"Finish the joke: A Nurse walked into a bar,","A nurse walked into a bar…  
*and immediately started triaging the regulars. *  

*(Bonus groan-worthy alternative: …and ordered a ""shot and a title check."
245,Nurse,"Finish the joke: A Nurse walked into a bar,","A nurse walked into a bar…  
*and ordered a drink for the whole table. *  

**Why?**  
Because she was *on call*—and hospitality’s part of her shift! 🩺🍺  

*(Bonus groaner alternative if you prefer punny: “Because her shift just ended, and she needed something with *IV*y flavor!”)*."
246,Nurse,"Finish the joke: A Nurse walked into a bar,","A nurse walked into a bar…  
and ordered *two* shots.   
The bartender asked, “Two shots? That’s unusual."
247,Nurse,"Finish the joke: A Nurse walked into a bar,","A nurse walked into a bar and ordered a drink.   
The bartender said, *“Sorry, we don’t serve drunks."
248,Nurse,"Finish the joke: A Nurse walked into a bar,","A nurse walked into a bar…  
*and ordered a drink. *  
The bartender said, “Sorry, we don’t serve nurses."
249,Nurse,"Finish the joke: A Nurse walked into a bar,","Sure! Here's a classic-style punchline for that setup:

> **A nurse walked into a bar and ordered a shot of epinephrine. **  
> *The bartender looked up and said, “I’m sorry—do you have a prescription for that?”*  
> *The nurse smiled and said, “Nope—it’s for *me*."
250,Nurse,"Finish the joke: A Nurse walked into a bar,","A nurse walked into a bar…  
and ordered a drink.   
The bartender said, *“Coming right up—but just to be safe, is this for you or your patient?”* 😊  

*(Bonus groaner:*  
She looked at him and sighed, *“Relax—I’m off duty."
251,Nurse,"Finish the joke: A Nurse walked into a bar,","A Nurse walked into a bar…  
and ordered a *martini*—shaken, not stirred.   
The bartender raised an eyebrow and said, “Is that your usual treatment?”  
The nurse sighed and replied, “No, but I’m finally off the *nurse’s hold*!”  

*(Bonus groaner: She looked around and added, “And please—no needles in the olives."
252,Nurse,"Finish the joke: A Nurse walked into a bar,","A nurse walked into a bar…  
and ordered *two* shots—  
one for herself, and one for the patient she forgot to give meds to this morning.  🩺💊  

*(Bonus groan-worthy twist: The bartender said, “Sorry, no refills on the ‘I’m fine’ diagnosis."
253,Nurse,"Finish the joke: A Nurse walked into a bar,","A nurse walked into a bar…  
**and ordered a “pint of saline. ”**  
The bartender looked confused and said, *""Sorry, we don’t carry that—just beer, wine, and hard seltzer."
254,Nurse,"Finish the joke: A Nurse walked into a bar,","A nurse walked into a bar and ordered a drink.   
The bartender looked up and said, *""Sorry, we don’t serve your kind here."
255,Nurse,"Finish the joke: A Nurse walked into a bar,","Sure! Here's a classic-style continuation with a playful medical twist:

> **A nurse walked into a bar,  
> Ordered a drink,  
> And when asked how it was, replied:  
> *“It’s a *placebo*—but I’ll take two. ”***

饮品上桌后，护士喝了一口，轻声补充道：  
*“…just to be safe."
256,Nurse,"Finish the joke: A Nurse walked into a bar,","A nurse walked into a bar…  
and ordered a drink.   
The bartender said, *“Coming right up—but first, let me check your vitals."
257,Nurse,"Finish the joke: A Nurse walked into a bar,","A nurse walked into a bar,  
**and ordered a drink… then immediately started triaging the other patrons. **  
*“Okay, sir, you’re clutching your chest—let’s get you to the ER *after* this beer."
258,Nurse,"Finish the joke: A Nurse walked into a bar,","A Nurse walked into a bar,  
pulled up a stool, and said, *“I’ll have a shot of courage—and make it two.  One for me, one for the patient who’s still waiting in the ER."
259,Nurse,"Finish the joke: A Nurse walked into a bar,","Here's a classic and clean punchline for that setup:

> **A nurse walked into a bar.."
260,Nurse,"Finish the joke: A Nurse walked into a bar,","Sure! Here's a classic and lighthearted finish to that setup:

**A nurse walked into a bar…  
and ordered *“a little blood, please—O-negative!”*  
The bartender handed her a glass of red juice—and asked for her ID.  🩸**

*(Bonus alternative: She walked in, saw the sign “Happy Hour,” and said, “I’ll take a shot—but only if you’re qualified to draw it."
261,Nurse,"Finish the joke: A Nurse walked into a bar,","Here’s a classic, clean, and punchy finish for that setup:

> **A nurse walked into a bar…  
> *She ordered a drink—and a bandage. *  
> *The bartender said, “Sorry, we don’t serve your type."
262,Nurse,"Finish the joke: A Nurse walked into a bar,","Here's a classic, clean version with a clever pun twist:

> **A nurse walked into a bar and ordered a shot of *thymine*. **  
> The bartender said, ""Sorry, we don’t serve your type here."
263,Nurse,"Finish the joke: A Nurse walked into a bar,","Here's a classic, clean, and punchy finish for that setup:

> **A nurse walked into a bar.."
264,Nurse,"Finish the joke: A Nurse walked into a bar,","Here's a classic, clean, and funny finish to that setup:

> **A nurse walked into a bar.."
265,Nurse,"Finish the joke: A Nurse walked into a bar,","A nurse walked into a bar…  
—and ordered a *pulse*, a *temperature*, and a *blood pressure*…  
but when the bartender asked if she wanted ice in them, she sighed and said:  
**“Just make it a double—because today’s shift feels like triage. ”** 💉酒吧😄

*(Bonus groaner for extra points: The nurse then tried to pay with coupons… but the bartender said, “Sorry, we only take *cash*—no *co-pays*!”)*."
266,Nurse,"Finish the joke: A Nurse walked into a bar,","Sure! Here's a classic-style punchline for that setup:

**A Nurse walked into a bar, and ordered a drink…  
The bartender said, “Sorry—we don’t serve your kind here. ”  
She replied, *“Well, I’m not a doctor—but I *can* give you an injection of reality: You’re out of beer."
267,Nurse,"Finish the joke: A Nurse walked into a bar,","A nurse walked into a bar,  
and the bartender looked up and said, *“Sorry—we don’t serve your type here. ”*  
The nurse replied, *“What do you mean ‘my type’? I’m not looking for a date—I just need to draw blood before last call."
268,Nurse,"Finish the joke: A Nurse walked into a bar,","Here's a classic and lighthearted one for you:

> **A Nurse walked into a bar.."
269,Nurse,"Finish the joke: A Nurse walked into a bar,","A Nurse walked into a bar…  
and ordered a drink *on the house*—because she was *off duty*! 🩺🍸  

*(Bonus groan-worthy twist: She also told the bartender to ""draw the line at blood pressure meds. "" 😅)*."
270,Nurse,"Finish the joke: A Nurse walked into a bar,","A nurse walked into a bar…  
and ordered a *shot*—because she was on her **shift**! 🩺 bartender had her back ready, but the real *punchline* was that it was a *placebo*—she didn’t need pain relief, just caffeine and community.  😄  

*(Bonus groaner for the win: She left after one drink… because she already gave 10 units of alcohol elsewhere."
271,Nurse,"Finish the joke: A Nurse walked into a bar,","Sure! Here's a classic and lighthearted version:

**A nurse walked into a bar…  
and immediately asked, “What’s your diagnosis?”**

*(Bonus follow-up for extra fun:)*  
The bartender said, “I’m feeling a little *off*—headache, nausea, and I think I’ve been overworking my ‘spleen’. ”  
The nurse pulled out her stethoscope, listened carefully…  
then said, “Sounds like you need a **happy hour** prescription: One craft cocktail, two olives, and plenty of rest."
272,Nurse,"Finish the joke: A Nurse walked into a bar,","A nurse walked into a bar…  
and ordered a *vial* of tequila.   

*(The bartender said, “That’ll be $15—and don’t forget to sign your consent form!”)*  
😉."
273,Nurse,"Finish the joke: A Nurse walked into a bar,","A nurse walked into a bar…  
and ordered a drink.   
The bartender said, “Sorry, we don’t serve our patrons *after* hours."
274,Nurse,"Finish the joke: A Nurse walked into a bar,","A Nurse walked into a bar…  
and said, *“I’m here for the ‘vibe check’—but first, can I get a double shot of caffeine and a glass of water? And if anyone’s feeling faint, the exit’s to your left. ”*  

*(Bonus groaner: She tipped 100% because she knows good service is *nursing* the community."
275,Nurse,"Finish the joke: A Nurse walked into a bar,","A nurse walked into a bar…  
*and said, “I’ll have a shot—and two aspirin for my friend here. ”*  

*(The punchline plays on ""shot"" meaning both an alcoholic drink and an injection, plus the nurse’s instinct to treat “the friend”—a subtle nod to their职业 habit!)* 😊."
276,Nurse,"Finish the joke: A Nurse walked into a bar,","Sure! Here's a classic medical pun variation:

**A nurse walked into a bar and ordered a drink.   
The bartender said, “Sorry—we don’t serve your type."
277,Nurse,"Finish the joke: A Nurse walked into a bar,","A nurse walked into a bar…  
and ordered a *vial* of beer.   
The bartender looked surprised and said, “We don’t serve vials here."
278,Nurse,"Finish the joke: A Nurse walked into a bar,","A nurse walked into a bar and ordered a drink.   
The bartender said, “Sorry, we don’t serve your kind here."
279,Nurse,"Finish the joke: A Nurse walked into a bar,","Sure! Here's a classic-style twist ending for that setup:

> **A nurse walked into a bar… and ordered *two* pints—because she always double-checks her work. **

*(Bonus shorter version: “A nurse walked into a bar… and said, ‘Make mine a double—and check your vitals!’”)*

Let me know if you’d like it in a different tone (dark, punny, family-friendly, etc."
280,Nurse,"Finish the joke: A Nurse walked into a bar,","Sure! Here's a classic, clean, and funny continuation:

> **A nurse walked into a bar…**  
> *and said, “I’ll have a shot of penicillin—and make it strong!”*  

**Why it works:** It plays on the nurse’s medical knowledge (penicillin = antibiotic) and the bar context (""shot"" can mean either an alcohol drink or an injection), plus the punny twist that *penicillin* is literally meant to be “strong” to fight infection. 

Want a different vibe—more sarcastic, dad-joke style, or even a setup with a doctor? 😊."
281,Nurse,"Finish the joke: A Nurse walked into a bar,","Here's a classic, clean, and punchy version of that setup:

> **A nurse walked into a bar.."
282,Nurse,"Finish the joke: A Nurse walked into a bar,","A nurse walked into a bar…  
and ordered a shot of *epinephrine*—  
because she heard the bartender was *flatlining*.  💉🍺

*(Bonus groan-worthy alternative:)*  
She also asked for *one for the road*…  
…because she had *two weeks’ notice* and needed to decompress."
283,Nurse,"Finish the joke: A Nurse walked into a bar,","A nurse walked into a bar…  
and ordered a drink for *every* patient she’d treated that day.   
The bartender said, “That’ll be $47."
284,Nurse,"Finish the joke: A Nurse walked into a bar,","Here's a classic and clean punchline for that setup:

> **A Nurse walked into a bar.."
285,Nurse,"Finish the joke: A Nurse walked into a bar,","A nurse walked into a bar,  
ordered a drink…  
and when it came to her turn at the tip jar,  
she said, *“Keep the change—you’ve earned it!”*  

*(Bonus groaner for extra credit:)*  
She then leaned in and whispered, *“But if I see one more ‘nurse joke’ on the menu… I’m calling a code blue. ”* 😄."
286,Nurse,"Finish the joke: A Nurse walked into a bar,","A nurse walked into a bar,  
pulled up a stool, and said,  
*""I’ll have an IV of your best beer—on the house!""*  

 bartender blinked.   
She added, *""Don’t worry—I’ll draw blood if you try to overcharge me."
287,Nurse,"Finish the joke: A Nurse walked into a bar,","A nurse walked into a bar…  
and ordered a drink.   
The bartender said, *""Sorry—no cards accepted here."
288,Nurse,"Finish the joke: A Nurse walked into a bar,","Here's a classic and clean punchline for that setup:

> **A nurse walked into a bar.."
289,Nurse,"Finish the joke: A Nurse walked into a bar,","A nurse walked into a bar…  
and ordered a *shot*—because she was feeling *low on potassium*! 🩺🍷  

*(Bonus groan-worthy alternative:*  
*A nurse walked into a bar and said, “I’ll have a pint, please. ”  
The bartender asked, “Just one?”  
She sighed: “No, two—my blood pressure’s still in the red!”*)."
290,Nurse,"Finish the joke: A Nurse walked into a bar,","A Nurse walked into a bar…  
and said, *“I’ll have a shot—and I’ll take your vitals too!”*  
The bartender sighed.   
*“We don’t do house calls here."
291,Nurse,"Finish the joke: A Nurse walked into a bar,","Here's a classic, clean punchline that fits perfectly:

> **A nurse walked into a bar…  
> and ordered a drink *for* the doctor—because she knew he’d be *shock* therapy for anyone who tried to hit on her. **

### Why it works:
- **Wordplay**: ""Shock"" references both electrical shock therapy (used in medicine) and the nurse’s bold reaction (""shock"" as in surprise/outrage)."
292,Nurse,"Finish the joke: A Nurse walked into a bar,","A nurse walked into a bar and ordered a drink.   
The bartender looked at her uniform and said, “Sorry—I can’t serve you."
293,Nurse,"Finish the joke: A Nurse walked into a bar,","A nurse walked into a bar…  
and ordered a drink.   

The bartender said, *“Sorry, we don’t serve patients here."
294,Nurse,"Finish the joke: A Nurse walked into a bar,","Here’s a classic, clean, and funny punchline for that setup:

> **A nurse walked into a bar.."
295,Nurse,"Finish the joke: A Nurse walked into a bar,","Sure! Here's a classic, lighthearted version:

> **A nurse walked into a bar… and ordered a *vibe check*—because she was feeling a little *hypotensive*. **  
> *(She also asked for the Wi-Fi password—turns out it’s “pain-relief”)* 😄

Want it punchier, punnier, or in a different style? I’ve got plenty!."
296,Nurse,"Finish the joke: A Nurse walked into a bar,","A nurse walked into a bar…  
and ordered a drink for *every* patient she’d treated that day—  
**but the bartender said, “I can’t serve you.  You’re not old enough to be drinking on duty!”**  

*(Bonus groaner: She pulled out her stethoscope and said, “Call me when you’re ready to listen to your heart… and your license."
297,Nurse,"Finish the joke: A Nurse walked into a bar,","A nurse walked into a bar…  
*and ordered a drink. *  
The bartender said, “Sorry—we don’t serve alcohol to patients."
298,Nurse,"Finish the joke: A Nurse walked into a bar,","A nurse walked into a bar…  
*and ordered a drink. *  
The bartender said, “Sorry, we don’t serve alcohol to people who might need resuscitation."
299,Nurse,"Finish the joke: A Nurse walked into a bar,","A nurse walked into a bar and ordered a drink.   
The bartender said, *“Sorry, we don’t serve drunks."
300,Nurse,"Finish the joke: A Nurse walked into a bar,","Here's a classic and lighthearted punchline for that setup:

> **A nurse walked into a bar.."
301,Nurse,"Describe what to expect when planning a trip with a Nurse,","Planning a trip with a nurse—whether it's for medical tourism, disability accommodation, senior travel, or health-focused wellness retreats—can significantly enhance safety, comfort, and overall success of the journey.  Here’s what to expect:

### 1."
302,Nurse,"Describe what to expect when planning a trip with a Nurse,","Planning a trip *with* a nurse—whether you're traveling as a patient, caregiver, or simply prefer having medical support on hand—differs significantly from standard travel planning.  Here’s what to expect, broken down by key areas:

### ✅ **1."
303,Nurse,"Describe what to expect when planning a trip with a Nurse,","Planning a trip *with* a nurse (rather than *as* a nurse or for medical reasons) can significantly enhance your travel experience—especially if you or your companions have health considerations.  Here’s what to expect:

### 1."
304,Nurse,"Describe what to expect when planning a trip with a Nurse,","Planning a trip *with* a nurse—as in, having a registered nurse (RN) or advanced practice provider (APRN) travel with you—adds significant health and safety considerations.  This is common for travelers with complex medical needs, chronic conditions, or those traveling to remote/high-risk destinations."
305,Nurse,"Describe what to expect when planning a trip with a Nurse,","Planning a trip with a **nurse**—whether they’re a travel nurse assigned to accompany you for medical support, a family member who’s a nurse helping with logistics, or a professional care provider—are you referring to one of the following scenarios? I’ll cover the most common interpretations so you know what to expect:

---

### 1.  **Hiring a Nurse as a Travel Companion (for Medical Support)**
This is often done for individuals with chronic conditions, disabilities, or recovery needs who want to travel safely."
306,Nurse,"Describe what to expect when planning a trip with a Nurse,","Planning a trip with a nurse—whether it’s for travel nursing, medical tourism, senior companion care, or companionship during recovery—differs significantly from typical travel planning.  Here’s what to expect depending on the context:

### 1."
307,Nurse,"Describe what to expect when planning a trip with a Nurse,",When you plan a trip **with a nurse**—whether it’s for yourself (e. g.
308,Nurse,"Describe what to expect when planning a trip with a Nurse,","When planning a trip **with a nurse**—whether they're serving as a travel companion, medical escort, or part of a specialized care service—you can expect enhanced safety, proactive health management, and personalized support.  Here’s what to anticipate:

### 1."
309,Nurse,"Describe what to expect when planning a trip with a Nurse,","Planning a trip *with* a nurse—whether they're your personal care provider, a travel nurse companion, or part of a medical tour group—differs significantly from standard travel planning due to health considerations.  Here’s what you can generally expect:

### 1."
310,Nurse,"Describe what to expect when planning a trip with a Nurse,","When planning a trip *with* a nurse—whether they're traveling as your companion, hired care provider, or part of a medical tourism package—you can expect several key considerations focused on safety, health management, and personalized support.  Here’s what to anticipate:

### 1."
311,Nurse,"Describe what to expect when planning a trip with a Nurse,","Planning a trip with a nurse—whether they’re your personal care provider, a travel nurse you’ve hired, or part of a medical escort service—requires extra consideration for safety, health management, and emergency preparedness.  Here’s what to expect during the planning process:

### 🩺 1."
312,Nurse,"Describe what to expect when planning a trip with a Nurse,","When planning a trip with a **nurse**, it’s important to clarify *who* the nurse is and their role in your travel plans.  Here are two common interpretations—and what to expect in each case:

---

### 🩺 1."
313,Nurse,"Describe what to expect when planning a trip with a Nurse,","Planning a trip with a **nurse**—whether they're your personal healthcare provider, a travel nurse, or part of a medical support team—differs significantly from standard travel planning due to health considerations, safety protocols, and potential clinical needs.  Here’s what you can expect:

---

### 🩺 1."
314,Nurse,"Describe what to expect when planning a trip with a Nurse,","Planning a trip with a nurse—whether it’s for personal travel with your own RN companion, a medical escort service, or as part of a specialized travel program—differs significantly from standard vacation planning.  Here's what to expect, depending on the context:

---

### 1."
315,Nurse,"Describe what to expect when planning a trip with a Nurse,","Planning a trip **with a nurse**—whether you're the traveler or the nurse—requires thoughtful coordination to ensure safety, comfort, and health support.  Here’s what to expect, depending on your role:

---

### 🧑‍⚕️ **If You Are the Traveler (E."
316,Nurse,"Describe what to expect when planning a trip with a Nurse,","Planning a trip **with a nurse**—whether they’re your personal care provider, an agency nurse, or a travel nurse joining you for medical support—requires thoughtful preparation to ensure safety, comfort, and compliance with healthcare regulations.  Here’s what to expect:

---

### 🩺 1."
317,Nurse,"Describe what to expect when planning a trip with a Nurse,","When planning a trip *with* a nurse—whether they're your personal healthcare provider, a travel companion who’s a licensed nurse, or part of a specialized medical tourism or wellness program—here's what you can generally expect:

### 1.  **Pre-Trip Health Assessment & Risk Evaluation**
- The nurse will likely conduct or review a health assessment (medical history, current medications, allergies, chronic conditions)."
318,Nurse,"Describe what to expect when planning a trip with a Nurse,","Planning a trip *with* a nurse—either as a traveling companion who is a licensed professional or in the context of healthcare/travel nursing—is quite different from planning a typical vacation.  Here’s what to expect, broken down by scenario:

---

### 🩺 **1."
319,Nurse,"Describe what to expect when planning a trip with a Nurse,","Planning a trip *with* a nurse—whether it’s a companion, medical escort, or traveling as part of a health-focused group (e. g."
320,Nurse,"Describe what to expect when planning a trip with a Nurse,","Planning a trip *with* a nurse—or hiring/working alongside a nurse as part of your travel plan—can significantly enhance safety, health management, and overall comfort, especially for longer journeys, international travel, or if you or fellow travelers have medical needs.  Here's what to expect, depending on the context:

---

### 🧑‍⚕️ **1."
321,Nurse,"Describe what to expect when planning a trip with a Nurse,","Planning a trip *with* a nurse—whether it's for medical tourism, health-focused wellness travel, senior companionship, or specialized care—differs significantly from standard vacation planning.  Here’s what you can generally expect, depending on the context:

### 1."
322,Nurse,"Describe what to expect when planning a trip with a Nurse,","Planning a trip “with a nurse” can mean different things depending on context—so let’s clarify the most common interpretations and what to expect in each:

### 1.  **Traveling as a Nurse (e."
323,Nurse,"Describe what to expect when planning a trip with a Nurse,","When planning a trip “with a nurse”—whether you mean traveling *as* a nurse, hiring a private-duty nurse for medical support, or traveling *for* medical care—the expectations and preparations vary significantly.  Below are the most common interpretations and what to expect in each scenario:

---

### 🩺 1."
324,Nurse,"Describe what to expect when planning a trip with a Nurse,","Planning a trip with a nurse—whether it’s a professional healthcare provider (like a travel nurse) or a medically trained companion—adds a layer of health and safety support that can significantly enhance the experience, especially for individuals with health concerns, older adults, or those traveling to remote or high-risk destinations.  Here's what to expect:

### 1."
325,Nurse,"Describe what to expect when planning a trip with a Nurse,","Planning a trip with a nurse—whether for personal support, medical care, or as part of a group or corporate wellness program—requires thoughtful coordination.  Here's what to expect:

### 1."
326,Nurse,"Describe what to expect when planning a trip with a Nurse,","Planning a trip *with* a nurse—either as part of a medical escort service, senior travel group, or traveling alongside your own personal nurse—means prioritizing health and safety while still enjoying the journey.  Here’s what to expect:

### ✅ **1."
327,Nurse,"Describe what to expect when planning a trip with a Nurse,","Planning a trip with a **nurse**—whether you’re hiring one for medical support, traveling as part of a nursing group (e. g."
328,Nurse,"Describe what to expect when planning a trip with a Nurse,","Planning a trip “with a nurse” can mean different things depending on context—here’s a breakdown of what to expect in several common scenarios:

---

### 1.  **Traveling as a Patient With an Assigned Nurse (e."
329,Nurse,"Describe what to expect when planning a trip with a Nurse,","Planning a trip “with a nurse” can mean different things depending on the context.  Below are common interpretations and what to expect in each scenario:

---

### 1."
330,Nurse,"Describe what to expect when planning a trip with a Nurse,","Planning a trip with a **nurse**—especially if they are your personal healthcare provider, a travel nurse, or accompanying you as a medical companion—differs significantly from typical travel planning.  Here’s what to expect:

### 1."
331,Nurse,"Describe what to expect when planning a trip with a Nurse,","Planning a trip with a nurse—whether it’s a family member, travel companion, or hired professional—can significantly enhance safety, comfort, and health management, especially for individuals with chronic conditions, mobility needs, or who are traveling to remote/demanding destinations.  Here's what to expect:

### 1."
332,Nurse,"Describe what to expect when planning a trip with a Nurse,",Planning a trip with a nurse—whether it’s for personal travel (e. g.
333,Nurse,"Describe what to expect when planning a trip with a Nurse,","Planning a trip *with* a nurse—as in, traveling alongside or alongside a professional who is also a registered nurse—can be an exciting and supportive experience.  However, depending on the context, “planning a trip **with a nurse**” might also mean working *with* a nurse as part of travel planning (e."
334,Nurse,"Describe what to expect when planning a trip with a Nurse,","When planning a trip *with* a nurse—whether it’s for travel nursing, group medical volunteering, wellness retreats, or companionship—you can expect a unique blend of practical support, health expertise, and enhanced safety.  Here’s what to anticipate across several key areas:

### 1."
335,Nurse,"Describe what to expect when planning a trip with a Nurse,","Planning a trip *with* a nurse—whether it's a personal care attendant, a travel nurse companion, or a friend/family member who is a registered nurse—can significantly enhance safety, comfort, and peace of mind.  Here’s what to expect:

### ✅ **1."
336,Nurse,"Describe what to expect when planning a trip with a Nurse,","When planning a trip *with* a nurse—as in traveling alongside or accompanied by a registered nurse (RN) or licensed practical/vocational nurse (LPN/LVN)—the experience will likely be shaped by their clinical expertise, attention to detail, and focus on safety and well-being.  Here’s what you can generally expect, depending on the context (e."
337,Nurse,"Describe what to expect when planning a trip with a Nurse,","Planning a trip *with* a nurse—whether as a travel companion, hired healthcare professional, or part of a medical tourism or senior care service—differs significantly from typical travel planning.  Here’s what you can generally expect, depending on the context:

### 1."
338,Nurse,"Describe what to expect when planning a trip with a Nurse,","Planning a trip with a **nurse**—whether as part of a medical tourism group, a wellness retreat, or for personal health support—requires careful coordination to ensure safety, comfort, and continuity of care.  Here’s what you can generally expect, depending on the context:

---

### 🩺 1."
339,Nurse,"Describe what to expect when planning a trip with a Nurse,","Planning a trip with a nurse—whether they're your personal healthcare provider, a travel nurse, or a nurse who’s assisting with medical needs during travel—offers unique advantages and considerations.  Here's what you can generally expect, depending on the context:

### 1."
340,Nurse,"Describe what to expect when planning a trip with a Nurse,","When planning a trip “with a nurse,” the meaning can vary depending on context.  Here are the most common interpretations—and what you can expect in each case:

---

### 1."
341,Nurse,"Describe what to expect when planning a trip with a Nurse,","Planning a trip *with* a nurse—whether as part of a medical tourism group, a wellness retreat, a specialized travel service (like senior-friendly or medically supported tours), or even just traveling alongside a nursing professional—offers unique benefits and considerations.  Here’s what to expect:

---

### ✅ **Key Benefits You Can Expect**
1."
342,Nurse,"Describe what to expect when planning a trip with a Nurse,","When planning a trip **with a nurse**—whether as a travel companion, hired professional (e. g."
343,Nurse,"Describe what to expect when planning a trip with a Nurse,","Planning a trip **with a nurse**—whether you’re traveling as a patient, a caregiver, or for work (e. g."
344,Nurse,"Describe what to expect when planning a trip with a Nurse,","Planning a trip **with** a nurse—or perhaps more accurately, *as* a nurse—is quite different from planning a typical vacation.  Here’s what you can generally expect, depending on your role and goals:

---

### 🩺 If You're Planning a Trip *As a Nurse* (e."
345,Nurse,"Describe what to expect when planning a trip with a Nurse,","Planning a trip with a nurse—whether it's for yourself, a loved one, or as part of a specialized medical tourism or wellness program—requires thoughtful preparation.  Here’s what you can generally expect, depending on the role and context of the nurse:

### 1."
346,Nurse,"Describe what to expect when planning a trip with a Nurse,","Planning a trip with a nurse—whether it’s for personal health support, as part of medical tourism, or through a specialized service like a *nurse travel agency*—involves unique considerations compared to standard travel.  Here's what you can generally expect:

### 1."
347,Nurse,"Describe what to expect when planning a trip with a Nurse,",Planning a trip *with* a nurse (e. g.
348,Nurse,"Describe what to expect when planning a trip with a Nurse,",Planning a trip with a **nurse**—whether you're traveling for medical reasons (e. g.
349,Nurse,"Describe what to expect when planning a trip with a Nurse,",Planning a trip with a nurse—especially if you're traveling with a **nurse as a companion** (e. g.
350,Nurse,"Describe what to expect when planning a trip with a Nurse,","When planning a trip with a **registered nurse (RN)**—whether it’s for medical support, companionship, or health-focused travel—there are unique considerations and benefits to anticipate.  Here’s a realistic overview of what to expect:

---

### ✅ **1."
351,Nurse,"Describe what to expect when planning a trip with a Nurse,","Planning a trip with a nurse—whether for personal support during travel, as part of a medical tourism package, or as a professional traveler (e. g."
352,Nurse,"Describe what to expect when planning a trip with a Nurse,",When planning a trip *with* a nurse (e. g.
353,Nurse,"Describe what to expect when planning a trip with a Nurse,",Planning a trip with a **nurse**—whether you're traveling with your own nurse (e. g.
354,Nurse,"Describe what to expect when planning a trip with a Nurse,",Planning a trip with a nurse—whether it's for medical support during travel (e. g.
355,Nurse,"Describe what to expect when planning a trip with a Nurse,","Planning a trip with a nurse—whether it’s for companionship, health support, or specialized care—can be highly beneficial and calming, especially if you or a loved one has medical needs.  Here's what to expect:

### 1."
356,Nurse,"Describe what to expect when planning a trip with a Nurse,","Planning a trip with a nurse—whether for personal health support, as part of a medical tourism program, or through specialized travel services—can significantly enhance safety, comfort, and continuity of care.  Here’s what to expect:

### 1."
357,Nurse,"Describe what to expect when planning a trip with a Nurse,","Planning a trip with a nurse—whether it’s for yourself, a loved one, or as part of a medical tourism or wellness journey—can significantly enhance safety, comfort, and health outcomes.  Here's what to expect:

### 1."
358,Nurse,"Describe what to expect when planning a trip with a Nurse,","Planning a trip *with* a nurse—rather than hiring one—typically means you're traveling alongside or in coordination with a registered nurse (RN) or licensed practical nurse (LPN), perhaps as a travel companion for medical support, shared interests, or partnership (e. g."
359,Nurse,"Describe what to expect when planning a trip with a Nurse,","Planning a trip with a nurse—whether it’s for travel nursing, medical tourism, senior/elderly companionship, or health-conscious adventure travel—means integrating healthcare considerations into every stage of your itinerary.  Here’s what to expect:

### 1."
360,Nurse,"Describe what to expect when planning a trip with a Nurse,","Planning a trip with a nurse—whether it’s for personal health support, companionship during medical treatment, or as part of a specialized travel service (like medical tourism or senior care coordination)—can significantly enhance safety, comfort, and overall experience.  Here’s what to expect:

### 1."
361,Nurse,"Describe what to expect when planning a trip with a Nurse,","Planning a trip with a nurse—whether they’re your personal healthcare provider, a travel health specialist (like a nurse practitioner or registered nurse with travel medicine training), or part of a medical tourism service—means prioritizing safety, health preparation, and continuity of care.  Here’s what to expect:

---

### 🩺 **1."
362,Nurse,"Describe what to expect when planning a trip with a Nurse,","Planning a trip with a nurse—whether it’s for yourself, a loved one, or as part of medical tourism or wellness travel—requires thoughtful coordination to ensure safety, comfort, and continuity of care.  Here’s what you can generally expect:

---

### 🔹 **1."
363,Nurse,"Describe what to expect when planning a trip with a Nurse,","Planning a trip *with* a nurse—as opposed to a nurse traveling for work—typically means you're considering professional medical support during your travels.  Here’s what to expect:

### 1."
364,Nurse,"Describe what to expect when planning a trip with a Nurse,","Planning a trip with a **nurse**—whether they're your personal healthcare provider, a traveling nurse working on assignment, or part of a medical team accompanying you (e. g."
365,Nurse,"Describe what to expect when planning a trip with a Nurse,",Planning a trip with a nurse—whether you're traveling *with* a nurse as your healthcare companion or hiring/arranging for one to accompany you (e. g.
366,Nurse,"Describe what to expect when planning a trip with a Nurse,","Planning a trip *with* a nurse—whether as part of medical tourism, senior travel, adventure travel, or for personal health support—differs significantly from standard trip planning due to the need for health considerations, safety protocols, and potential clinical services.  Here’s what to expect, depending on context:

---

### 🩺 **1."
367,Nurse,"Describe what to expect when planning a trip with a Nurse,","Planning a trip with a nurse—whether it's for medical tourism, escorted senior travel, post-surgery recovery support, or health-conscious vacationing—differs significantly from typical travel planning.  Here’s what you can generally expect:

### 1."
368,Nurse,"Describe what to expect when planning a trip with a Nurse,","Planning a trip *with* a nurse—or planning a trip where you’ll have nursing support—depends on the context.  Below are two common interpretations, and what to expect in each scenario:

---

### **1."
369,Nurse,"Describe what to expect when planning a trip with a Nurse,","Planning a trip *with* a nurse—or perhaps more accurately, **planning a trip *as* or *for* a nurse**—can mean a few different things.  Here’s a breakdown of what to expect depending on the context, along with key considerations for each scenario:

---

### 1."
370,Nurse,"Describe what to expect when planning a trip with a Nurse,","Planning a trip *with* a nurse (rather than just hiring one) typically means you’re traveling alongside someone who is trained in clinical care—perhaps for medical tourism, long-term travel with health considerations, or accompany a loved one.  Here's what to expect, broken down by key areas:

### 🩺 1."
371,Nurse,"Describe what to expect when planning a trip with a Nurse,",Planning a trip **with** a nurse—either as part of a healthcare-focused group tour (e. g.
372,Nurse,"Describe what to expect when planning a trip with a Nurse,",When planning a trip *with* a nurse—whether it’s for personal health support (e. g.
373,Nurse,"Describe what to expect when planning a trip with a Nurse,","Planning a trip with a nurse—whether it’s for travel health preparation, medical support during travel, or companionship due to a health condition—can significantly enhance safety, comfort, and peace of mind.  Here’s what you can generally expect, depending on the role and context:

### 1."
374,Nurse,"Describe what to expect when planning a trip with a Nurse,","Planning a trip with a nurse—whether it’s for personal health support, as part of medical tourism, or for caregiving purposes—requires thoughtful preparation.  Here's what you can generally expect, depending on the context:

### 1."
375,Nurse,"Describe what to expect when planning a trip with a Nurse,",Planning a trip with a nurse—whether as a travel companion (e. g.
376,Nurse,"Describe what to expect when planning a trip with a Nurse,","Planning a trip with a nurse—whether it’s a companion, caregiver, or a professional healthcare provider traveling with you—adds both valuable support and unique considerations.  Here's what to expect, depending on the nature of the nurse’s role:

### 1."
377,Nurse,"Describe what to expect when planning a trip with a Nurse,","Planning a trip with a nurse—whether as your travel companion, hired health support, or part of a medical tourism or specialized wellness program—involves unique considerations focused on safety, health management, and continuity of care.  Here’s what you can generally expect:

### 1."
378,Nurse,"Describe what to expect when planning a trip with a Nurse,","Planning a trip with a nurse—whether it’s a travel nurse, your personal nurse (e. g."
379,Nurse,"Describe what to expect when planning a trip with a Nurse,","Planning a trip with a nurse—whether they’re your personal healthcare provider, a travel nurse, or part of a medical escort service—adds a layer of health-focused support and peace of mind.  Here’s what you can generally expect, depending on the context:

### 1."
380,Nurse,"Describe what to expect when planning a trip with a Nurse,","Planning a trip with a nurse—whether they’re your personal care provider, a travel nurse assigned for medical support, or part of a specialized medical escort service—requires thoughtful preparation to ensure safety, comfort, and continuity of care.  Here’s what to expect:

### 1."
381,Nurse,"Describe what to expect when planning a trip with a Nurse,","Planning a trip *with* a nurse—whether they’re your personal healthcare provider, a travel health specialist, or part of a medical tourism or wellness program—differs significantly from standard travel planning.  Here’s what you can generally expect:

### 1."
382,Nurse,"Describe what to expect when planning a trip with a Nurse,","Planning a trip with a nurse—whether it’s a vacation, medical travel, or a caregiving journey—can be incredibly rewarding but also requires thoughtful preparation.  Here's what you can generally expect, depending on the context:

### 1."
383,Nurse,"Describe what to expect when planning a trip with a Nurse,","Planning a trip *with* a nurse (as opposed to *for* a nurse) typically implies you’re seeking medical support or health-conscious travel coordination—either because you have specific health needs, are traveling for medical care, or want the added peace of mind of professional health oversight.  Here’s what to expect:

### 1."
384,Nurse,"Describe what to expect when planning a trip with a Nurse,","Planning a trip *with* a nurse—whether they’re a travel companion, hired health support, or part of a medical escort service—differs significantly from typical travel planning.  Here’s what to expect, depending on the context:

### 1."
385,Nurse,"Describe what to expect when planning a trip with a Nurse,","When planning a trip *with* a nurse—whether it’s a personal travel companion, a healthcare professional on assignment (like for medical tourism or remote work), or even a friend/family member who happens to be a nurse—you can generally expect enhanced health preparedness, proactive safety measures, and practical support.  Here’s what to anticipate:

### ✅ **1."
386,Nurse,"Describe what to expect when planning a trip with a Nurse,","Planning a trip **with** a nurse—whether they’re a traveling nurse, your personal healthcare provider, or part of a medical support team—requires special considerations to ensure safety, comfort, and continuity of care.  Here’s what to expect, depending on the context:

---

### 🧑‍⚕️ 1."
387,Nurse,"Describe what to expect when planning a trip with a Nurse,","When planning a trip with a **nurse**—whether it’s for medical support, companionship, or as part of a specialized travel service—you should consider several important aspects depending on the nurse’s role, the traveler’s health needs, and the nature of the trip.  Here's what to generally expect:

### 1."
388,Nurse,"Describe what to expect when planning a trip with a Nurse,","When planning a trip with a nurse—especially if you or a loved one has health needs—there are several important considerations to ensure safety, comfort, and continuity of care.  Here’s what to expect:

### 1."
389,Nurse,"Describe what to expect when planning a trip with a Nurse,","Planning a trip with a **nurse**—whether as part of a medical tourism package, wellness retreat, travel health consultation, or companionship service—differs significantly from standard vacation planning due to health and safety considerations.  Here’s what to expect:

---

### ✅ **1."
390,Nurse,"Describe what to expect when planning a trip with a Nurse,","Planning a trip with a nurse—whether as part of a medical tourism package, a wellness retreat, or a specialized health-focused travel service—offers unique benefits and considerations.  Here’s what you can generally expect:

### 1."
391,Nurse,"Describe what to expect when planning a trip with a Nurse,","Planning a trip with a nurse—whether they’re your personal healthcare provider, a travel nurse, or a nurse accompanying you for medical support—differs from standard travel planning due to health considerations, safety protocols, and potential medical needs.  Here’s what to expect:

### 1."
392,Nurse,"Describe what to expect when planning a trip with a Nurse,","When you plan a trip *with* a nurse—whether it’s for companionship during medical travel, an assisted vacation for someone with health needs, or as part of a specialized wellness program—you can expect enhanced safety, continuity of care, and peace of mind.  Here's what to realistically anticipate:

### ✅ **Pre-Trip Planning & Coordination**
- **Health Assessment**: The nurse will review your (or your loved one’s) medical history, current medications, allergies, diagnoses, and mobility needs."
393,Nurse,"Describe what to expect when planning a trip with a Nurse,","Planning a trip “with a nurse” can mean several things—so let’s break it down clearly.  Here’s what to expect depending on the context:

---

### 🩺 1."
394,Nurse,"Describe what to expect when planning a trip with a Nurse,","When planning a trip *with* a nurse—whether it’s a travel companion who is a licensed nursing professional, or you’re hiring or arranging for a nurse to accompany you (e. g."
395,Nurse,"Describe what to expect when planning a trip with a Nurse,","When planning a trip “with a nurse,” it’s important to clarify the context—this could mean several different scenarios.  Below are common interpretations and what to expect in each case:

---

### 1."
396,Nurse,"Describe what to expect when planning a trip with a Nurse,","Planning a trip with a **nurse**—whether they’re your personal nurse, a travel nurse assigned for medical support, or a family member who is a licensed nurse—can significantly enhance safety, comfort, and health management during your journey.  Here’s what to expect, organized by category:

---

### 🩺 **1."
397,Nurse,"Describe what to expect when planning a trip with a Nurse,","Planning a trip with a nurse—whether as part of a medical mission, volunteer effort, clinical rotation, or personal travel for health support—differs significantly from standard vacation planning.  Here’s what to expect, depending on the context:

### 1."
398,Nurse,"Describe what to expect when planning a trip with a Nurse,","Planning a trip *with* a nurse—whether it’s for you, a loved one who requires medical support, or even as part of specialized travel (e. g."
399,Nurse,"Describe what to expect when planning a trip with a Nurse,","Planning a trip “with a nurse” can be interpreted in two main ways—so let’s clarify both, since expectations differ significantly:

---

### 🩺 **1.  If You’re Hiring or Bringing a *Professional Nurse* (e."
400,Nurse,"Describe what to expect when planning a trip with a Nurse,","When you plan a trip **with** a nurse—whether they’re your personal healthcare provider, a travel nurse companion, or part of a medical support team—you can expect a higher level of health-conscious planning, proactive safety measures, and personalized care.  Here’s what to anticipate:

### 🩺 1."
401,Nurse,Write a 100 word story about a Nurse,The night shift hummed with beeps and whispers.  Nurse Elena adjusted Mrs.
402,Nurse,Write a 100 word story about a Nurse,"The night shift hummed with quiet urgency.  Nurse Elena moved through the dim ward, her shoes silent on the linoleum."
403,Nurse,Write a 100 word story about a Nurse,"The fluorescent lights hummed as Nurse Elena adjusted the IV drip—*slow, steady*.  Mr."
404,Nurse,Write a 100 word story about a Nurse,The fluorescent hum was the only sound in Room 3.  Nurse Anya knelt beside Mr.
405,Nurse,Write a 100 word story about a Nurse,The midnight shift hummed with quiet urgency.  Nurse Anya adjusted the IV drip on Mr.
406,Nurse,Write a 100 word story about a Nurse,The midnight shift hummed with beeping monitors and the soft shush of the HVAC.  Nurse Anya adjusted Mrs.
407,Nurse,Write a 100 word story about a Nurse,"The alarm blared—Code Blue, Room 3.  Nurse Elena sprinted down the hall, her scrubs whispering against the linoleum."
408,Nurse,Write a 100 word story about a Nurse,"The midnight shift hummed—the soft beeping of monitors, the rustle of starched sheets.  Nurse Elena moved silently between beds, her worn sneakers whispering against linoleum."
409,Nurse,Write a 100 word story about a Nurse,"The night shift hummed—beeps, footsteps, the low murmur of monitors.  Nurse Aris checked Mr."
410,Nurse,Write a 100 word story about a Nurse,"The midnight shift hummed—a symphony of beeps, footsteps, and hushed murmurs.  Nurse Anya moved through the ICU with quiet precision: adjusting IVs, checking monitors, smoothing fever-dampened hair on a trembling child."
411,Nurse,Write a 100 word story about a Nurse,The fluorescent hum of the night shift was the only sound besides Mrs.  Henderson’s labored breathing.
412,Nurse,Write a 100 word story about a Nurse,The fluorescent hum was the only sound in Room 3B.  Nurse Anya knelt beside Mr.
413,Nurse,Write a 100 word story about a Nurse,"The night shift hummed with quiet urgency.  Nurse Elena moved through the dimly lit corridor, her worn sneakers whispering on linoleum."
414,Nurse,Write a 100 word story about a Nurse,The midnight shift hummed with quiet urgency.  Nurse Elena adjusted Mrs.
415,Nurse,Write a 100 word story about a Nurse,"Martha’s hands, steady despite the night shift, adjusted the IV drip.  Rain lashed the hospital window, mirroring the storm inside Mrs."
416,Nurse,Write a 100 word story about a Nurse,"The night shift hummed—monitors beeped, the air smelled of antiseptic and exhaustion.  Nurse Elena moved silently between beds, her reflection ghostly in the darkened window."
417,Nurse,Write a 100 word story about a Nurse,"The midnight shift hummed—monitors beeped, IVs dripped.  Nurse Elena moved silently, her worn sneakers whispering on linoleum."
418,Nurse,Write a 100 word story about a Nurse,The fluorescent hum was the only sound in Room 3.  Nurse Elena adjusted Mrs.
419,Nurse,Write a 100 word story about a Nurse,"The midnight shift hummed with beeping monitors and the quiet rhythm of life sustaining itself.  Nurse Anya moved silently through the dim ward, her scrubs soft against the linoleum."
420,Nurse,Write a 100 word story about a Nurse,"The night shift hummed—monitors beeped, the air smelled of antiseptic and exhaustion.  Nurse Anya moved through the quiet chaos, her worn clogs whispering on linoleum."
421,Nurse,Write a 100 word story about a Nurse,"The fluorescent lights hummed as Nurse Aris adjusted Mrs.  Henderson’s oxygen mask, her hands steady despite the 14-hour shift."
422,Nurse,Write a 100 word story about a Nurse,"The midnight shift hummed—the steady beep of monitors, the soft rustle of sheets.  Nurse Elena moved like a shadow through the quiet ward, her worn sneakers whispering against linoleum."
423,Nurse,Write a 100 word story about a Nurse,"The midnight shift hummed with the low thrum of monitors and the soft sigh ofventilators.  Nurse Elena moved silently, her slippers whispering on the linoleum."
424,Nurse,Write a 100 word story about a Nurse,"The night shift hummed—monitors beeped, footsteps echoed.  Nurse Anya moved through the quiet ward like a shadow with purpose, checking vitals, adjusting IV drips."
425,Nurse,Write a 100 word story about a Nurse,"The night shift hummed—monitors beeped, vents sighed.  Nurse Elena adjusted Mrs."
426,Nurse,Write a 100 word story about a Nurse,"The midnight shift hummed—the beep of monitors, the sigh of vents.  Nurse Elena moved quietly between beds, her scrubs whispering against the linoleum."
427,Nurse,Write a 100 word story about a Nurse,"Maya adjusted her scrubs, the familiar scent of antiseptic and faint lavender hand cream grounding her.  In Room 4, Mr."
428,Nurse,Write a 100 word story about a Nurse,"The night shift hummed—beeps, whispers, the faint scent of antiseptic.  Nurse Elena moved silently past rows of beds, her worn sneakers whispering on linoleum."
429,Nurse,Write a 100 word story about a Nurse,"The night shift hummed—monitors beeped, IVs dripped.  Nurse Anya moved silently among the shadows, her worn badge gleaming under the emergency light."
430,Nurse,Write a 100 word story about a Nurse,"Marina adjusted Mrs.  Henderson’s IV, her fingers gentle on the fragile skin."
431,Nurse,Write a 100 word story about a Nurse,"The midnight shift hummed—ventilators sighing, heart monitors beeping.  Nurse Elena adjusted Mrs."
432,Nurse,Write a 100 word story about a Nurse,"The fluorescent lights hummed overhead as Nurse Elena adjusted Mrs.  Henderson’s IV drip, her movements precise, quiet."
433,Nurse,Write a 100 word story about a Nurse,"The night shift hummed with beeping monitors and soft footsteps.  Nurse Elena moved through the quiet ward, her worn scrubs whispering against the linoleum."
434,Nurse,Write a 100 word story about a Nurse,"The midnight shift hummed—the steady beep of monitors, the rustle of sheets.  Nurse Elena moved silently, her worn sneakers whispering against linoleum."
435,Nurse,Write a 100 word story about a Nurse,The midnight shift hummed with beeping monitors and the soft rhythm of呼吸.  Nurse Anya adjusted Mrs.
436,Nurse,Write a 100 word story about a Nurse,The fluorescent light buzzed overhead as Nurse Elena adjusted Mrs.  Henderson’s IV drip.
437,Nurse,Write a 100 word story about a Nurse,"The IV line kinked.  Nurse Elena’s fingers, steady after twenty years, smoothed the plastic tube—*click*—fluid resumed its drip into Mr."
438,Nurse,Write a 100 word story about a Nurse,"Marina’s hands, scarred from years of IVs and bandages, moved with quiet precision.  At 3 AM in the pediatric ICU, she knelt beside Leo’s bed—a small boy trembling under sterile sheets."
439,Nurse,Write a 100 word story about a Nurse,"The midnight shift hummed—ventilators sighing, IV drips ticking.  Nurse Anya moved silently, adjusting monitors, murmuring reassurances to restless patients."
440,Nurse,Write a 100 word story about a Nurse,"The night shift hummed—a steady rhythm of monitors, distant calls, and the soft shuffle of treads on linoleum.  Nurse Anya knelt beside Mr."
441,Nurse,Write a 100 word story about a Nurse,"The midnight shift hummed—ventilators sighing, IV pumps blinking.  Nurse Elena moved through the hushed corridor, her shoes whispering on linoleum."
442,Nurse,Write a 100 word story about a Nurse,"The midnight shift hummed—monitors beeped, IVs dripped.  Nurse Anya moved silently through the hushed ward, her scrubs faintly stained."
443,Nurse,Write a 100 word story about a Nurse,"The night shift hummed—ventilators sighing, monitors beeping.  Nurse Anya moved silently between beds, her worn scrubs soft against the fluorescent chill."
444,Nurse,Write a 100 word story about a Nurse,"The night shift hummed—monitor beeps, distant sirens, the soft shuffle of slippers.  Nurse Elena adjusted Mrs."
445,Nurse,Write a 100 word story about a Nurse,The midnight shift hummed with beeps and sighs.  Nurse Elena adjusted Mr.
446,Nurse,Write a 100 word story about a Nurse,The fluorescent hum was the only sound in Room 3.  Nurse Elena adjusted Mrs.
447,Nurse,Write a 100 word story about a Nurse,"The night shift hummed—a rhythm of beeps, whispers, and the soft *shush* of the IV pump.  Nurse Anya moved like a shadow through the dim ward, her worn sneakers silent on linoleum."
448,Nurse,Write a 100 word story about a Nurse,"The night shift hummed with quiet urgency.  Nurse Anya moved through the dim ward, her shoes whispering on linoleum."
449,Nurse,Write a 100 word story about a Nurse,"The midnight shift hummed—the steady beep of monitors, the rustle of sheets.  Nurse Elena moved through the hushed ward like a shadow given purpose, her worn scrubs whispering against the linoleum."
450,Nurse,Write a 100 word story about a Nurse,The fluorescent hum of the night shift was the only sound as Nurse Anya adjusted Mrs.  Henderson’s IV drip.
451,Nurse,Write a 100 word story about a Nurse,"The midnight shift hummed with quiet urgency.  Nurse Anya adjusted the IV drip, her fingers steady despite exhaustion etched lines around her eyes."
452,Nurse,Write a 100 word story about a Nurse,"The midnight shift hummed—beeping monitors, soft footsteps.  Nurse Aris adjusted Mrs."
453,Nurse,Write a 100 word story about a Nurse,"The midnight shift hummed with beeps and sighs.  Nurse Elena moved silently through the dim ward, her worn scrubs whispering against the linoleum."
454,Nurse,Write a 100 word story about a Nurse,"The fluorescent lights hummed as Nurse Anya adjusted Mrs.  Henderson’s IV, her hands steady despite the exhaustion etched deep around her eyes."
455,Nurse,Write a 100 word story about a Nurse,"The midnight shift hummed—monitor beeps, distant calls.  Nurse Elena adjusted Mrs."
456,Nurse,Write a 100 word story about a Nurse,"The night shift hummed—a low thrum of monitors, distant radios.  Nurse Amina moved silently through the dim ward, her clogs whispering on linoleum."
457,Nurse,Write a 100 word story about a Nurse,"The fluorescent hum was the only sound in Room 3, broken by Mr.  Henderson’s ragged breathing."
458,Nurse,Write a 100 word story about a Nurse,"The night shift hummed—monitors beeped, ventilators sighed.  Nurse Elena moved through the quiet ward, her scrubs worn soft by years of service."
459,Nurse,Write a 100 word story about a Nurse,The fluorescent hum filled the night shift.  Nurse Elena adjusted Mrs.
460,Nurse,Write a 100 word story about a Nurse,"The midnight shift hummed with quiet urgency.  Nurse Anya adjusted the IV drip, her fingers steady despite exhaustion etched around her eyes."
461,Nurse,Write a 100 word story about a Nurse,"The emergency siren wailed, slicing through the quiet hospital night.  Nurse Elena moved like liquid shadow—gloves snapped on, vitals monitor blipped erratically beside the trauma gurney."
462,Nurse,Write a 100 word story about a Nurse,"Nurse Elena adjusted Mr.  Henderson’s oxygen mask, her fingers gentle against his papery skin."
463,Nurse,Write a 100 word story about a Nurse,The IV drip hissed softly as Nurse Elena adjusted the flow rate.  Mrs.
464,Nurse,Write a 100 word story about a Nurse,Nurse Elena moved silently through the pre-dawn hush of St.  Brigid’s ER.
465,Nurse,Write a 100 word story about a Nurse,"The midnight shift hummed with beeps and sighs.  Nurse Elena moved silently, checking monitors, adjusting IV drips."
466,Nurse,Write a 100 word story about a Nurse,"The fluorescent light buzzed overhead as Nurse Elena adjusted the IV drip—slow, steady—on Mr.  Henderson’s trembling hand."
467,Nurse,Write a 100 word story about a Nurse,"Maya’s hands moved with quiet certainty: adjusting the IV drip, checking vitals, smoothing the crisp white of her uniform.  The night shift hummed—the rhythmic beep of monitors, the distant sigh of a ventilator."
468,Nurse,Write a 100 word story about a Nurse,"The IV drip beeped steadily as Nurse Amina adjusted the rate, her fingers gentle on the patient’s thin wrist.  Mr."
469,Nurse,Write a 100 word story about a Nurse,The fluorescent hum was the only sound in Room 3.  Nurse Aris adjusted Mrs.
470,Nurse,Write a 100 word story about a Nurse,The fluorescent light hummed overhead as Sister Marjorie adjusted the drip rate on Mr.  Henderson’s IV.
471,Nurse,Write a 100 word story about a Nurse,"The midnight shift hummed—beeping monitors, the soft shuffle of slips.  Nurse Anya knelt beside Mr."
472,Nurse,Write a 100 word story about a Nurse,"The midnight shift hummed—the steady beep of monitors, the soft shuffle of slippers.  Nurse Aris adjusted Mrs."
473,Nurse,Write a 100 word story about a Nurse,The IV drip hissed softly.  Nurse Anya checked Mr.
474,Nurse,Write a 100 word story about a Nurse,"The night shift hummed with sterile efficiency.  Nurse Elena moved silently through the ICU, her worn scrubs whispering against the linoleum."
475,Nurse,Write a 100 word story about a Nurse,"The midnight shift hummed—beeps, whispers, the rhythmic sigh of the vent.  Nurse Elena moved like a shadow, checking monitors, adjusting IVs, smoothing sheets."
476,Nurse,Write a 100 word story about a Nurse,The midnight shift hummed with IV drips and distant monitors.  Nurse Anya adjusted Mrs.
477,Nurse,Write a 100 word story about a Nurse,"The night shift hummed—monitors beeped their steady lullaby.  Nurse Anya moved silently, her worn clogs whispering across the linoleum."
478,Nurse,Write a 100 word story about a Nurse,"The emergency room hummed—a symphony of beeps, whispers, and frantic脚步.  Nurse Elena moved through the chaos with calm precision."
479,Nurse,Write a 100 word story about a Nurse,"The night shift hummed—monitors beeped, IVs dripped.  Nurse Elena moved through the quiet chaos, her calm a steady current."
480,Nurse,Write a 100 word story about a Nurse,"The midnight shift hummed—beep of monitors, distant PA calls.  Nurse Elena moved silently through the hushed ward, her clogs whispering on linoleum."
481,Nurse,Write a 100 word story about a Nurse,The fluorescent hum was the only sound in Room 3.  Nurse Aris held Mrs.
482,Nurse,Write a 100 word story about a Nurse,"The night shift hummed with beeps and whispers.  Nurse Anya moved silently, her worn slippers absorbs the linoleum’s chill."
483,Nurse,Write a 100 word story about a Nurse,"The midnight shift hummed—the rhythmic beep of monitors, the distant clatter of carts.  Nurse Elena moved silently through the dim ward, her soft-soled shoes whispering against linoleum."
484,Nurse,Write a 100 word story about a Nurse,"The fluorescent lights hummed as Sister Agnes adjusted Mrs.  Henderson’s IV drip, her hands steady despite the exhaustion etched around her eyes."
485,Nurse,Write a 100 word story about a Nurse,"The midnight shift hummed with beeping monitors and soft rain against the glass.  Nurse Elena moved silently between beds, her worn scrubs a familiar blue in the dim light."
486,Nurse,Write a 100 word story about a Nurse,"The midnight shift hummed—beeps, whispers, the rhythmic sigh of the ventilator.  Nurse Elena moved silently, adjusting lines, checking monitors, her hands steady despite the exhaustion etched into her tired eyes."
487,Nurse,Write a 100 word story about a Nurse,"The fluorescent light hummed overhead as Nurse Evans adjusted Mrs.  Henderson’s IV drip, her movements quiet and precise."
488,Nurse,Write a 100 word story about a Nurse,"The midnight shift hummed—the beeps, the rustle of linen, the quiet sobs from Room 4.  Nurse Aris moved with practiced calm, adjusting IV drips, checking vitals, her hands steady despite exhaustion etched deep."
489,Nurse,Write a 100 word story about a Nurse,"The midnight shift hummed—the beep of monitors, the rustle of sheets.  Nurse Elena moved through the quiet ward, her worn slippers whispering on linoleum."
490,Nurse,Write a 100 word story about a Nurse,The midnight shift hummed with quiet urgency.  Nurse Elena adjusted Mrs.
491,Nurse,Write a 100 word story about a Nurse,"The midnight shift hummed—beeping monitors, the scent of antiseptic and stale coffee.  Nurse Anya adjusted Mrs."
492,Nurse,Write a 100 word story about a Nurse,The fluorescent lights hummed softly as Nurse Elena adjusted Mr.  Henderson’s oxygen line.
493,Nurse,Write a 100 word story about a Nurse,"The night shift hummed—the rhythmic beep of monitors, the soft shuffle of slippers on linoleum.  Nurse Anya moved through the quiet ward, her presence a steady calm."
494,Nurse,Write a 100 word story about a Nurse,The fluorescent lights hummed softly as Nurse Elena adjusted the IV drip on Mr.  Henderson’s trembling hand.
495,Nurse,Write a 100 word story about a Nurse,"The midnight shift hummed—beeps, murmurs, the scent of antiseptic and stale coffee.  Nurse Elena moved quietly, checking monitors, adjusting IVs, her hands steady despite exhaustion."
496,Nurse,Write a 100 word story about a Nurse,"The night shift hummed—the rhythmic beep of monitors, the low murmur of the ventilator.  Nurse Aris moved silently, checking IV lines, adjusting pillows, her touch gentle as she smoothed Mrs."
497,Nurse,Write a 100 word story about a Nurse,The fluorescent hum was the only sound in the ICU bay.  Nurse Elena adjusted the drip rate on Mr.
498,Nurse,Write a 100 word story about a Nurse,"Midnight shift.  Nurse Anya adjusted the IV drip, her hands steady despite the hospital’s low hum."
499,Nurse,Write a 100 word story about a Nurse,"The midnight shift hummed—beeps, whispers, the soft sigh of monitors.  Nurse Elena moved like a shadow through the ward, checking drains, adjusting drips, smoothing fevered brows."
500,Nurse,Write a 100 word story about a Nurse,"The midnight shift hummed—beeping monitors, the soft thud of footsteps.  Nurse Elena adjusted Mrs."
501,Doctor,Briefly describe a Doctor.,"A doctor is a licensed medical professional trained to diagnose, treat, and prevent illness and injury in patients.  They apply scientific knowledge, clinical skills, and ethical judgment to provide care—through examination, testing, prescribing medication, performing procedures, or offering advice—aiming to restore health, alleviate suffering, and promote well-being."
502,Doctor,Briefly describe a Doctor.,"A doctor is a licensed medical professional trained to diagnose, treat, and prevent illness and injury in patients.  They use scientific knowledge, clinical skills, and judgment to provide care—through physical exams, tests, prescriptions, surgery (for specialists), and health advice."
503,Doctor,Briefly describe a Doctor.,"A **doctor** is a licensed medical professional trained to diagnose, treat, and prevent illness and injury in patients.  They apply scientific knowledge and clinical skills to assess symptoms, order tests, prescribe medications or therapies, and provide health advice."
504,Doctor,Briefly describe a Doctor.,"A **doctor** is a licensed medical professional who diagnoses, treats, and prevents illness and injury in patients.  They undergo extensive education (typically 4+ years of college, 4 years of medical school, and 3–7+ years of residency), followed by board certification in their specialty (e."
505,Doctor,Briefly describe a Doctor.,"A **doctor** is a licensed medical professional trained to diagnose, treat, and prevent illness and injury in patients.  They use scientific knowledge, clinical skills, and ethical judgment to care for individuals, often specializing in areas like internal medicine, surgery, pediatrics, or psychiatry."
506,Doctor,Briefly describe a Doctor.,"A doctor is a licensed medical professional trained to diagnose, treat, and prevent illness and injury in patients.  They use scientific knowledge, clinical skills, and ethical judgment to care for individuals across the lifespan—through examination, testing, medication, surgery, counseling, and health promotion."
507,Doctor,Briefly describe a Doctor.,"A **doctor** is a licensed medical professional who diagnoses, treats, and prevents illness and injury in patients.  They study human anatomy, physiology, pathology, and clinical skills through years of education (typically 4+ years of undergraduate study, 4 years of medical school, and 3–7+ years of residency training), then earn a medical degree (e."
508,Doctor,Briefly describe a Doctor.,"A doctor is a licensed medical professional trained to diagnose, treat, and prevent illness and injury in patients.  They apply scientific knowledge and clinical skills to examine individuals, interpret test results, prescribe medications or therapies, perform procedures when needed, and provide health counseling—always guided by ethics, empathy, and a commitment to patient well-being."
509,Doctor,Briefly describe a Doctor.,"A doctor is a licensed medical professional who diagnoses, treats, and prevents illness and injury in patients.  They apply scientific knowledge of the human body, disease processes, and evidence-based medicine to provide care—often through physical exams, tests, medications, or procedures."
510,Doctor,Briefly describe a Doctor.,"A doctor is a medical professional trained and licensed to diagnose, treat, and prevent illness and injury in patients.  They apply scientific knowledge, clinical skills, and ethical judgment to care for individuals across the lifespan—from promoting wellness to managing acute and chronic conditions."
511,Doctor,Briefly describe a Doctor.,"A **doctor** is a licensed medical professional who diagnoses, treats, and prevents illness and injury in patients.  Doctors study human anatomy, physiology, pathology, and therapeutics, then apply this knowledge to assess symptoms, order tests, prescribe medications or procedures, and provide health counseling."
512,Doctor,Briefly describe a Doctor.,"A doctor is a licensed medical professional trained to diagnose, treat, and prevent illness and injury in patients.  They combine scientific knowledge, clinical skills, and empathy to provide care across various specialties—such as family medicine, surgery, pediatrics, or internal medicine—and often serve as trusted advisors in health decision-making."
513,Doctor,Briefly describe a Doctor.,"A doctor is a medical professional trained to diagnose, treat, and prevent illness and injury in patients.  They apply scientific knowledge and clinical skills to assess symptoms, order tests, prescribe medications or therapies, and provide health advice—often serving as a trusted advocate for patients’ physical and mental well-being across diverse settings like hospitals, clinics, or private practices."
514,Doctor,Briefly describe a Doctor.,"A **Doctor** is a licensed medical professional who diagnose, treat, and prevent illness or injury in patients.  Typically holding a doctoral degree (e."
515,Doctor,Briefly describe a Doctor.,"A **doctor** is a licensed medical professional trained to diagnose, treat, and prevent illness and injury in patients.  They use scientific knowledge, clinical skills, and ethical judgment to provide care—ranging from routine check-ups and prescriptions to surgeries and emergency interventions—and often specialize in areas like pediatrics, cardiology, or surgery."
516,Doctor,Briefly describe a Doctor.,"A doctor is a licensed medical professional trained to diagnose, treat, and prevent illness and injury in patients.  They use scientific knowledge, clinical skills, and judgment to provide care—ranging from routine check-ups and vaccinations to managing chronic conditions and performing procedures."
517,Doctor,Briefly describe a Doctor.,"A doctor is a licensed medical professional trained to diagnose, treat, and prevent illness and injury in patients.  They use scientific knowledge, clinical skills, and empathy to assess symptoms, order tests, prescribe treatments (such as medication or surgery), and provide health advice—often serving as a trusted advisor and advocate for their patients’ well-being across physical, mental, and emotional health domains."
518,Doctor,Briefly describe a Doctor.,"A **Doctor** is a licensed medical professional who diagnoses, treats, and prevents illness and injury in patients.  They use scientific knowledge, clinical skills, and ethical judgment to provide care—ranging from routine checkups and prescribing medications to performing surgeries and managing chronic conditions."
519,Doctor,Briefly describe a Doctor.,"A **doctor** is a licensed medical professional who diagnoses, treats, and prevents illness and injury in patients.  Doctors undergo extensive education—typically 4 years of undergraduate study, 4 years of medical school, and 3–7+ years of residency training—followed by certification exams."
520,Doctor,Briefly describe a Doctor.,"A **doctor** is a licensed medical professional who diagnoses, treats, and prevents illness and injury in patients.  Doctors undergo extensive education (typically 4+ years of undergraduate study, 4 years of medical school, and 3–7+ years of residency) and must pass rigorous licensing exams."
521,Doctor,Briefly describe a Doctor.,"A **doctor** is a licensed medical professional trained to diagnose, treat, and prevent illness and injury in humans (or animals, in the case of veterinarians).  They apply scientific knowledge, clinical skills, and ethical judgment to care for patients—ranging from routine checkups and prescriptions to complex surgeries and emergency interventions."
522,Doctor,Briefly describe a Doctor.,"A doctor is a licensed medical professional who diagnoses, treats, and prevents illness and injury in patients.  Trained in medicine (typically after completing medical school and residency), doctors use scientific knowledge, clinical skills, and empathy to provide care—ranging from routine check-ups and prescriptions to surgery and emergency interventions."
523,Doctor,Briefly describe a Doctor.,"A **doctor** is a medical professional trained and licensed to diagnose, treat, prevent, and manage illness and injury in patients.  They apply scientific knowledge, clinical skills, and judgment to care for individuals across the lifespan—from routine check-ups and vaccinations to emergency interventions and chronic disease management."
524,Doctor,Briefly describe a Doctor.,"A doctor is a licensed medical professional trained to diagnose, treat, and prevent illness and injury in patients.  They apply scientific knowledge and clinical skills to assess symptoms, order tests, prescribe medications or therapies, perform procedures (as appropriate), and provide health counseling—always guided by ethical principles, patient autonomy, and evidence-based practice."
525,Doctor,Briefly describe a Doctor.,"A doctor is a medical professional trained and licensed to diagnose, treat, and prevent illness and injury in patients.  They use scientific knowledge, clinical skills, and ethical judgment to provide care across various settings—such as hospitals, clinics, or private practices—and may specialize in fields like internal medicine, surgery, pediatrics, or psychiatry."
526,Doctor,Briefly describe a Doctor.,"A doctor is a licensed medical professional who diagnoses, treats, and prevents illness and injury in patients.  They apply scientific knowledge, clinical skills, and ethical judgment to provide care—ranging from routine check-ups and prescriptions to complex surgeries—and often serve as advocates for patient well-being and public health."
527,Doctor,Briefly describe a Doctor.,"A doctor is a licensed medical professional trained to diagnose, treat, and prevent illness and injury in patients.  They use scientific knowledge, clinical skills, and empathy to assess symptoms, order tests, prescribe treatments (e."
528,Doctor,Briefly describe a Doctor.,"A **doctor** is a licensed medical professional who diagnoses, treats, and prevents illness and injury in patients.  After completing extensive education (typically 4 years of college + 4 years of medical school) and clinical training (residency, often 3–7+ years), doctors earn an MD (Doctor of Medicine) or DO (Doctor of Osteopathic Medicine) degree."
529,Doctor,Briefly describe a Doctor.,"A doctor is a licensed medical professional trained to diagnose, treat, and prevent illness and injury.  They apply scientific knowledge and clinical skills to care for patients, often through physical exams, tests, prescriptions, and procedures—while also providing health advice, counseling, and coordination with other healthcare providers."
530,Doctor,Briefly describe a Doctor.,"A **doctor** is a licensed medical professional who diagnoses, treats, and prevents illness and injury in patients.  They typically hold a doctoral degree (e."
531,Doctor,Briefly describe a Doctor.,"A **doctor** is a licensed medical professional who diagnoses, treats, and prevents illness and injury in patients.  They undergo extensive education—including a bachelor’s degree, medical school (MD or DO), and residency training—followed by licensing exams and often board certification in a specialty (e."
532,Doctor,Briefly describe a Doctor.,"A doctor is a licensed medical professional trained to diagnose, treat, and prevent illness and injury in patients.  They apply scientific knowledge, clinical skills, and ethical judgment to provide care across various specialties—such as general practice, surgery, pediatrics, or internal medicine—and often serve as advocates for patient health and well-being."
533,Doctor,Briefly describe a Doctor.,"A **doctor** is a licensed medical professional who diagnoses, treats, and prevents illness and injury in patients.  Trained in medicine (typically holding an MD or DO degree), they may specialize in areas like internal medicine, surgery, pediatrics, or psychiatry."
534,Doctor,Briefly describe a Doctor.,"A **doctor** is a licensed medical professional who diagnose, treat, and prevent illness and injury in patients.  They apply scientific knowledge and clinical skills to assess symptoms, order tests, prescribe medications or therapies, perform procedures, and provide health counseling."
535,Doctor,Briefly describe a Doctor.,"A doctor is a licensed medical professional who diagnoses, treats, and prevents illness and injury in patients.  They apply scientific knowledge, clinical skills, and ethical judgment to care for individuals across the lifespan—through physical exams, medical history review, diagnostic tests, prescribing medications, performing procedures, and offering health counseling."
536,Doctor,Briefly describe a Doctor.,"A doctor is a licensed medical professional trained to diagnose, treat, and prevent illness and injury in patients.  They apply scientific knowledge and clinical skills to assess symptoms, order tests, prescribe medications or therapies, and provide health advice—often serving as a trusted advocate for patient well-being across physical, mental, and preventive care domains."
537,Doctor,Briefly describe a Doctor.,"A **doctor** is a licensed medical professional who diagnoses, treats, and prevents illness and injury in patients.  They undergo extensive education—typically 4 years of undergraduate study, 4 years of medical school, and 3–7+ years of residency training—followed by board certification in their specialty (e."
538,Doctor,Briefly describe a Doctor.,"A **doctor** is a licensed medical professional who diagnoses, treats, and prevents illness and injury in patients.  They study human anatomy, physiology, pharmacology, and clinical skills, then apply this knowledge to examine patients, order tests, prescribe medications, perform procedures, and provide health advice."
539,Doctor,Briefly describe a Doctor.,"A doctor is a licensed medical professional trained to diagnose, treat, and prevent illness and injury in patients.  They apply scientific knowledge and clinical skills to examine individuals, interpret test results, prescribe medications or therapies, and provide health advice—often serving as trusted advocates for patient well-being across acute, chronic, and preventive care settings."
540,Doctor,Briefly describe a Doctor.,"A doctor is a licensed medical professional trained to diagnose, treat, and prevent illness and injury in patients.  They apply scientific knowledge and clinical skills to assess symptoms, order tests, prescribe medications or therapies, and provide health advice—often working in hospitals, clinics, or private practice."
541,Doctor,Briefly describe a Doctor.,"A **doctor** is a licensed medical professional trained to diagnose, treat, and prevent illness and injury in patients.  They apply scientific knowledge and clinical skills to assess symptoms, order tests, prescribe medications or therapies, and provide health advice—often serving as the primary point of contact for personal healthcare."
542,Doctor,Briefly describe a Doctor.,"A **doctor** is a licensed medical professional who diagnose and treat illnesses, injuries, and health conditions in patients.  They apply scientific knowledge, clinical skills, and ethical judgment to promote health, prevent disease, and provide care across settings such as hospitals, clinics, or private practices."
543,Doctor,Briefly describe a Doctor.,"A **doctor** is a licensed medical professional who diagnoses, treats, and prevents illness and injury in patients.  Trained through years of education (typically 4 years of undergraduate study + 4 years of medical school + residency), doctors apply scientific knowledge and clinical skills to care for individuals—through physical exams, medical tests, prescribing medications, performing procedures, and offering health advice."
544,Doctor,Briefly describe a Doctor.,"A doctor is a licensed medical professional who diagnoses, treats, and prevents illness and injury in patients.  Trained in medicine through extensive education (typically 4 years of undergraduate study, 4 years of medical school, and 3–7+ years of residency), doctors apply scientific knowledge and clinical judgment to assess symptoms, order tests, prescribe treatments, and provide health advice—either as general practitioners or specialists in fields like surgery, pediatrics, internal medicine, psychiatry, and more."
545,Doctor,Briefly describe a Doctor.,"A **doctor** (or physician) is a licensed medical professional trained to diagnose, treat, and prevent illness and injury in patients.  They use scientific knowledge, clinical skills, and ethical judgment to provide care—often through physical exams, medical tests, prescribe medications, or recommend therapies."
546,Doctor,Briefly describe a Doctor.,"A **doctor** is a licensed medical professional trained to diagnose, treat, and prevent illness and injury in patients.  They apply scientific knowledge and clinical skills to assess symptoms, order tests, prescribe medications or therapies, and provide health advice—often in settings like hospitals, clinics, or private practices."
547,Doctor,Briefly describe a Doctor.,"A doctor is a licensed medical professional who diagnoses, treats, and prevents illness and injury in patients.  After completing extensive education (typically 4 years of undergraduate study + 4 years of medical school) and residency training (3–7+ years), doctors earn degrees such as MD (Doctor of Medicine) or DO (Doctor of Osteopathic Medicine)."
548,Doctor,Briefly describe a Doctor.,"A doctor is a licensed medical professional trained to diagnose, treat, and prevent illness and injury in patients.  They apply scientific knowledge and clinical skills to assess symptoms, order tests, prescribe medications or therapies, and provide health counseling."
549,Doctor,Briefly describe a Doctor.,"A doctor is a licensed medical professional trained to diagnose, treat, and prevent illness and injury in patients.  They use scientific knowledge, clinical skills, and ethical judgment to provide care—ranging from routine checkups and prescription management to surgery and emergency interventions."
550,Doctor,Briefly describe a Doctor.,"A **doctor** is a licensed medical professional who diagnoses, treats, and prevents illness and injury in patients.  They use scientific knowledge, clinical skills, and judgment to examine patients, order tests, prescribe medications or therapies, perform procedures (as applicable), and provide health counseling."
551,Doctor,Briefly describe a Doctor.,"A **doctor** is a licensed medical professional who diagnoses, treats, and prevents illness and injury in patients.  Doctors undergo extensive education—including a bachelor’s degree, medical school (MD or DO), and residency training—and must pass licensing exams to practice."
552,Doctor,Briefly describe a Doctor.,"A doctor is a licensed medical professional who diagnoses, treats, and prevents illness and injury in patients.  They use scientific knowledge, clinical skills, and ethical judgment to provide care—often through patient interviews, physical exams, diagnostic tests, and evidence-based treatments."
553,Doctor,Briefly describe a Doctor.,"A doctor is a licensed medical professional trained to diagnose, treat, and prevent illness and injury in patients.  They apply scientific knowledge, clinical skills, and ethical judgment to promote health, alleviate suffering, and provide compassionate care—often requiring years of education (medical school + residency) and ongoing learning to stay current in their field."
554,Doctor,Briefly describe a Doctor.,"A doctor is a licensed medical professional who diagnoses, treats, and prevents illness and injury in patients.  They study human anatomy, physiology, pathology, and clinical skills through years of education (typically 4+ years of college, 4 years of medical school, and 3–7+ years of residency), then earn a medical degree (e."
555,Doctor,Briefly describe a Doctor.,"A **doctor** is a licensed medical professional who diagnoses, treats, and prevents illness and injury in patients.  They apply scientific knowledge and clinical skills to care for individuals, conduct examinations, order tests, prescribe medications, perform procedures, and offer health advice."
556,Doctor,Briefly describe a Doctor.,"A doctor is a licensed medical professional trained to diagnose, treat, and prevent illness and injury in patients.  They use scientific knowledge, clinical skills, and ethical judgment to provide care—ranging from routine checkups and prescriptions to complex surgeries—and often serve as advocates for patient health and well-being across diverse settings like hospitals, clinics, or private practices."
557,Doctor,Briefly describe a Doctor.,"A doctor is a licensed medical professional trained to diagnose, treat, and prevent illness and injury in patients.  They apply scientific knowledge, clinical skills, and ethical judgment to provide care, often specializing in areas like internal medicine, surgery, pediatrics, or psychiatry."
558,Doctor,Briefly describe a Doctor.,"A **doctor** is a medical professional trained and licensed to diagnose, treat, and prevent illness and injury in patients.  They combine scientific knowledge with clinical skills to assess symptoms, order tests, prescribe medications or therapies, perform procedures, and provide health counseling—working across specialties (e."
559,Doctor,Briefly describe a Doctor.,"A **doctor** is a licensed medical professional trained to diagnose, treat, and prevent illness and injury in patients.  They use scientific knowledge, clinical skills, and ethical judgment to provide care—ranging from routine checkups and vaccinations to complex surgeries and emergency interventions."
560,Doctor,Briefly describe a Doctor.,"A doctor is a medical professional who diagnoses, treats, and prevents illness and injury in patients.  Trained through years of education (typically 4+ years of college, 4 years of medical school, and 3–7+ years of residency), doctors hold licenses to practice medicine and may specialize in fields like internal medicine, surgery, pediatrics, or psychiatry."
561,Doctor,Briefly describe a Doctor.,"A doctor is a licensed medical professional trained to diagnose, treat, and prevent illness and injury.  They apply scientific knowledge, clinical judgment, and empathy to care for patients across settings like hospitals, clinics, or private practices—specializing in areas such as internal medicine, surgery, pediatrics, or psychiatry."
562,Doctor,Briefly describe a Doctor.,"A doctor is a licensed medical professional who diagnoses, treats, and prevents illness and injury in patients.  They use scientific knowledge, clinical skills, and empathy to assess symptoms, order tests, prescribe treatments (like medications or surgery), and provide health advice—working across specialties (e."
563,Doctor,Briefly describe a Doctor.,"A **doctor** (or physician) is a trained medical professional who diagnoses, treats, and prevents illness and injury in patients.  They study human anatomy, physiology, pathology, and clinical skills—typically earning an MD (Doctor of Medicine) or DO (Doctor of Osteopathic Medicine) degree, followed by residency training."
564,Doctor,Briefly describe a Doctor.,"A doctor is a licensed medical professional who diagnose, treat, and prevent illness and injury in patients.  Trained through years of education (typically 4 years of undergraduate study + 4 years of medical school + residency), doctors use scientific knowledge, clinical judgment, and compassion to care for individuals across all stages of life—whether managing acute conditions, chronic diseases, or promoting wellness."
565,Doctor,Briefly describe a Doctor.,"A doctor is a licensed medical professional trained to diagnose, treat, and prevent illness and injury in patients.  They apply scientific knowledge, clinical skills, and ethical judgment to promote health, alleviate suffering, and provide compassionate care—often as part of a broader healthcare team."
566,Doctor,Briefly describe a Doctor.,"A doctor is a medical professional trained and licensed to diagnose, treat, and prevent illness and injury in patients.  They apply scientific knowledge and clinical skills to assess symptoms, order tests, prescribe medications or therapies, perform procedures (as appropriate), and provide health advice—always guided by ethics, patient autonomy, and the goal of promoting well-being."
567,Doctor,Briefly describe a Doctor.,"A **doctor** is a licensed medical professional trained to diagnose, treat, and prevent illness and injury in patients.  They use scientific knowledge, clinical skills, and judgment to assess symptoms, order tests, prescribe medications or therapies, and provide health advice—working in settings like hospitals, clinics, or private practices."
568,Doctor,Briefly describe a Doctor.,"A doctor is a licensed medical professional trained to diagnose, treat, and prevent illness and injury in patients.  They use scientific knowledge, clinical skills, and ethical judgment to provide care—often after completing years of education (e."
569,Doctor,Briefly describe a Doctor.,"A doctor is a licensed medical professional who diagnose, treat, and prevent illness and injury in patients.  They use scientific knowledge, clinical skills, and compassionate care to promote health—through examining patients, ordering tests, prescribing medications, performing procedures, and providing advice on wellness and disease prevention."
570,Doctor,Briefly describe a Doctor.,"A doctor is a medical professional trained and licensed to diagnose, treat, and prevent illness and injury in patients.  They apply scientific knowledge, clinical skills, and ethical judgment to care for individuals across the lifespan—from wellness checkups and vaccinations to managing acute conditions (like infections) and chronic diseases (such as diabetes or heart disease)."
571,Doctor,Briefly describe a Doctor.,"A **doctor** is a licensed medical professional who diagnoses, treats, and prevents illness and injury in patients.  They undergo extensive education—typically 4 years of undergraduate study, 4 years of medical school, and 3–7+ years of residency training—followed by board certification in their specialty (e."
572,Doctor,Briefly describe a Doctor.,"A **doctor** is a licensed medical professional trained to diagnose, treat, and prevent illness and injury in patients.  They hold degrees such as MD (Doctor of Medicine) or DO (Doctor of Osteopathic Medicine), complete residency training, and are certified by medical boards."
573,Doctor,Briefly describe a Doctor.,"A **doctor** is a licensed medical professional who diagnoses, treats, and prevents illness and injury in patients.  After completing medical school and residency training, doctors use scientific knowledge, clinical skills, and empathy to care for individuals—through examinations, tests, prescriptions, surgery (for specialists), and health counseling."
574,Doctor,Briefly describe a Doctor.,A **Doctor** is a medical professional who has earned a doctoral-level degree (such as an M. D.
575,Doctor,Briefly describe a Doctor.,"A doctor is a licensed medical professional trained to diagnose, treat, and prevent illness and injury in patients.  They apply scientific knowledge, clinical skills, and judgment to provide care—through examinations, tests, prescriptions, surgery (some), and health counseling—always guided by ethics, empathy, and the goal of promoting patient well-being."
576,Doctor,Briefly describe a Doctor.,"A **doctor** is a licensed medical professional who diagnoses, treats, and prevents illness and injury in patients.  They study medicine (typically earning an MD or DO degree), complete clinical training (residency), and pass licensing exams to practice."
577,Doctor,Briefly describe a Doctor.,"A doctor is a licensed medical professional who diagnoses, treats, and prevents illness and injury in patients.  They use scientific knowledge, clinical skills, and compassionate care to promote health, relieve suffering, and support patients through medical decisions—typically after completing years of education (medical school + residency) and passing licensing exams."
578,Doctor,Briefly describe a Doctor.,"A **doctor** is a licensed medical professional trained to diagnose, treat, and prevent illness and injury in patients.  They use scientific knowledge, clinical skills, and judgment to assess symptoms, order tests, prescribe medications or therapies, and provide health advice."
579,Doctor,Briefly describe a Doctor.,"A **doctor** is a licensed medical professional who diagnoses, treats, and prevents illness and injury in patients.  They undergo extensive education (typically 4 years of undergraduate study + 4 years of medical school + 3–7+ years of residency), earn a medical degree (e."
580,Doctor,Briefly describe a Doctor.,"A doctor is a licensed medical professional trained to diagnose, treat, and prevent illness and injury in patients.  They apply scientific knowledge and clinical skills to assess symptoms, order tests, prescribe medications or therapies, and provide health guidance—often working in hospitals, clinics, or private practices."
581,Doctor,Briefly describe a Doctor.,"A **doctor** is a licensed medical professional who diagnoses, treats, and prevents illness and injury in patients.  They apply scientific knowledge and clinical skills to examine patients, order tests, interpret results, prescribe medications or therapies, perform procedures (as trained), and provide health counseling."
582,Doctor,Briefly describe a Doctor.,"A **doctor** is a licensed medical professional who diagnoses, treats, and prevents illness and injury in patients.  After completing undergraduate studies and earning a Doctor of Medicine (MD) or Doctor of Osteopathic Medicine (DO) degree—followed by residency training—they are certified to practice medicine."
583,Doctor,Briefly describe a Doctor.,"A **doctor** is a licensed medical professional who diagnose, treat, and prevent illness and injury in patients.  They undergo extensive education—typically four years of undergraduate study, four years of medical school, and 3–7+ years of residency training—and must pass rigorous licensing exams."
584,Doctor,Briefly describe a Doctor.,"A doctor is a medical professional who diagnose, treat, and prevent illness and injury in patients, using scientific knowledge, clinical skills, and ethical judgment to promote health and well-being.."
585,Doctor,Briefly describe a Doctor.,"A doctor is a licensed medical professional trained to diagnose, treat, and prevent illness and injury in patients.  They use scientific knowledge, clinical skills, and compassion to care for individuals across the lifespan—from routine checkups and vaccinations to managing acute conditions and chronic diseases."
586,Doctor,Briefly describe a Doctor.,"A doctor is a licensed medical professional trained to diagnose, treat, and prevent illness and injury in patients.  They study human anatomy, physiology, pathology, and clinical skills—typically earning an M."
587,Doctor,Briefly describe a Doctor.,"A **doctor** is a licensed medical professional who diagnoses, treats, and prevents illness and injury in patients.  Doctors undergo extensive education—including a bachelor’s degree, medical school (MD or DO), and residency training—and must pass licensing exams to practice."
588,Doctor,Briefly describe a Doctor.,"A doctor is a licensed medical professional trained to diagnose, treat, and prevent illness and injury in patients.  They apply scientific knowledge, clinical skills, and ethical judgment to provide care across various settings—from routine checkups and emergency interventions to surgery and chronic disease management."
589,Doctor,Briefly describe a Doctor.,"A doctor is a licensed medical professional trained to diagnose, treat, and prevent illness and injury in patients.  They apply scientific knowledge, clinical skills, and ethical judgment to promote health, alleviate suffering, and provide care across various specialties (e."
590,Doctor,Briefly describe a Doctor.,"A doctor is a licensed medical professional trained to diagnose, treat, and prevent illness and injury in patients.  They combine scientific knowledge with clinical skills to assess symptoms, order tests, prescribe medications or therapies, and provide health guidance—often serving as trusted advocates for patient well-being across diverse settings like hospitals, clinics, or private practices."
591,Doctor,Briefly describe a Doctor.,"A **doctor** is a licensed medical professional who diagnoses, treats, and prevents illness and injury in patients.  They use scientific knowledge, clinical skills, and empathy to care for individuals across all stages of life—through check-ups, testing, surgery, prescribing medications, and offering health advice."
592,Doctor,Briefly describe a Doctor.,"A **doctor** is a licensed medical professional who diagnoses, treats, and prevents illness and injury in patients.  They study human anatomy, physiology, pathology, and clinical skills through years of education and training—including medical school, residency, and often fellowship—then apply evidence-based knowledge to care for individuals and communities."
593,Doctor,Briefly describe a Doctor.,"A doctor is a licensed medical professional who diagnoses, treats, and prevents illness and injury in patients.  They use scientific knowledge, clinical skills, and ethical judgment to care for individuals across the lifespan—from routine check-ups and vaccinations to managing chronic conditions and performing life-saving interventions."
594,Doctor,Briefly describe a Doctor.,"A doctor is a licensed medical professional who diagnoses, treats, and prevents illness and injury in patients.  They apply scientific knowledge of the human body, disease processes, and evidence-based treatments to care for individuals—through examinations, tests, medications, surgery (in specialties that include it), and health counseling."
595,Doctor,Briefly describe a Doctor.,"A **doctor** (or physician) is a licensed medical professional who diagnoses, treats, and prevents illness and injury in patients.  After completing undergraduate studies, medical school (earning an MD or DO degree), and residency training, doctors may further specialize (e."
596,Doctor,Briefly describe a Doctor.,"A doctor is a licensed medical professional trained to diagnose, treat, and prevent illness and injury in patients.  They use scientific knowledge, clinical skills, and ethical judgment to provide care—ranging from routine check-ups and vaccinations to complex surgeries—and often serve as advocates for their patients' health and well-being."
597,Doctor,Briefly describe a Doctor.,"A doctor is a licensed medical professional trained to diagnose, treat, and prevent illness and injury in patients.  They use scientific knowledge, clinical skills, and ethical judgment to provide care—ranging from routine checkups and prescriptions to surgery and emergency interventions—while emphasizing patient well-being, confidentiality, and informed decision-making."
598,Doctor,Briefly describe a Doctor.,"A **doctor** is a licensed medical professional who diagnoses, treats, and prevents illness and injury in patients.  They study human anatomy, physiology, pharmacology, and clinical skills through rigorous education (typically 4+ years of undergraduate study, 4 years of medical school, and 3–7+ years of residency training), then earn an MD (Doctor of Medicine) or DO (Doctor of Osteopathic Medicine) degree in the U."
599,Doctor,Briefly describe a Doctor.,"A doctor is a licensed medical professional who diagnoses, treats, and prevents illness and injury in patients.  They apply scientific knowledge and clinical skills to assess symptoms, order tests, prescribe medications or therapies, and provide health advice—often acting as advocates for patient well-being across physical, mental, and preventive care."
600,Doctor,Briefly describe a Doctor.,"A **doctor** is a medical professional trained and licensed to diagnose, treat, and prevent illness and injury in patients.  They apply scientific knowledge, clinical skills, and judgment to examine individuals, order tests, prescribe medications or therapies, perform procedures, and provide health advice—aiming to restore or maintain physical, mental, and emotional well-being."
601,Doctor,What is an activity typically enjoyed by a Doctor?,"An activity typically enjoyed by a doctor is **playing golf**.  Many physicians find golf to be a relaxing and socially engaging way to unwind, as it offers physical activity, mental challenge, and time away from the high-pressure environment of clinical work."
602,Doctor,What is an activity typically enjoyed by a Doctor?,"A doctor typically enjoys activities such as **diagnosing and treating patients**, which form the core of their professional role.  Beyond clinical work, many doctors also enjoy:

- **Continuing education** (e."
603,Doctor,What is an activity typically enjoyed by a Doctor?,"An activity typically enjoyed by a doctor—beyond clinical duties—is **continuing medical education (CME)**, such as attending conferences, reading medical journals, or participating in case discussions to stay current on advances in their field. 

Other common professional and personal activities doctors enjoy include:

- **Mentoring residents or students**  
- **Engaging in research or quality improvement projects**  
- **Volunteering for health-related causes (e."
604,Doctor,What is an activity typically enjoyed by a Doctor?,"An activity typically enjoyed by many doctors—though personal preferences vary—is **reading medical journals or research** to stay updated on the latest clinical guidelines, studies, and advancements in their field.   

Other common activities doctors often enjoy include:  
- **Mentoring medical students or residents**, sharing knowledge and guiding future professionals."
605,Doctor,What is an activity typically enjoyed by a Doctor?,"An activity typically enjoyed by a doctor—beyond their clinical duties—is **playing chess**.   

Many physicians appreciate the strategic thinking, problem-solving, and mental engagement that chess offers, making it a popular pastime (and even a tool for developing diagnostic reasoning)."
606,Doctor,What is an activity typically enjoyed by a Doctor?,"An activity commonly enjoyed by doctors—beyond their clinical work—is **reading medical literature or research journals**.  This helps them stay current with the latest advancements, guidelines, and evidence-based practices."
607,Doctor,What is an activity typically enjoyed by a Doctor?,"An activity typically enjoyed by a doctor—beyond clinical work—is **playing or watching sports**, particularly **golf**.  Many physicians are drawn to golf because it offers:

- A way to decompress and reduce stress after demanding shifts  
- An opportunity for networking with colleagues in a relaxed setting  
- Physical activity that’s low-impact and can be played at various skill levels  
- Flexibility in scheduling (e."
608,Doctor,What is an activity typically enjoyed by a Doctor?,"A typical activity enjoyed by many doctors—both professionally and personally—is **reading medical journals or research articles** to stay updated on the latest advancements, guidelines, and case studies.  This supports lifelong learning, critical thinking, and evidence-based practice."
609,Doctor,What is an activity typically enjoyed by a Doctor?,"An activity typically enjoyed by a doctor is **reading medical journals or research papers**—to stay updated on the latest clinical guidelines, treatments, and scientific advancements.  Many physicians also enjoy activities like **teaching or mentoring students/residents**, **talking with patients** (especially when building rapport and seeing positive outcomes), and **problem-solving complex cases**, as these align with their professional identity and purpose."
610,Doctor,What is an activity typically enjoyed by a Doctor?,"An activity typically enjoyed by a doctor—beyond their clinical duties—is **reading medical journals or research**.  Many physicians stay current in their field by reviewing the latest studies, guidelines, and case reports to enhance patient care and continuing education."
611,Doctor,What is an activity typically enjoyed by a Doctor?,An activity typically enjoyed by a doctor—beyond clinical work—is **reading medical literature** (e. g.
612,Doctor,What is an activity typically enjoyed by a Doctor?,"A doctor might enjoy **reading medical journals** to stay current with the latest research, clinical guidelines, and advancements in their field.  This activity supports lifelong learning, critical thinking, and improved patient care—core aspects of the medical profession."
613,Doctor,What is an activity typically enjoyed by a Doctor?,"A doctor may enjoy many activities, but one *typical* professional-related activity they often engage in is **interpreting medical images**, such as X-rays, CT scans, or MRIs—this requires both skill and attention to detail and can be intellectually stimulating. 

If you're thinking more broadly (including leisure), doctors also commonly enjoy:

- **Reading medical literature** to stay current with research  
- **Mentoring medical students or residents**  
- **Playing strategic games** like chess, which mirrors clinical decision-making  
- **Exercising regularly**, given the physical and mental demands of the job  

Would you like activities focused on work, personal well-being, or something more lighthearted?."
614,Doctor,What is an activity typically enjoyed by a Doctor?,"An activity typically enjoyed by a doctor—beyond clinical duties—is **mentoring or teaching medical students and residents**.  Many physicians find deep satisfaction in guiding the next generation of healthcare professionals, sharing knowledge, and fostering their growth."
615,Doctor,What is an activity typically enjoyed by a Doctor?,"A typical activity enjoyed by many doctors is **reading medical journals or researching the latest clinical guidelines**—both to stay current in their field and for personal intellectual engagement. 

Other common professional or recreational activities doctors enjoy include:
- **Mentoring or teaching** medical students and residents  
- **Participating in case discussions or grand rounds**  
- **Engaging in continuing medical education (CME) courses**  
- **Volunteering** with health-related organizations (e."
616,Doctor,What is an activity typically enjoyed by a Doctor?,"An activity typically enjoyed by a doctor—beyond their clinical duties—is **reading medical journals or research** to stay updated on the latest advancements, guidelines, and case studies.  Many physicians also enjoy:

- **Teaching or mentoring** medical students and residents  
- **Participating in continuing medical education (CME)** courses  
- **Engaging in hobbies like hiking, cooking, music, or volunteering**, which help with work–life balance  

Since doctors often have demanding schedules, leisure activities that promote relaxation, intellectual engagement, and personal fulfillment are especially valued."
617,Doctor,What is an activity typically enjoyed by a Doctor?,"An activity typically enjoyed by a doctor—beyond clinical work—is **mentoring or teaching medical students and residents**.  Many physicians find deep satisfaction in guiding the next generation of healthcare professionals, sharing knowledge, and contributing to education."
618,Doctor,What is an activity typically enjoyed by a Doctor?,"An activity commonly enjoyed by doctors—especially during downtime or as part of self-care—is **reading medical journals or research** to stay current in their field.  However, many also enjoy activities that help them decompress and recharge, such as:

- **Exercise** (e."
619,Doctor,What is an activity typically enjoyed by a Doctor?,"A common activity typically enjoyed by doctors—beyond clinical duties—is **reading medical literature or attending conferences** to stay updated on the latest research, guidelines, and advancements in their field. 

Other typical leisure or professional development activities include:
- **Teaching or mentoring** medical students and residents  
- **Participating in case discussions or tumor boards** (collaborative multidisciplinary reviews)  
- **Engaging in hospital committees** (e."
620,Doctor,What is an activity typically enjoyed by a Doctor?,"An activity typically enjoyed by a doctor—beyond their clinical duties—is **reading medical journals or research**.  Many doctors stay current with the latest evidence-based practices, new treatments, and medical advancements by regularly reviewing publications like *The New England Journal of Medicine*, *JAMA*, or *The Lancet*."
621,Doctor,What is an activity typically enjoyed by a Doctor?,"An activity typically enjoyed by a doctor—beyond clinical duties—is **continuing medical education (CME)**.  Many physicians find it intellectually stimulating and professionally rewarding to stay current on the latest research, guidelines, and techniques through conferences, online courses, journal clubs, or peer discussions."
622,Doctor,What is an activity typically enjoyed by a Doctor?,"An activity typically enjoyed by a doctor—beyond their clinical duties—is **continued learning through medical journals, conferences, or courses**.  Many doctors are deeply passionate about staying current in medicine, engaging in lifelong learning to improve patient care and expand their knowledge."
623,Doctor,What is an activity typically enjoyed by a Doctor?,"A typical activity enjoyed by many doctors is **staying current with medical literature and research**—such as reading peer-reviewed journals, attending conferences, or participating in continuing medical education (CME).  This reflects their commitment to lifelong learning and evidence-based practice."
624,Doctor,What is an activity typically enjoyed by a Doctor?,"An activity typically enjoyed by a doctor—beyond their clinical duties—is **reading medical journals or attending conferences** to stay current with the latest research, guidelines, and advancements in medicine.  Many physicians also enjoy:

- **Teaching or mentoring** medical students and residents  
- **Playing strategic games** (e."
625,Doctor,What is an activity typically enjoyed by a Doctor?,"An activity typically enjoyed by many doctors is **reading medical journals or researching new treatments**—this combines their professional interest with intellectual engagement.  Other common activities include:

- **Discussing complex cases with colleagues** (e."
626,Doctor,What is an activity typically enjoyed by a Doctor?,"An activity typically enjoyed by a doctor—beyond their clinical duties—is **reading medical journals or research**.  Many doctors stay current with the latest scientific advancements, guidelines, and case studies to provide evidence-based care."
627,Doctor,What is an activity typically enjoyed by a Doctor?,"An activity typically enjoyed by a doctor is **diagnosing and treating patients**—this core aspect of their profession often brings professional fulfillment, intellectual challenge, and the satisfaction of helping others. 

Beyond clinical work, many doctors also enjoy:

- **Continuing medical education (e."
628,Doctor,What is an activity typically enjoyed by a Doctor?,"An activity typically enjoyed by a doctor—beyond clinical duties—is **continuous learning**, such as attending medical conferences, reading current research journals (e. g."
629,Doctor,What is an activity typically enjoyed by a Doctor?,"A doctor commonly enjoys **interpreting medical imaging**, such as X-rays, CT scans, or MRIs—this requires both clinical expertise and analytical thinking, making it both professionally rewarding and intellectually engaging. 

Other typical activities doctors enjoy include:
- Diagnosing complex cases  
- Performing procedures (e."
630,Doctor,What is an activity typically enjoyed by a Doctor?,"An activity typically enjoyed by a doctor is **diagnosing and treating patients**—the core of their profession.  Many also enjoy related activities such as:

- **Continuous learning** (e."
631,Doctor,What is an activity typically enjoyed by a Doctor?,"An activity typically enjoyed by a doctor—beyond clinical duties—is **playing chess**.  Many physicians find it appealing due to its strategic thinking, problem-solving, and mental engagement, which align well with the cognitive demands of medical practice."
632,Doctor,What is an activity typically enjoyed by a Doctor?,"An activity typically enjoyed by a doctor—beyond clinical duties—is **playing or watching sports**, especially team sports like football (soccer) or basketball.  Many doctors are passionate about sports for reasons including:

- **Stress relief** from high-pressure medical environments  
- **Teamwork and camaraderie**, which mirrors collaborative healthcare settings  
- **Physical fitness**, important for long shifts and overall well-being  

Other common leisure activities include reading medical literature or fiction, hiking, cooking, volunteering, and mentoring students—reflecting a blend of intellectual engagement, community service, and personal growth."
633,Doctor,What is an activity typically enjoyed by a Doctor?,"An activity typically enjoyed by a doctor—beyond their clinical duties—is **reading medical journals or staying updated on the latest research**.  Many physicians find intellectual stimulation and professional satisfaction in learning new developments, reviewing case studies, or exploring advancements in treatment protocols."
634,Doctor,What is an activity typically enjoyed by a Doctor?,"An activity typically enjoyed by a doctor is **performing surgery**—especially for those in surgical specialties like neurosurgery, orthopedics, or general surgery.  Surgery requires precision, critical thinking, and steady hands, and many physicians find it deeply rewarding to directly intervene and improve patients’ health outcomes."
635,Doctor,What is an activity typically enjoyed by a Doctor?,"A typical activity enjoyed by a doctor is **listening to music**—many doctors find it helps them relax, focus during long shifts, or unwind after work.  Other common leisure activities include:

- **Reading medical journals or fiction** (for both professional development and stress relief)  
- **Exercising** (e."
636,Doctor,What is an activity typically enjoyed by a Doctor?,"An activity commonly enjoyed by doctors—beyond their clinical duties—is **staying current with medical research and continuing education**.  Many physicians find intellectual engagement, problem-solving, and lifelong learning deeply satisfying, whether through reading journals (e."
637,Doctor,What is an activity typically enjoyed by a Doctor?,"An activity typically enjoyed by a doctor—beyond clinical duties—is **medical research or continuing education**.  Many doctors engage in:

- Reading medical journals to stay current on new treatments and guidelines  
- Participating in conferences, grand rounds, or workshops for professional development  
- Conducting clinical or translational research (e."
638,Doctor,What is an activity typically enjoyed by a Doctor?,"A typical activity enjoyed by a doctor—beyond clinical duties—is **continuing medical education (CME)**, such as attending conferences, reading medical journals, or participating in case discussions.  Many also enjoy hobbies like hiking, cooking, playing music, or volunteering—especially those that support work-life balance and mental wellness."
639,Doctor,What is an activity typically enjoyed by a Doctor?,"An activity typically enjoyed by a doctor—beyond their clinical duties—is **staying current with medical research and continuing education**.  Many physicians actively:

- Read peer-reviewed journals (e."
640,Doctor,What is an activity typically enjoyed by a Doctor?,"An activity typically enjoyed by a doctor is **diagnosing and treating patients**—especially when it involves solving complex medical cases or seeing positive outcomes from their care.  Beyond clinical work, many doctors also enjoy:

- **Medical research or teaching**, especially those in academic settings  
- **Continuing education** (e."
641,Doctor,What is an activity typically enjoyed by a Doctor?,"An activity commonly enjoyed by doctors—beyond clinical duties—is **reading medical journals or research articles** to stay current with advances in medicine.  Many also enjoy:

- **Teaching or mentoring** medical students and residents  
- **Participating in Continuing Medical Education (CME)** courses or conferences  
- **Playing strategic or puzzle games** (e."
642,Doctor,What is an activity typically enjoyed by a Doctor?,"A common activity typically enjoyed by doctors—both as part of their profession and often personally—is **diagnosing and solving complex medical puzzles**.  This involves analyzing symptoms, reviewing test results, considering differential diagnoses, and arriving at the most likely cause—a process that engages critical thinking and intellectual curiosity."
643,Doctor,What is an activity typically enjoyed by a Doctor?,"An activity typically enjoyed by a doctor is **diagnosing and treating patients**, as it aligns with their core professional purpose and intellectual engagement.  Beyond clinical duties, many doctors also enjoy:

- **Medical research or teaching** (e."
644,Doctor,What is an activity typically enjoyed by a Doctor?,"A typical activity enjoyed by many doctors is **reading medical literature or research journals**—staying updated on the latest clinical guidelines, studies, and breakthroughs is both professionally essential and intellectually engaging for many physicians.   

Other common activities include:
- **Playing strategic games** (e."
645,Doctor,What is an activity typically enjoyed by a Doctor?,"An activity typically enjoyed by a doctor—beyond clinical duties—is **reading or staying current with medical literature**, such as reviewing peer-reviewed journals (e. g."
646,Doctor,What is an activity typically enjoyed by a Doctor?,"An activity typically enjoyed by a doctor is **diagnosing and treating patients**—but since that’s part of their profession, here are some common *personal* or recreational activities doctors often enjoy, especially given the demands of their work:

- **Reading medical journals or continuing education** (for professional growth)  
- **Exercising** (e. g."
647,Doctor,What is an activity typically enjoyed by a Doctor?,"An activity typically enjoyed by a doctor is **reading medical journals or research articles** to stay updated on the latest clinical guidelines, advancements, and evidence-based practices.   

Other common professional and personal activities doctors enjoy include:
- Conducting rounds or patient consultations  
- Teaching residents or medical students  
- Performing surgery or procedures (for surgical specialists)  
- Participating in continuing medical education (CME) courses  
- Engaging in hospital committees or quality improvement initiatives  
- Spending time with family and pursuing hobbies like hiking, reading non-medical books, cooking, or playing sports—though this can be challenging due to demanding schedules  

Would you like suggestions tailored to a specific medical specialty?."
648,Doctor,What is an activity typically enjoyed by a Doctor?,"An activity typically enjoyed by many doctors is **reading medical journals or research papers** to stay updated on the latest advances in medicine, treatment guidelines, and clinical studies.   

Other common professional and personal activities include:  
- **Continuing medical education (CME)** courses  
- **Mentoring medical students or residents**  
- **Participating in multidisciplinary team meetings**  
- **Engaging in hobbies that help manage stress**, such as running, hiking, reading fiction, cooking, or playing music  

Note: Like any profession, individual preferences vary—some doctors enjoy quiet time with family, while others thrive on academic research or global health initiatives! 🩺📚."
649,Doctor,What is an activity typically enjoyed by a Doctor?,"An activity typically enjoyed by a doctor—beyond clinical duties—is **reading medical journals or research papers** to stay current with the latest advancements, guidelines, and evidence-based practices. 

Other common professional activities doctors often find rewarding include:
- **Patient consultations and problem-solving** (enjoying complex diagnoses and helping people)
- **Teaching residents or medical students**
- **Participating in multidisciplinary team meetings**
- **Continuing medical education (CME) courses or conferences**

Note: While “enjoyed” can be subjective, many physicians derive deep satisfaction from intellectual engagement, learning, and making a tangible impact on patients’ lives."
650,Doctor,What is an activity typically enjoyed by a Doctor?,"A common activity typically enjoyed by doctors is **reading medical journals or research articles**—to stay updated on the latest clinical guidelines, scientific advancements, and best practices.  Other popular activities include:

- **Mentoring medical students or residents**, guiding the next generation of healthcare professionals  
- **Participating in continuing medical education (CME)**, such as conferences, webinars, or workshops  
- **Collaborating with interdisciplinary teams** (e."
651,Doctor,What is an activity typically enjoyed by a Doctor?,"A typical activity enjoyed by many doctors is **diagnosing and treating patients**—the core of their profession.  Outside clinical work, common enjoyable activities include:

- **Continuing medical education (e."
652,Doctor,What is an activity typically enjoyed by a Doctor?,"An activity typically enjoyed by a doctor—beyond clinical work—is **staying current with medical research and continuing education**.  Many physicians actively read journals, attend conferences, participate in CME (Continuing Medical Education) courses, or engage in peer discussions to deepen their knowledge and improve patient care."
653,Doctor,What is an activity typically enjoyed by a Doctor?,"An activity typically enjoyed by a doctor—beyond their clinical duties—is **reading medical journals or research papers** to stay updated on the latest advances, guidelines, and evidence-based practices. 

Other common professional and personal activities doctors enjoy include:
- **Mentoring or teaching** medical students or residents  
- **Participating in case discussions or tumor boards**  
- **Attending medical conferences or continuing education courses**  
- **Engaging in clinical research or quality improvement projects**  
- **Volunteering in community health initiatives**

On a personal level, many physicians enjoy activities that help them decompress—such as hiking, reading fiction, cooking, or spending time with family—given the high-stress nature of the profession."
654,Doctor,What is an activity typically enjoyed by a Doctor?,"An activity typically enjoyed by a doctor is **reading medical journals or research articles**—to stay updated on the latest clinical guidelines, studies, and advancements in their field.  Many doctors also enjoy:

- **Mentoring medical students or residents**
- **Participating in continuing medical education (CME) courses**
- **Collaborating with colleagues in case discussions or tumor boards**
- **Engaging in hobbies that help manage stress**, such as exercise, reading fiction, hiking, cooking, or playing music

Of course, individual preferences vary widely—some doctors enjoy quieter downtime like gardening or painting, while others prefer active pursuits like running or cycling."
655,Doctor,What is an activity typically enjoyed by a Doctor?,"An activity typically enjoyed by many doctors is **reading medical journals or researching new treatments and conditions**—though this is often part of their professional duties.  Outside of work, common leisure activities among physicians include:

- **Exercise (e."
656,Doctor,What is an activity typically enjoyed by a Doctor?,"A doctor might typically enjoy **interpreting diagnostic images**, such as X-rays, CT scans, or MRIs.  This activity combines analytical thinking, medical expertise, and attention to detail—skills central to the profession—and can be intellectually rewarding."
657,Doctor,What is an activity typically enjoyed by a Doctor?,"An activity typically enjoyed by a doctor—especially during downtime or as part of professional development—is **reading medical literature**, such as journals, research papers, or clinical guidelines.  This helps them stay updated on the latest evidence-based practices, new treatments, and advancements in their field."
658,Doctor,What is an activity typically enjoyed by a Doctor?,"An activity typically enjoyed by a doctor—especially during downtime or as part of self-care—is **reading medical journals or research**.  While this may sound like work, many doctors genuinely enjoy staying current with the latest scientific advancements and clinical guidelines."
659,Doctor,What is an activity typically enjoyed by a Doctor?,"An activity typically enjoyed by a doctor—beyond clinical work—is **continuing medical education (CME)**, such as attending conferences, reading medical journals, or participating in case discussions.  Many physicians also enjoy activities that support their well-being and intellectual curiosity, like:

- **Reading medical literature or novels**  
- **Mentoring students or residents**  
- **Volunteering for health outreach or mission work**  
- **Engaging in hobbies such as hiking, music, cooking, or writing**  

Since doctors often face high-stress environments, activities that promote relaxation and resilience—like exercise, meditation, or spending time with family—are also commonly valued."
660,Doctor,What is an activity typically enjoyed by a Doctor?,A common activity typically enjoyed by doctors—especially during downtime or to maintain well-being—is **reading medical journals or research**.  This reflects their professional commitment to lifelong learning and staying current in their field.
661,Doctor,What is an activity typically enjoyed by a Doctor?,"An activity typically enjoyed by a doctor is **diagnosing and treating patients**—the core of their profession.  Many also enjoy related activities such as:

- **Continuing medical education** (staying updated on new research, attending conferences)  
- **Mentoring or teaching** medical students and residents  
- **Research**, especially in academic or clinical settings  
- **Surgical procedures** (for surgeons)  
- **Building patient relationships** through empathetic communication  

Outside work, doctors often enjoy hobbies that offer contrast—like hiking, reading, cooking, or creative pursuits—as ways to decompress from high-stress environments."
662,Doctor,What is an activity typically enjoyed by a Doctor?,"An activity typically enjoyed by a doctor is **diagnosing and treating patients**—this core aspect of their profession combines problem-solving, critical thinking, and helping others.  Beyond clinical duties, many doctors also enjoy activities such as:

- **Continuing medical education (e."
663,Doctor,What is an activity typically enjoyed by a Doctor?,"An activity typically enjoyed by a doctor—beyond clinical duties—is **playing or watching sports**, particularly activities like golf, running, hiking, or team sports such as basketball or soccer.  Many doctors appreciate the physical and mental benefits of sports, including stress relief, teamwork, and maintaining their own health."
664,Doctor,What is an activity typically enjoyed by a Doctor?,"An activity typically enjoyed by a doctor—beyond their clinical duties—is **continuing medical education (CME)**, such as attending conferences, reviewing medical journals, or participating in case discussions.  This reflects their commitment to lifelong learning and staying current with advances in medicine."
665,Doctor,What is an activity typically enjoyed by a Doctor?,"An activity typically enjoyed by a doctor—beyond clinical duties—is **continuing medical education (CME)**, such as attending conferences, reading medical journals, or participating in workshops to stay updated on the latest research and best practices. 

Other common professional enrichment activities include:
- **Mentoring residents or medical students**
- **Participating in peer review or hospital committees**
- **Engaging in research or quality improvement projects**
- **Volunteering for health outreach or disaster relief efforts**

On a more personal level, many doctors enjoy hobbies that help manage stress and maintain work–life balance—such as hiking, reading, playing music, or spending time with family."
666,Doctor,What is an activity typically enjoyed by a Doctor?,"An activity typically enjoyed by a doctor—beyond clinical work—is **staying current with medical literature and continuing education**.  Many physicians find intellectual stimulation and professional satisfaction in:

- Reading peer-reviewed journals (e."
667,Doctor,What is an activity typically enjoyed by a Doctor?,"An activity typically enjoyed by a doctor—beyond clinical duties—is **continuing medical education (CME)**, such as attending conferences, reviewing medical journals, or participating in case discussions.  Many also enjoy:

- **Mentoring residents or medical students**  
- **Volunteering in community health outreach**  
- **Engaging in hobbies like reading, hiking, or playing musical instruments** (often as stress relief)  

It’s important to note that doctors vary widely in personal interests—like anyone else—but professional development and patient care often remain central passions."
668,Doctor,What is an activity typically enjoyed by a Doctor?,A typical activity enjoyed by doctors includes **interpreting medical imaging** (e. g.
669,Doctor,What is an activity typically enjoyed by a Doctor?,"A typical activity enjoyed by doctors—though it can vary widely depending on the specialty, stage of training, and personal interests—is **reading medical literature or attending continuing education conferences**.  This supports their ongoing learning and staying current with advances in medicine."
670,Doctor,What is an activity typically enjoyed by a Doctor?,"An activity typically enjoyed by a doctor—beyond clinical work—is **research or continuing medical education (CME)**.  Many physicians enjoy staying current with the latest scientific advances, reviewing medical literature, or participating in case discussions to deepen their knowledge and improve patient care."
671,Doctor,What is an activity typically enjoyed by a Doctor?,"An activity typically enjoyed by many doctors is **reading medical journals or research papers** to stay updated on the latest advancements, guidelines, and evidence-based practices.  This supports continuous learning and professional development—essential in a rapidly evolving field like medicine."
672,Doctor,What is an activity typically enjoyed by a Doctor?,"An activity commonly enjoyed by doctors—both professionally and personally—is **diagnosing and solving complex problems**, such as interpreting medical test results or identifying the root cause of a patient’s symptoms. 

Beyond clinical work, many doctors enjoy activities that align with their interests in science, helping others, and lifelong learning, for example:

- Continuing medical education (e."
673,Doctor,What is an activity typically enjoyed by a Doctor?,"An activity typically enjoyed by a doctor—beyond clinical work—is **continuing medical education (CME)**.  Many physicians actively engage in reading medical journals, attending conferences, participating in case reviews, or taking courses to stay updated on the latest research and best practices."
674,Doctor,What is an activity typically enjoyed by a Doctor?,"An activity typically enjoyed by a doctor—beyond clinical duties—is **mentoring or teaching medical students and residents**.  Many physicians find deep satisfaction in guiding the next generation of healthcare professionals, sharing knowledge, and contributing to education."
675,Doctor,What is an activity typically enjoyed by a Doctor?,"An activity typically enjoyed by a doctor—beyond their clinical duties—is **reading medical journals or research** to stay updated on the latest advancements, guidelines, and evidence-based practices. 

Other common professional development and leisure activities include:
- Attending conferences or continuing medical education (CME) courses  
- Playing strategic games like chess (popular among many physicians for critical thinking practice)  
- Engaging in hobbies such as hiking, cooking, or volunteering—though these vary by individual  

Would you like suggestions tailored to a specific medical specialty?."
676,Doctor,What is an activity typically enjoyed by a Doctor?,"An activity typically enjoyed by a doctor—beyond their professional duties—is **reading medical journals or research articles** to stay updated on the latest advancements, guidelines, and case studies.  Many physicians also enjoy related scholarly activities like:

- Attending medical conferences or continuing education courses  
- Discussing complex cases with colleagues (e."
677,Doctor,What is an activity typically enjoyed by a Doctor?,"A typical activity enjoyed by a doctor is **reviewing patient charts or medical records**—though often a professional duty, many doctors find satisfaction in analyzing cases, correlating symptoms with diagnoses, and planning treatment strategies.  Beyond clinical work, doctors commonly enjoy activities such as:

- **Medical research or continuing education** (e."
678,Doctor,What is an activity typically enjoyed by a Doctor?,"An activity typically enjoyed by a doctor is **diagnosing and treating patients**—this core aspect of their profession often brings professional fulfillment.  Outside of clinical work, many doctors also enjoy activities such as:

- **Continuing medical education** (e."
679,Doctor,What is an activity typically enjoyed by a Doctor?,"An activity typically enjoyed by a doctor—beyond clinical duties—is **continuing medical education (CME)**, such as attending medical conferences, reading peer-reviewed journals, or participating in case discussions.  Many physicians also value **mentoring medical students or residents**, which combines professional development with personal fulfillment."
680,Doctor,What is an activity typically enjoyed by a Doctor?,"An activity typically enjoyed by a doctor is **diagnosing and treating patients**—a core part of their professional role.  However, outside of clinical duties, many doctors also enjoy activities such as:

- **Reading medical journals or attending conferences** to stay updated on new research and best practices  
- **Teaching or mentoring students/residents**, especially in academic settings  
- **Playing strategic games (e."
681,Doctor,What is an activity typically enjoyed by a Doctor?,"A common activity often enjoyed by doctors—though not exclusive to them—is **reading medical journals or research papers** to stay updated on the latest clinical guidelines, studies, and advancements in their field. 

Other typical leisure or professional activities doctors enjoy include:
- **Continuing Medical Education (CME)**: Attending conferences, webinars, or workshops."
682,Doctor,What is an activity typically enjoyed by a Doctor?,"A common activity typically enjoyed by doctors—both professionally and personally—is **reading or reviewing medical literature**.  This includes staying up to date with the latest research, clinical guidelines, and case studies through journals, databases like PubMed, or medical conferences."
683,Doctor,What is an activity typically enjoyed by a Doctor?,"An activity commonly enjoyed by doctors—though individual preferences vary—is **tending to patients and diagnosing medical conditions**, as it aligns with their professional purpose.  Beyond clinical work, many doctors also enjoy:

- **Continuing education** (e."
684,Doctor,What is an activity typically enjoyed by a Doctor?,"An activity typically enjoyed by a doctor—beyond their clinical duties—is **helping others**, particularly through diagnosing and treating patients, mentoring medical students or residents, or participating in community health initiatives.   

More broadly, many doctors enjoy activities that align with their profession and values, such as:  
- **Medical research or teaching**  
- **Continuing education** (e."
685,Doctor,What is an activity typically enjoyed by a Doctor?,An activity commonly enjoyed by doctors—beyond their clinical work—is **playing or watching sports** (e. g.
686,Doctor,What is an activity typically enjoyed by a Doctor?,"An activity typically enjoyed by a doctor—beyond clinical duties—is **diagnosing and solving complex medical puzzles**, such as reviewing patient cases, interpreting unusual test results, or working through challenging differentials.  Many physicians also enjoy **mentoring residents and students**, **conducting research**, or participating in **continuing medical education** to stay current with advancements."
687,Doctor,What is an activity typically enjoyed by a Doctor?,"An activity typically enjoyed by a doctor—beyond clinical work—is **mentoring or teaching medical students and residents**.  Many physicians find deep satisfaction in guiding the next generation of healthcare professionals, sharing knowledge, and shaping future careers."
688,Doctor,What is an activity typically enjoyed by a Doctor?,"An activity commonly enjoyed by doctors—though it varies greatly among individuals—is **diagnosing and solving complex medical cases**, often referred to as clinical reasoning or ""medical detective work. "" This involves integrating patient history, physical exam findings, lab results, and imaging to arrive at an accurate diagnosis—a mentally stimulating and rewarding part of the job for many."
689,Doctor,What is an activity typically enjoyed by a Doctor?,"An activity commonly enjoyed by doctors—though it varies by individual—is **conducting rounds** (visiting patients in the hospital to assess their condition, review progress, and adjust treatment plans).   

Other popular activities among doctors include:  
- **Teaching or mentoring medical students/residents**  
- **Staying current through reading medical journals or attending conferences**  
- **Engaging in research or clinical trials**  
- **Performing procedures or surgeries (depending on specialty)**  
- **Collaborating with interdisciplinary healthcare teams**  

Outside of work, many doctors enjoy activities like hiking, cooking, reading, volunteering, or spending time with family—balancing the demands of their profession."
690,Doctor,What is an activity typically enjoyed by a Doctor?,"An activity typically enjoyed by a doctor is **reading medical journals or research articles**—to stay updated on the latest advancements, clinical guidelines, and evidence-based practices.  Other common professional activities include conducting patient consultations, performing procedures (e."
691,Doctor,What is an activity typically enjoyed by a Doctor?,An activity typically enjoyed by a doctor—beyond their clinical work—is **reading or staying updated on medical literature**.  Many physicians make it a habit to read peer-reviewed journals (e.
692,Doctor,What is an activity typically enjoyed by a Doctor?,"An activity typically enjoyed by a doctor—beyond their professional duties—is **reading medical journals or research articles** to stay current with the latest developments in medicine. 

Other common leisure or professional development activities doctors often enjoy include:
- Participating in continuing medical education (CME) courses  
- Attending medical conferences or symposia  
- Mentoring students or residents  
- Engaging in hobbies that help manage stress, such as exercise, reading fiction, cooking, or spending time with family  

Let me know if you’re looking for activities more aligned with personal relaxation versus professional growth!."
693,Doctor,What is an activity typically enjoyed by a Doctor?,"An activity typically enjoyed by a doctor—beyond clinical work—is **continuing medical education (CME)**, such as attending conferences, reviewing medical journals, or participating in case discussions.  This reflects their commitment to lifelong learning and staying current with medical advancements."
694,Doctor,What is an activity typically enjoyed by a Doctor?,"An activity typically enjoyed by a doctor—beyond clinical duties—is **participating in continuing medical education (CME)**.  This includes attending conferences, workshops, webinars, or journal clubs to stay updated on the latest research, guidelines, and best practices."
695,Doctor,What is an activity typically enjoyed by a Doctor?,"A common activity typically enjoyed by doctors—beyond their clinical duties—is **reading medical journals or research** to stay updated on the latest scientific advances, treatment guidelines, and case studies.  Many also enjoy **mentoring students or residents**, **participating in medical conferences**, or engaging in **clinical problem-solving puzzles** (like rare case reviews)."
696,Doctor,What is an activity typically enjoyed by a Doctor?,"An activity typically enjoyed by a doctor—beyond their professional duties—is **staying current with medical literature and research**, such as reading peer-reviewed journals (e. g."
697,Doctor,What is an activity typically enjoyed by a Doctor?,"An activity typically enjoyed by a doctor—beyond their clinical duties—is **continuing medical education (CME)**, such as attending conferences, reviewing medical literature, or participating in case discussions to stay updated on the latest research and best practices. 

However, if you're looking for a more recreational or personal leisure activity commonly pursued by doctors (who often face high-stress jobs), many enjoy:

- **Exercise** (e."
698,Doctor,What is an activity typically enjoyed by a Doctor?,"A common activity typically enjoyed by doctors—beyond their clinical duties—is **reading or staying current with medical literature and research**.  This includes reviewing journals like *The New England Journal of Medicine*, *JAMA*, or *The Lancet* to keep up with advances in diagnosis, treatment, and best practices."
699,Doctor,What is an activity typically enjoyed by a Doctor?,"An activity commonly enjoyed by doctors—especially during downtime—is **reading medical journals or research articles** to stay current with the latest developments in their field.   

Other popular pastimes among physicians include:  
- **Playing golf** (often cited as a favorite due to its flexibility and social aspects),  
- **Hiking or outdoor exercise**,  
- **Cooking or trying new recipes**, and  
- **Mentoring medical students or residents** (which combines professional duty with personal fulfillment)."
700,Doctor,What is an activity typically enjoyed by a Doctor?,"An activity typically enjoyed by a doctor—especially during downtime or for professional development—is **reading medical journals or research papers** to stay current with the latest clinical guidelines, studies, and innovations. 

Other common activities include:
- **Mentoring or teaching** medical students and residents  
- **Participating in grand rounds or case conferences**  
- **Engaging in continuing medical education (CME)** courses  
- **Hiking, running, or other physical exercise** (many doctors prioritize personal health due to the demands of their profession)  

*Note:* Enjoyable activities can vary widely depending on the specialty, work setting, and personal interests—but lifelong learning is a hallmark of the medical profession."
701,Doctor,"Finish the joke: A Doctor walked into a bar,","A doctor walked into a bar and ordered a drink.   
The bartender said, *“I’m sorry, we don’t serve doctors here."
702,Doctor,"Finish the joke: A Doctor walked into a bar,","A doctor walked into a bar and ordered a drink.   
The bartender said, “I’m sorry, we don’t serve doctors here."
703,Doctor,"Finish the joke: A Doctor walked into a bar,","A doctor walked into a bar,  
and the bartender said, *“We don’t serve your kind here. ”*  

The doctor sighed, pulled out her stethoscope, and replied,  
**“Fine—I’ll just have an IV of beer."
704,Doctor,"Finish the joke: A Doctor walked into a bar,","A doctor walked into a bar and ordered a drink.   
The bartender looked up and said, *“Sorry, we don’t serve here."
705,Doctor,"Finish the joke: A Doctor walked into a bar,","A doctor walked into a bar and ordered a drink.   
The bartender looked up and said, *“I’m sorry, we don’t serve alcohol to people who just had surgery."
706,Doctor,"Finish the joke: A Doctor walked into a bar,","A doctor walked into a bar and ordered a drink.   
The bartender looked up and said, *“I’m sorry—we don’t serve patients here."
707,Doctor,"Finish the joke: A Doctor walked into a bar,","A doctor walked into a bar and ordered a drink.   
The bartender said, *“Sorry—no tabs here."
708,Doctor,"Finish the joke: A Doctor walked into a bar,","A doctor walked into a bar…  
and ordered a drink.   
The bartender said, *""Sorry, we don’t serve doctors."
709,Doctor,"Finish the joke: A Doctor walked into a bar,","A doctor walked into a bar and ordered a beer.   
The bartender handed it over—and said, *“On the house… for once."
710,Doctor,"Finish the joke: A Doctor walked into a bar,","A doctor walked into a bar and ordered a drink.   
The bartender said, *“Sorry, we don’t serve doctors here."
711,Doctor,"Finish the joke: A Doctor walked into a bar,","Here's a classic, clean finish for that setup:

> **A doctor walked into a bar and ordered a drink.   
> The bartender said, “Sorry, we don’t serve doctors here."
712,Doctor,"Finish the joke: A Doctor walked into a bar,","A doctor walked into a bar…  
**and ordered a martini—shaken, not stirred. **  

*(Bonus alternative punchlines for different vibes:)*  
- *“The bartender said, ‘Sorry, we don’t serve doctors—we’re full of patients!’”* 😄  
- *“The bartender replied, ‘I’ll get you a drink—but first, let’s talk informed consent."
713,Doctor,"Finish the joke: A Doctor walked into a bar,","A doctor walked into a bar and ordered a drink.   
The bartender said, “I’m sorry—we don’t serve doctors."
714,Doctor,"Finish the joke: A Doctor walked into a bar,","A doctor walked into a bar…  
*and ordered a drink. *  

The bartender said, “Sorry, we don’t serve doctors here."
715,Doctor,"Finish the joke: A Doctor walked into a bar,","A doctor walked into a bar…  
and ordered a *placebo*.   

*(The bartender said, “Sorry—we don’t serve placebos here."
716,Doctor,"Finish the joke: A Doctor walked into a bar,","Here's a classic, clean punchline that plays on medical terminology and bar culture:

> **A doctor walked into a bar.."
717,Doctor,"Finish the joke: A Doctor walked into a bar,","A doctor walked into a bar and ordered a beer.   
The bartender looked up and said, *“Sorry—we don’t serve doctors here."
718,Doctor,"Finish the joke: A Doctor walked into a bar,","A doctor walked into a bar, ordered a beer, and the bartender said, *“Sorry—we don’t serve your type. ”*  
The doctor replied, *“What do you mean ‘my type’? I’m a general practitioner!”*  
The bartender sighed and poured it anyway… then whispered, *“Just don’t diagnose my hangover—it’s incurable."
719,Doctor,"Finish the joke: A Doctor walked into a bar,","A doctor walked into a bar and ordered a drink.   
The bartender said, *“Sorry—we don’t serve people who are *al*dosed."
720,Doctor,"Finish the joke: A Doctor walked into a bar,","Here's a classic, clean punchline that plays on medical terminology and bartender duties:

> **A doctor walked into a bar.."
721,Doctor,"Finish the joke: A Doctor walked into a bar,","A doctor walked into a bar…  
and ordered a drink for *everyone*—then pulled out a stethoscope and said,  
**“First round’s on me! But if anyone has chest pain, shortness of breath, or that weird tingling in your left arm… we’re closing early. ”** 😷🍺

*(Bonus groan-worthy alternative:  
He looked around and said, “Hmm… this place is *hypertensive*—I’d recommend a happy hour with *low sodium* snacks!”)*."
722,Doctor,"Finish the joke: A Doctor walked into a bar,","A doctor walked into a bar…  
and ordered a *placebo*—but the bartender said, *“We don’t serve that here. ”*  
The doctor replied, *“Fine—I’ll just have a drink with no active ingredients."
723,Doctor,"Finish the joke: A Doctor walked into a bar,","Here’s a classic and clean punchline for that setup:

**A doctor walked into a bar…  
and ordered a *prescription*—one beer on the house. **

### Why it works:
- **Wordplay**: ""Prescription"" is twisted from its medical meaning (a doctor's order for medicine) to a bartender’s term for a recommended drink."
724,Doctor,"Finish the joke: A Doctor walked into a bar,","A doctor walked into a bar and ordered a drink.   
The bartender said, *“Sorry, we don’t serve doctors here."
725,Doctor,"Finish the joke: A Doctor walked into a bar,","Here's a classic and clean finish to that setup:

> **A Doctor walked into a bar.."
726,Doctor,"Finish the joke: A Doctor walked into a bar,","A doctor walked into a bar…  
and ordered a *pint* of **placebo**.   
The bartender sighed and said,  
*""Sorry, we’re out—we only serve real medicine here."
727,Doctor,"Finish the joke: A Doctor walked into a bar,","A doctor walked into a bar and ordered a drink.   
The bartender looked up and said, *“I’m sorry, we don’t serve people like you."
728,Doctor,"Finish the joke: A Doctor walked into a bar,","A doctor walked into a bar and ordered a drink.   
The bartender looked up and said, *“Sorry, we don’t serve your type."
729,Doctor,"Finish the joke: A Doctor walked into a bar,","A doctor walked into a bar and ordered a drink.   
The bartender said, “Sorry, we don’t serve doctors—we’re all out of *placebos*."
730,Doctor,"Finish the joke: A Doctor walked into a bar,","Here’s a classic and lighthearted completion for that setup—perfect for a groan-worthy, pun-filled punchline:

> **A doctor walked into a bar and ordered a beer.   
> The bartender said, “Sorry, we don’t serve your type."
731,Doctor,"Finish the joke: A Doctor walked into a bar,","Here’s a classic, clean, and witty finish for that setup:

> **A Doctor walked into a bar and ordered a beer.   
> The bartender said, “Sorry, we don’t serve your type."
732,Doctor,"Finish the joke: A Doctor walked into a bar,","A doctor walked into a bar and ordered a beer.   
The bartender said, *“Sorry—we don’t serve your type."
733,Doctor,"Finish the joke: A Doctor walked into a bar,","A doctor walked into a bar and ordered a drink.   
The bartender looked up and said, *“Sorry—we don’t serve doctors here."
734,Doctor,"Finish the joke: A Doctor walked into a bar,","A doctor walked into a bar and ordered a drink.   
The bartender said, *“Sorry—no tabs here!”*  
The doctor replied, *“Relax."
735,Doctor,"Finish the joke: A Doctor walked into a bar,","A doctor walked into a bar…  
and ordered a drink.   

The bartender said, *“I’m sorry—we don’t serve doctors here."
736,Doctor,"Finish the joke: A Doctor walked into a bar,","A doctor walked into a bar…  
*and ordered a drink for the house. *  

**Why?**  
Because it was *prescription*-ly happy hour! 🍻  

*(Bonus alternative punchlines:)*  
- *""The bartender said, ‘Sorry, we don’t accept insurance."
737,Doctor,"Finish the joke: A Doctor walked into a bar,","A Doctor walked into a bar…  
and ordered a *martini*—shaken, not stirred.  🍸

*(Bonus twist if you want to lean into the medical humor:)*  
But then she paused, sighed, and said, *""Actually, make it a double—my blood pressure’s been reading like a stress test today."
738,Doctor,"Finish the joke: A Doctor walked into a bar,","A doctor walked into a bar…  
*and ordered a beer. *  
The bartender said, “Sorry, we don’t serve alcohol here."
739,Doctor,"Finish the joke: A Doctor walked into a bar,","A doctor walked into a bar…  
and ordered a pint.   
The bartender looked up and said, *“Sorry—we don’t serve your type."
740,Doctor,"Finish the joke: A Doctor walked into a bar,","A doctor walked into a bar, ordered a drink, and turned to the bartender:  
*""I’ll have a whisky—on the rocks. ""*  

The bartender looked up and said,  
*""Sorry, doc—we don’t serve here unless you sign a waiver first."
741,Doctor,"Finish the joke: A Doctor walked into a bar,","A doctor walked into a bar and ordered a drink.   
The bartender said, *“Sorry, we don’t serve doctors here."
742,Doctor,"Finish the joke: A Doctor walked into a bar,","A doctor walked into a bar…  
and ordered a *placebo*. 

*(The bartender looked up, paused, and said: “Sorry, we’re out of placebos—but I *can* give you a free drink."
743,Doctor,"Finish the joke: A Doctor walked into a bar,","A doctor walked into a bar…  
and ordered a *placebo*—but the bartender said, *“Sorry, we’re out of sugar water.  Try a regular drink—it’ll work just as well."
744,Doctor,"Finish the joke: A Doctor walked into a bar,","A doctor walked into a bar…  
and ordered a *placebo*—because they were feeling slightly *diagnosed*, but mostly just thirsty.   

*(Bonus groaner: The bartender said, “Sorry, we only serve people who *drink* their symptoms—and you’re not covered by our insurance."
745,Doctor,"Finish the joke: A Doctor walked into a bar,","A doctor walked into a bar and ordered a drink.   
The bartender said, *“Sorry, we don’t serve doctors."
746,Doctor,"Finish the joke: A Doctor walked into a bar,","Here's a classic and clean punchline that plays on medical terminology:

**A doctor walked into a bar.."
747,Doctor,"Finish the joke: A Doctor walked into a bar,","A doctor walked into a bar and ordered a drink.   
The bartender said, *“Sorry—we don’t serve your type here."
748,Doctor,"Finish the joke: A Doctor walked into a bar,","A doctor walked into a bar…  
*And ordered a drink. *  

The bartender said, “I’m sorry, we don’t serve doctors here."
749,Doctor,"Finish the joke: A Doctor walked into a bar,","A doctor walked into a bar…  
and ordered a *placebo*—because the bartender said, “We don’t serve placebos here. ”  
The doctor replied:  
**“That’s fine—I’ll have it with a side of *evidence-based medicine*."
750,Doctor,"Finish the joke: A Doctor walked into a bar,","A doctor walked into a bar…  
and ordered a beer.   

The bartender looked up and said, *“I’m sorry, but we don’t serve medical professionals here."
751,Doctor,"Finish the joke: A Doctor walked into a bar,","A doctor walked into a bar and ordered a beer.   
The bartender said, “Sorry, we don’t serve doctors."
752,Doctor,"Finish the joke: A Doctor walked into a bar,","Here's a classic and clean punchline for that setup:

> **A doctor walked into a bar.."
753,Doctor,"Finish the joke: A Doctor walked into a bar,","A doctor walked into a bar and ordered a drink.   
The bartender said, “I’m sorry, we don’t serve doctors here."
754,Doctor,"Finish the joke: A Doctor walked into a bar,","A doctor walked into a bar…  
and ordered a beer for themselves—*and a shot of antiseptic for the bartender’s handshake. *  

*(Bonus groaner:* **They said, “Just kidding—I came to give you *a prescription for fun!*”*) 😄."
755,Doctor,"Finish the joke: A Doctor walked into a bar,","A doctor walked into a bar and ordered a drink.   
The bartender looked up and said, *""Sorry—we don’t serve doctors."
756,Doctor,"Finish the joke: A Doctor walked into a bar,","A doctor walked into a bar and ordered a drink.   
The bartender looked up, said *""Sorry—we don’t serve time travelers here,""*  
and slid over a *double espresso*."
757,Doctor,"Finish the joke: A Doctor walked into a bar,","A doctor walked into a bar,  
ordered a beer…  
and immediately turned to the bartender and said,  
*“I’ll have a pint of light—no, wait.  Let me check your inventory first."
758,Doctor,"Finish the joke: A Doctor walked into a bar,","A doctor walked into a bar…  
**and ordered a drink. **  
The bartender said, *“Sorry, we don’t serve doctors here."
759,Doctor,"Finish the joke: A Doctor walked into a bar,","A doctor walked into a bar and ordered a drink.   
The bartender said, *“Sorry—we don’t serve your type."
760,Doctor,"Finish the joke: A Doctor walked into a bar,","A doctor walked into a bar and ordered a beer.   
The bartender looked up and said, *“Sorry—no tabs here."
761,Doctor,"Finish the joke: A Doctor walked into a bar,","Here's a classic and lighthearted finish to that setup:

> **A doctor walked into a bar.."
762,Doctor,"Finish the joke: A Doctor walked into a bar,","A doctor walked into a bar…  
and ordered a drink.   
The bartender said, *“Sorry—this is a no-treatment zone."
763,Doctor,"Finish the joke: A Doctor walked into a bar,","A doctor walked into a bar and ordered a drink.   
The bartender said, *“I’m sorry, we don’t serve people who prescribeplacebos."
764,Doctor,"Finish the joke: A Doctor walked into a bar,","A doctor walked into a bar and ordered a drink.   
The bartender said, “Sorry—we don’t serve your type."
765,Doctor,"Finish the joke: A Doctor walked into a bar,","A doctor walked into a bar…  
and ordered a drink for *all* the patients.   

 bartender asked, “Seriously? You’re paying for drinks *and* prescriptions?”  
The doctor sighed:  
**“No—I’m just checking if anyone’s *still* sober enough to handle my terrible puns."
766,Doctor,"Finish the joke: A Doctor walked into a bar,","A doctor walked into a bar and ordered a drink.   
The bartender said, *“I’m sorry—we don’t serve people who are just *here* for the diagnosis."
767,Doctor,"Finish the joke: A Doctor walked into a bar,","A doctor walked into a bar,  
ordered a beer…  
and the bartender said, *“Sorry—we don’t serve your type. ”*  
The doctor looked up."
768,Doctor,"Finish the joke: A Doctor walked into a bar,","A Doctor walked into a bar and ordered a drink for *everyone*.   
The bartender said, “Wow—nice gesture! But… why?”  
The doctor sighed and said:  
**“I’m just doing my ‘placebo’ duty."
769,Doctor,"Finish the joke: A Doctor walked into a bar,","A doctor walked into a bar…  
and ordered a drink.   
The bartender said, *“Sorry, we don’t serve doctors here."
770,Doctor,"Finish the joke: A Doctor walked into a bar,","A doctor walked into a bar and ordered a drink.   
The bartender looked up and said, *“Sorry—no medical jargon allowed."
771,Doctor,"Finish the joke: A Doctor walked into a bar,","Here's a classic and clean punchline for that setup:

> **A doctor walked into a bar.."
772,Doctor,"Finish the joke: A Doctor walked into a bar,","Here’s a classic, clean, and punchy finish to that setup:

> **A doctor walked into a bar and ordered a drink.   
> The bartender said, “I’m sorry, we don’t serve doctors here."
773,Doctor,"Finish the joke: A Doctor walked into a bar,","A doctor walked into a bar and ordered a drink.   
The bartender said, *“I’m sorry, we don’t serve people who come in here after hours."
774,Doctor,"Finish the joke: A Doctor walked into a bar,","A doctor walked into a bar and ordered a pint.   
The bartender handed it over—and instantly froze, staring at the doctor’s name tag."
775,Doctor,"Finish the joke: A Doctor walked into a bar,","Here's a classic and clean punchline for that setup:

**""A Doctor walked into a bar.."
776,Doctor,"Finish the joke: A Doctor walked into a bar,","A doctor walked into a bar and ordered a drink.   
The bartender said, “Sorry—we don’t serve your type here."
777,Doctor,"Finish the joke: A Doctor walked into a bar,","A doctor walked into a bar,  
and ordered a drink.   

The bartender said, *“Sorry—we don’t serve doctors here."
778,Doctor,"Finish the joke: A Doctor walked into a bar,","A doctor walked into a bar and ordered a drink.   
The bartender said, *“Sorry—we don’t serve doctors."
779,Doctor,"Finish the joke: A Doctor walked into a bar,","A doctor walked into a bar and ordered a drink.   
The bartender looked up and said, *“Sorry, we don’t serve doctors here."
780,Doctor,"Finish the joke: A Doctor walked into a bar,","A doctor walked into a bar and ordered a drink.   
The bartender looked up and said, *""Sorry—we don’t serve your type here."
781,Doctor,"Finish the joke: A Doctor walked into a bar,","Here's a classic and clever finish to that setup:

> **A doctor walked into a bar.."
782,Doctor,"Finish the joke: A Doctor walked into a bar,","Here's a classic and clever finish to that setup:

> **A doctor walked into a bar and ordered a drink.   
> The bartender said, ""Sorry, we don’t serve your kind here."
783,Doctor,"Finish the joke: A Doctor walked into a bar,","A doctor walked into a bar…  
and ordered a *placebo*—because they knew it’d taste just as good and cost less! 🩺🥤

*(Bonus groan-worthy variant for variety:)*  
…ordered a place**bo**, but the bartender said, “Sorry, we’re out—we only serve real drinks. ”  
The doctor sighed, “Ah."
784,Doctor,"Finish the joke: A Doctor walked into a bar,","A doctor walked into a bar and ordered a drink.   
The bartender said, *“Sorry, we don’t serve doctors here."
785,Doctor,"Finish the joke: A Doctor walked into a bar,","Here’s a classic, clean finish to that setup:

> **A doctor walked into a bar and ordered a drink.   
> The bartender said, “Sorry, we don’t serve doctors here."
786,Doctor,"Finish the joke: A Doctor walked into a bar,","Here's a classic, clean, and punchy finish:

> **A doctor walked into a bar and ordered a drink.   
> The bartender said, “Sorry, we don’t serve doctors here."
787,Doctor,"Finish the joke: A Doctor walked into a bar,","A doctor walked into a bar and ordered a drink.   
The bartender looked up and said, *“Sorry, we don’t serve here."
788,Doctor,"Finish the joke: A Doctor walked into a bar,","A doctor walked into a bar and ordered a drink.   
The bartender said, *“I’m sorry, we don’t serve doctors here."
789,Doctor,"Finish the joke: A Doctor walked into a bar,","A doctor walked into a bar…  
and ordered a *pint*—  
but when the bartender asked if he wanted it on the rocks or neat,  
the doctor sighed and said:  
**“Actually, I’m just here to diagnose the beer. ”** 🍺💊  

*(Bonus groaner: “Turns out the IPA had a mild case of hop-lessness."
790,Doctor,"Finish the joke: A Doctor walked into a bar,","A doctor walked into a bar,  
 Ordered a drink—and the bartender said, *“I’m sorry, but we can’t serve you…*  
 …*You’re on our books as ‘Dr.  Drink."
791,Doctor,"Finish the joke: A Doctor walked into a bar,","A doctor walked into a bar…  
and ordered a drink.   

The bartender looked up and said, *“Sorry, we don’t serve your type."
792,Doctor,"Finish the joke: A Doctor walked into a bar,","A doctor walked into a bar and ordered a drink for everyone.   
The bartender said, “That’ll be $120."
793,Doctor,"Finish the joke: A Doctor walked into a bar,","A doctor walked into a bar and ordered a drink.   
The bartender said, *""Sorry—we don’t serve doctors."
794,Doctor,"Finish the joke: A Doctor walked into a bar,","A Doctor walked into a bar…  
and ordered *a shot of penicillin*—but the bartender said,  
**“Sorry, doc—we’re all out.  Try the amoxicillin on tap."
795,Doctor,"Finish the joke: A Doctor walked into a bar,","A doctor walked into a bar and ordered a drink.   
The bartender looked up and said, “Sorry—we don’t serve your type."
796,Doctor,"Finish the joke: A Doctor walked into a bar,","A doctor walked into a bar…  
*and ordered a drink. *  

The bartender said, “Sorry, we don’t serve doctors."
797,Doctor,"Finish the joke: A Doctor walked into a bar,","A doctor walked into a bar and ordered a drink.   
The bartender looked up and said, *""Sorry—we don’t serve doctors here."
798,Doctor,"Finish the joke: A Doctor walked into a bar,","Here's a classic and clean version of the punchline:

**A doctor walked into a bar.."
799,Doctor,"Finish the joke: A Doctor walked into a bar,","Here’s a classic and clean punchline for that setup:

> **A doctor walked into a bar.."
800,Doctor,"Finish the joke: A Doctor walked into a bar,","Here's a classic, clean version of that setup:

**A doctor walked into a bar.."
801,Doctor,"Describe what to expect when planning a trip with a Doctor,","When planning a trip *with* a doctor—whether you're traveling as a patient, accompanying someone, or participating in medical tourism—the expectations and considerations differ significantly from standard travel planning.  Here’s what to expect:

### 1."
802,Doctor,"Describe what to expect when planning a trip with a Doctor,",Planning a trip **with** a doctor—whether you're traveling *as* a doctor (e. g.
803,Doctor,"Describe what to expect when planning a trip with a Doctor,","When planning a trip “with a doctor,” the meaning depends on context—there are two common interpretations.  Below are both possibilities:

---

### **1."
804,Doctor,"Describe what to expect when planning a trip with a Doctor,","When you plan a trip *with* a doctor—whether as part of medical tourism, a wellness retreat, or simply traveling alongside a physician friend or family member—the expectations and considerations can differ significantly from a typical vacation.  Here’s what to generally expect:

### 1."
805,Doctor,"Describe what to expect when planning a trip with a Doctor,",When you plan a trip *with* a doctor—meaning traveling alongside or under the guidance of a physician (e. g.
806,Doctor,"Describe what to expect when planning a trip with a Doctor,",When planning a trip **with a doctor** (i. e.
807,Doctor,"Describe what to expect when planning a trip with a Doctor,","When planning a trip **with** a doctor—whether you're traveling as a patient, accompanying someone, or going on a medical mission—the experience differs significantly from a typical vacation.  Here’s what to expect:

### 1."
808,Doctor,"Describe what to expect when planning a trip with a Doctor,","Planning a trip *with* a doctor—whether you're the patient or the physician traveling for work, study, or leisure—means considering medical, logistical, and personal factors to ensure safety, compliance, and preparedness.  Here’s what to expect:

### 🩺 **1."
809,Doctor,"Describe what to expect when planning a trip with a Doctor,","Planning a trip “with a Doctor” can be interpreted in two main ways—so I’ll address both possibilities to ensure clarity and usefulness:

---

### 🩺 **1.  If you mean traveling *alongside* or *in coordination with* your personal physician (e."
810,Doctor,"Describe what to expect when planning a trip with a Doctor,","When you plan a trip “with a doctor,” the meaning depends on context—here are the most common interpretations and what to expect in each case:

---

### 1.  **Traveling With Your Own Doctor (e."
811,Doctor,"Describe what to expect when planning a trip with a Doctor,","When planning a trip “with a doctor,” there are two common interpretations—let me clarify both:

### 1.  **If you’re traveling *with* your personal or travel medicine physician (e."
812,Doctor,"Describe what to expect when planning a trip with a Doctor,",When you plan a trip **with a doctor**—whether as a patient traveling for medical care (e. g.
813,Doctor,"Describe what to expect when planning a trip with a Doctor,",When planning a trip *with* a doctor—whether you're traveling *as* a physician (e. g.
814,Doctor,"Describe what to expect when planning a trip with a Doctor,",When planning a trip *with* a doctor—meaning you’re traveling alongside or accompanied by a medical professional (e. g.
815,Doctor,"Describe what to expect when planning a trip with a Doctor,","When planning a trip **with** a doctor—either as a patient traveling with your physician or as a medical professional offering travel advice—the expectations and considerations differ significantly depending on the context.  Below are two common interpretations:

---

### 🩺 **1."
816,Doctor,"Describe what to expect when planning a trip with a Doctor,","Planning a trip “with a doctor” can mean two very different things—so let’s clarify both scenarios to help you prepare:

---

### 🩺 **1.  If You’re Traveling *With* Your Personal Doctor (e."
817,Doctor,"Describe what to expect when planning a trip with a Doctor,",When planning a trip **with** a doctor (i. e.
818,Doctor,"Describe what to expect when planning a trip with a Doctor,",When planning a trip **with** a doctor (i. e.
819,Doctor,"Describe what to expect when planning a trip with a Doctor,","When planning a trip *with* a doctor—whether you’re traveling as a patient seeking medical care abroad (medical tourism), accompanied by your personal physician for wellness or specialty consultation, or even on a corporate/charitable health mission—the experience differs significantly from standard travel planning.  Here’s what to expect:

### 1."
820,Doctor,"Describe what to expect when planning a trip with a Doctor,",When planning a trip *with* a doctor—whether you’re traveling with your own physician (e. g.
821,Doctor,"Describe what to expect when planning a trip with a Doctor,","Planning a trip with your doctor—whether for personal travel, medical tourism, or as part of your job (e. g."
822,Doctor,"Describe what to expect when planning a trip with a Doctor,","When you plan a trip *with* a doctor—whether it’s for medical tourism, wellness retreats, specialized care, or medical accompaniment—the experience differs significantly from a typical vacation.  Here’s what to expect:

### 1."
823,Doctor,"Describe what to expect when planning a trip with a Doctor,","When planning a trip “with a doctor,” it’s important to clarify the context—there are two common interpretations:

### 1.  **If you mean traveling *as* a doctor (i."
824,Doctor,"Describe what to expect when planning a trip with a Doctor,",When planning a trip **with** a doctor (i. e.
825,Doctor,"Describe what to expect when planning a trip with a Doctor,",When planning a trip “with a doctor”—assuming you mean **traveling alongside or under the guidance of a medical professional** (e. g.
826,Doctor,"Describe what to expect when planning a trip with a Doctor,","When planning a trip “with a Doctor,” the meaning depends on context—there are two common interpretations.  Below are both possibilities:

---

### **1."
827,Doctor,"Describe what to expect when planning a trip with a Doctor,","When planning a trip “with a doctor”—assuming you mean traveling *alongside* or *under the guidance of* a medical professional (such as your personal physician, a travel medicine specialist, or part of a medical mission/group)—here’s what to expect:

### 1.  **Pre-Trip Medical Consultation**
- **Health Assessment:** Your doctor will review your medical history, current conditions (e."
828,Doctor,"Describe what to expect when planning a trip with a Doctor,","When planning a trip **with a doctor**—whether you're traveling as the patient, accompanying someone, or coordinating care—you should expect a collaborative approach focused on safety, health management, and preparedness.  Here’s what to anticipate:

### 1."
829,Doctor,"Describe what to expect when planning a trip with a Doctor,","When you plan a trip *with* a doctor—whether you’re traveling as the patient, accompanying someone, or even if the doctor is part of your travel group—you can expect considerations that prioritize health safety, medical readiness, and contingency planning.  Here’s what to anticipate:

### 1."
830,Doctor,"Describe what to expect when planning a trip with a Doctor,","Planning a trip with a **doctor**—whether it’s your personal physician, a travel medicine specialist (often called a *travel clinic* or *yellow fever clinic*), or even telehealth consult—typically means you’ll focus on **health preparedness, risk mitigation, and optimizing wellness before and during travel**.  Here's what to expect:

---

### 🩺 1."
831,Doctor,"Describe what to expect when planning a trip with a Doctor,","When you plan a trip **with** a doctor—either as a patient accompanying your own physician or traveling for medical care (medical tourism)—the experience differs significantly from a standard vacation.  Here’s what to expect, broken down by context:

---

### 🩺 **1."
832,Doctor,"Describe what to expect when planning a trip with a Doctor,",When you plan a trip *with* a doctor (e. g.
833,Doctor,"Describe what to expect when planning a trip with a Doctor,","When you’re planning a trip *with* a doctor—whether it’s a medical tourism arrangement, a wellness retreat, or simply traveling alongside your personal physician for support—there are several unique considerations and expectations to keep in mind.  Here's a comprehensive overview of what to anticipate:

### 1."
834,Doctor,"Describe what to expect when planning a trip with a Doctor,","When planning a trip *with* a doctor—whether you're traveling for medical care (medical tourism), accompanied by your personal physician, or on a specialized health-focused trip like a wellness retreat—you should expect a blend of careful preparation, coordination, and enhanced safety considerations.  Here’s what to anticipate:

### 1."
835,Doctor,"Describe what to expect when planning a trip with a Doctor,",When planning a trip *with* a doctor (e. g.
836,Doctor,"Describe what to expect when planning a trip with a Doctor,","When you plan a trip *with* a doctor—either as your travel companion or as part of a specialized medical travel program—your experience will differ significantly from a standard vacation.  Here’s what to expect, depending on the context:

---

### 🩺 **1."
837,Doctor,"Describe what to expect when planning a trip with a Doctor,","When you plan a trip *with* a doctor—whether it’s for medical tourism, wellness travel, or simply having a physician accompany you—you can expect several unique considerations and benefits.  Here's a realistic overview of what to anticipate:

### 1."
838,Doctor,"Describe what to expect when planning a trip with a Doctor,","When planning a trip *with* a doctor—whether as your travel companion, as part of medical tourism, or for specialized medical travel coordination—the expectations and considerations differ significantly from standard vacation planning.  Here's what you can generally expect:

### 1."
839,Doctor,"Describe what to expect when planning a trip with a Doctor,","When planning a trip *with* a doctor—such as traveling for medical care (medical tourism), joining a medical mission, or going on a wellness-focused retreat—the experience differs significantly from standard leisure travel.  Here's what you can generally expect:

### 1."
840,Doctor,"Describe what to expect when planning a trip with a Doctor,","When planning a trip “with a doctor,” there are two common interpretations—each with very different expectations.  Here’s how to approach both scenarios:

---

### 🩺 **1."
841,Doctor,"Describe what to expect when planning a trip with a Doctor,","When planning a trip *with* a doctor—whether you’re traveling for medical care (medical tourism), accompanying someone who is, or receiving care during travel—the experience differs significantly from a standard vacation.  Here’s what to expect:

### 1."
842,Doctor,"Describe what to expect when planning a trip with a Doctor,","When planning a trip *with* a doctor—whether you're traveling for medical care (medical tourism), accompanying someone, or seeking wellness-focused travel—it’s important to approach the trip thoughtfully and collaboratively.  Here’s what to generally expect:

### 1."
843,Doctor,"Describe what to expect when planning a trip with a Doctor,","When planning a trip *with* a doctor—whether it’s a medical tourism arrangement, a wellness retreat led by a physician, or simply having your personal physician accompany you on vacation—your expectations should be carefully grounded in reality.  Here's what to realistically expect, depending on the context:

---

### 1."
844,Doctor,"Describe what to expect when planning a trip with a Doctor,",Planning a trip with a doctor—whether it’s traveling *with* your physician (e. g.
845,Doctor,"Describe what to expect when planning a trip with a Doctor,","When you say “planning a trip with a Doctor,” there are a few possible interpretations—so I’ll cover the most common scenarios to help clarify:

### 1.  **Traveling *with* your own doctor (e."
846,Doctor,"Describe what to expect when planning a trip with a Doctor,","When you plan a trip “with a doctor,” there are two main interpretations—each with very different expectations.  Here’s how to understand and prepare for both:

---

### 🩺 **1."
847,Doctor,"Describe what to expect when planning a trip with a Doctor,","When planning a trip *with* a doctor—whether you’re traveling as the patient, accompanying someone (e. g."
848,Doctor,"Describe what to expect when planning a trip with a Doctor,","When planning a trip *with* a doctor—whether you're traveling as a patient, accompanying someone, or even if the trip involves medical purposes (e. g."
849,Doctor,"Describe what to expect when planning a trip with a Doctor,","Planning a trip with your **doctor** can mean two very different things—so let’s clarify both possibilities and what to expect in each:

---

### 🩺 **1.  If you mean “traveling *with* your doctor” as a personal companion (e."
850,Doctor,"Describe what to expect when planning a trip with a Doctor,",When planning a trip **with** a doctor—such as traveling alongside your personal physician (e. g.
851,Doctor,"Describe what to expect when planning a trip with a Doctor,","When planning a trip *with* a doctor—whether it's for medical tourism, a wellness retreat, pre-travel health consultation, or even a medical professional accompanying patients—your experience will vary depending on the context.  Below are the key expectations across common scenarios:

---

### 1."
852,Doctor,"Describe what to expect when planning a trip with a Doctor,",When you plan a trip *with* a doctor—meaning you’re traveling alongside a medical professional (e. g.
853,Doctor,"Describe what to expect when planning a trip with a Doctor,",When you plan a trip **with a doctor**—whether that means traveling alongside a physician (e. g.
854,Doctor,"Describe what to expect when planning a trip with a Doctor,","Planning a trip with a **doctor** can mean different things depending on the context—here are the most common scenarios and what to expect in each:

---

### 🩺 1.  **Medical Trip / Medical Tourism (You + Your Doctor)**
*Some patients travel internationally or domestically for specialized care, and their primary care physician may coordinate or accompany them."
855,Doctor,"Describe what to expect when planning a trip with a Doctor,","When planning a trip *with* a doctor—whether you're traveling for medical care (medical tourism), seeking preventative or wellness services abroad, or simply want expert health guidance before embarking on travel—it’s important to clarify the context.  Below are key expectations depending on your scenario:

### 1."
856,Doctor,"Describe what to expect when planning a trip with a Doctor,","When planning a trip *with* a doctor—whether you're traveling as a patient, accompanied by your personal physician, or hiring a medical tourism coordinator that includes physician oversight—you should expect a highly personalized, health-focused approach.  Here's a realistic breakdown of what to anticipate:

### 1."
857,Doctor,"Describe what to expect when planning a trip with a Doctor,","When planning a trip **with a doctor**, there are several important considerations—both practical and health-related—to ensure safety, comfort, and preparedness for any medical needs.  Here’s what you can expect:

---

### 🩺 **1."
858,Doctor,"Describe what to expect when planning a trip with a Doctor,","It seems there might be a bit of ambiguity in your question—“planning a trip with a Doctor” could be interpreted in several ways.  Below are the most common interpretations, each with helpful guidance:

---

### 1."
859,Doctor,"Describe what to expect when planning a trip with a Doctor,","Planning a trip *with* a doctor—rather than *for* health reasons—isn’t a common phrase, so I’ll interpret your question in two likely ways:

### 1.  **If you mean “planning a trip while working as (or alongside) a doctor”:**
This could apply to medical professionals traveling for work (e."
860,Doctor,"Describe what to expect when planning a trip with a Doctor,","Planning a trip “with a doctor” could mean several things—here’s how to interpret and prepare for the most common scenarios.  Since your phrasing is ambiguous, I’ll outline each possibility clearly:

---

### 1."
861,Doctor,"Describe what to expect when planning a trip with a Doctor,","Planning a trip *with* a doctor—rather than for medical reasons or during a medical crisis—typically refers to traveling *as a physician*, such as on a medical mission, international health work, academic exchange, or clinical rotation abroad.  Here’s what you can expect in that context:

### 1."
862,Doctor,"Describe what to expect when planning a trip with a Doctor,","When you plan a trip **with a doctor**—either as the traveler or as part of a medical tourism group—it’s important to clarify context.  Here are two common interpretations and what to expect in each case:

---

### 🔹 1."
863,Doctor,"Describe what to expect when planning a trip with a Doctor,","When you plan a trip **with** a doctor—whether you're traveling *as* a doctor, *with* your personal physician for medical tourism, or accompanied by a healthcare professional (e. g."
864,Doctor,"Describe what to expect when planning a trip with a Doctor,","Planning a trip *with* a doctor—whether it’s for medical tourism, health retreats, or wellness travel—requires careful coordination between your personal health needs and the goals of the journey.  Here’s what to expect:

### 1."
865,Doctor,"Describe what to expect when planning a trip with a Doctor,","Planning a trip *with* a doctor—whether you’re traveling as a patient, accompanying someone, or the travel includes medical professionals—is different from standard vacation planning.  Here’s what to expect:

### 1."
866,Doctor,"Describe what to expect when planning a trip with a Doctor,","Planning a trip *with* a doctor—whether you're traveling as a patient, joining your physician on a medical mission, or embarking on a health-focused wellness retreat—differs significantly from standard travel planning.  Here’s what to expect, broken down by key considerations:

### 1."
867,Doctor,"Describe what to expect when planning a trip with a Doctor,","When planning a trip “with a doctor,” the meaning depends on context—there are two common interpretations:

### 1.  **If you mean traveling *as a patient* with your doctor (e."
868,Doctor,"Describe what to expect when planning a trip with a Doctor,","Planning a trip *with* a doctor—whether you're traveling as a patient under their care or accompanying someone who is—requires extra considerations for safety, health management, and continuity of care.  Here’s what to expect:

---

### **1."
869,Doctor,"Describe what to expect when planning a trip with a Doctor,","When planning a trip **with a doctor**—whether you're traveling for medical care (medical tourism), bringing your own doctor along as a chaperone or consultant, or scheduling health-related travel planning with medical guidance—the expectations and considerations are quite specific.  Below is a breakdown of what to expect:

---

### ✅ **1."
870,Doctor,"Describe what to expect when planning a trip with a Doctor,","Planning a trip *with* a doctor—whether you're traveling as the patient, traveling with a companion who is a physician, or even traveling for medical purposes (e. g."
871,Doctor,"Describe what to expect when planning a trip with a Doctor,","Planning a trip “with a Doctor” could mean a few different things depending on context.  Here are the most common interpretations and what to expect in each scenario:

---

### 1."
872,Doctor,"Describe what to expect when planning a trip with a Doctor,",When planning a trip *with* a doctor—whether as a patient traveling with your physician (e. g.
873,Doctor,"Describe what to expect when planning a trip with a Doctor,","When you plan a trip *with* a doctor—meaning you're traveling as a patient accompanied by or under the care of a medical professional—you can expect a more structured, health-conscious approach to ensure your safety and well-being.  Here’s what to anticipate:

### 1."
874,Doctor,"Describe what to expect when planning a trip with a Doctor,","It sounds like there may be a bit of confusion in the phrasing—**“planning a trip with a Doctor”** isn’t a common scenario unless you mean one of the following:

### 1.  **Medical Tourism or Wellness Trips (with medical supervision)**  
If you're planning a trip *for medical purposes* (e."
875,Doctor,"Describe what to expect when planning a trip with a Doctor,","It sounds like there might be a small misunderstanding—**you don’t typically plan a trip *with* a doctor**, unless you’re referring to one of the following scenarios.  Let me clarify the possibilities and what to expect in each case:

---

### ✅ 1."
876,Doctor,"Describe what to expect when planning a trip with a Doctor,","When you plan a trip *with* a doctor—either as your travel companion, or while consulting one for medical clearance or advice—you can expect a proactive, health-centered approach to ensure your journey is safe and manageable.  Here’s what to anticipate:

### 1."
877,Doctor,"Describe what to expect when planning a trip with a Doctor,","Planning a trip *with* a doctor—either as part of medical tourism, a wellness retreat, or a medical group tour—can be both rewarding and complex.  Here's what you can generally expect, depending on the context:

---

### 🔹 **1."
878,Doctor,"Describe what to expect when planning a trip with a Doctor,","When you plan a trip *with* a doctor—whether it’s a medical tourism arrangement, a wellness retreat, a consultative travel (e. g."
879,Doctor,"Describe what to expect when planning a trip with a Doctor,",Planning a trip **with a doctor**—meaning you’re traveling alongside or under the guidance of a physician (e. g.
880,Doctor,"Describe what to expect when planning a trip with a Doctor,","It sounds like there might be a small misunderstanding—**you don’t typically plan a trip *with* a doctor**, unless you're referring to one of the following scenarios.  Here are some common interpretations and what to expect in each:

---

### 1."
881,Doctor,"Describe what to expect when planning a trip with a Doctor,","When planning a trip *with* a doctor—whether as your medical provider accompanying you or as part of a specialized medical travel service—your experience will be tailored for safety, continuity of care, and health optimization.  Here’s what to expect:

### 1."
882,Doctor,"Describe what to expect when planning a trip with a Doctor,","When planning a trip **with a doctor**—whether you're traveling as a patient under their care, accompanying someone, or even if the doctor is your travel companion (e. g."
883,Doctor,"Describe what to expect when planning a trip with a Doctor,","When you plan a trip *with* a doctor—whether it’s a medical tourism arrangement, a wellness retreat, or simply traveling alongside your personal physician for health support—the experience differs significantly from an ordinary vacation.  Here's what you can generally expect:

### 1."
884,Doctor,"Describe what to expect when planning a trip with a Doctor,","Planning a trip “with a doctor” can be interpreted in two main ways—each leading to very different expectations.  Here’s how to approach both:

---

### 1."
885,Doctor,"Describe what to expect when planning a trip with a Doctor,","When you plan a trip *with* a doctor—whether it’s a medical companion, travel advisor working alongside your physician, or a medical tourism coordinator—the experience is highly personalized and medically focused.  Here’s what to expect:

### 1."
886,Doctor,"Describe what to expect when planning a trip with a Doctor,","Planning a trip *with* a doctor—either as your traveling companion or as part of a medical tourism/health retreat—is quite different from standard travel planning.  Here’s what to expect, depending on the context:

### 🩺 1."
887,Doctor,"Describe what to expect when planning a trip with a Doctor,",Planning a trip with a **doctor**—assuming you mean traveling *with* your personal physician or another healthcare provider (e. g.
888,Doctor,"Describe what to expect when planning a trip with a Doctor,","Planning a trip *with* a doctor—rather than for medical reasons—is unusual but can happen in several contexts.  Here’s what to expect depending on the scenario:

### 1."
889,Doctor,"Describe what to expect when planning a trip with a Doctor,","When planning a trip **with a doctor** (either your personal physician or a travel medicine specialist), you’re likely engaging in **pre-travel medical consultation**, especially if traveling internationally or to areas with specific health risks.  Here’s what to expect:

### 1."
890,Doctor,"Describe what to expect when planning a trip with a Doctor,","When you plan a trip *with* a doctor—whether as the traveler seeking medical clearance or advice, or alongside your own physician—you can expect a collaborative, health-focused approach that prioritizes safety, preparedness, and wellness.  Here’s what to anticipate, depending on your role:

---

### 🔹 If **YOU** are planning a trip with *your own* doctor (pre-travel consultation):
1."
891,Doctor,"Describe what to expect when planning a trip with a Doctor,","When planning a trip *with* a doctor—whether you're traveling as the patient or the physician is accompanying you—the experience depends on context.  Here are two common interpretations and what to expect in each:

---

### **1."
892,Doctor,"Describe what to expect when planning a trip with a Doctor,","Planning a trip *with* a doctor—rather than *for* medical reasons—isn’t a common phrase, so let’s clarify the possible interpretations and what to expect in each scenario:

---

### 1.  **If You’re Planning a Trip *Alongside* Your Doctor (e."
893,Doctor,"Describe what to expect when planning a trip with a Doctor,","Planning a trip “with a Doctor” can mean different things depending on context—so here’s a breakdown of the most common interpretations and what to expect in each:

---

### 🩺 **1.  If You’re Traveling with Your Own Doctor (e."
894,Doctor,"Describe what to expect when planning a trip with a Doctor,","Planning a trip *with* a doctor—whether you're traveling with your personal physician, consulting a travel medicine specialist, or even joining a medical mission or wellness retreat—can significantly enhance safety, health management, and overall experience.  Here’s what to expect depending on the context:

---

### 🩺 **1."
895,Doctor,"Describe what to expect when planning a trip with a Doctor,","When planning a trip *with* a doctor—whether you're traveling as a patient, accompanied by your physician for medical tourism, or the two of you are collaborating on travel health planning—the expectations and considerations differ significantly from a typical vacation.  Here’s what to expect:

### 1."
896,Doctor,"Describe what to expect when planning a trip with a Doctor,","Planning a trip *with* a doctor—either as your travel companion or as part of pre-travel medical preparation—is quite different from typical travel planning.  Here’s what to expect:

---

### ✅ **1."
897,Doctor,"Describe what to expect when planning a trip with a Doctor,",When planning a trip *with* a doctor—either as a travel companion (e. g.
898,Doctor,"Describe what to expect when planning a trip with a Doctor,","When planning a trip *with* a doctor—whether you're traveling for medical care, consulting a physician before travel, or simply having a healthcare provider accompany you—your expectations and preparations will differ significantly from a standard vacation.  Here’s what to anticipate:

### 1."
899,Doctor,"Describe what to expect when planning a trip with a Doctor,","When planning a trip *with* a doctor—whether you're traveling as a patient, companion, or for medical tourism—it’s important to clarify the context first.  Here’s what to generally expect in different common scenarios:

### 1."
900,Doctor,"Describe what to expect when planning a trip with a Doctor,","When you plan a trip *with* a doctor—either as a traveling companion, tour leader with medical training (e. g."
901,Doctor,Write a 100 word story about a Doctor,"Dr.  Aris Thorne adjusted his spectacles, the fluorescent lights glinting off the lenses as he stared at the empty gurney in Room 3."
902,Doctor,Write a 100 word story about a Doctor,"Dr.  Aris Thorne knelt in the rain-slicked alley, his worn coat soaking through."
903,Doctor,Write a 100 word story about a Doctor,Dr.  Aris Thorne stood before the rain-lashed window of St.
904,Doctor,Write a 100 word story about a Doctor,"Dr.  Aris Thorne adjusted his stethoscope, the worn leather cool against his neck."
905,Doctor,Write a 100 word story about a Doctor,"Dr.  Aris Thorne stood in the rain-slicked alley, his white coat darkened to grey, stethoscope cold against his palm."
906,Doctor,Write a 100 word story about a Doctor,Dr.  Aris Thorne stood at the rain-lashed window of St.
907,Doctor,Write a 100 word story about a Doctor,"Dr.  Aris Thorne stood in the rain-slicked alley, his worn coat flapping."
908,Doctor,Write a 100 word story about a Doctor,"Dr.  Aris Thorne stood in the rain-slicked alley, the fluorescent glow of the ER sign cutting through the gloom behind him."
909,Doctor,Write a 100 word story about a Doctor,"Dr.  Aris Thorne stood before the crumbling stone wall of the old sanatorium, rain slicking his grey coat."
910,Doctor,Write a 100 word story about a Doctor,"Dr.  Aris Thorne stood in the rain-slicked alley, his worn coat heavy with damp."
911,Doctor,Write a 100 word story about a Doctor,Dr.  Aris Thorne’s stethoscope felt cold against his palm as he knelt beside the shivering child in the flood-ravaged clinic.
912,Doctor,Write a 100 word story about a Doctor,"Dr.  Aris Thorne adjusted his stethoscope, the rhythmic *thump-thump* from the elderly patient’s chest a fragile counterpoint to the hospital’s distant sirens."
913,Doctor,Write a 100 word story about a Doctor,"Dr.  Aris Thorne adjusted his spectacles, the sterile scent of antiseptic sharp in the pre-dawn hush."
914,Doctor,Write a 100 word story about a Doctor,"Dr.  Aris Thorne knelt in the rain-slicked alley, pressing a hand to the shuddering chest of a young boy."
915,Doctor,Write a 100 word story about a Doctor,Dr.  Aris Thorne stood at the rain-slicked window of St.
916,Doctor,Write a 100 word story about a Doctor,"Dr.  Aris Thorne adjusted his stethoscope, the quiet rhythm of Mrs."
917,Doctor,Write a 100 word story about a Doctor,"Dr.  Aris Thorne adjusted his stethoscope, the quiet hum of the ICU a familiar lullaby."
918,Doctor,Write a 100 word story about a Doctor,"Dr.  Aris Thorne entered the storm-lashed clinic, salt spray stinging his face."
919,Doctor,Write a 100 word story about a Doctor,"Dr.  Aris Thorne knelt in the rain-slicked alley, gloved hands pressing a torn jacket to the boy’s chest wound."
920,Doctor,Write a 100 word story about a Doctor,"Dr.  Aris Thorne adjusted his stethoscope, the rhythmic *lub-dub* of Mrs."
921,Doctor,Write a 100 word story about a Doctor,"Dr.  Aris Thorne stood in the rain-slicked alley, his white coat darkened to charcoal at the hem."
922,Doctor,Write a 100 word story about a Doctor,"Dr.  Aris Thorne adjusted his spectacles, the sterile light glinting off the lens as he studied the faint, pulsing bioluminescence beneath the patient’s skin—a rare symbiont infection."
923,Doctor,Write a 100 word story about a Doctor,"Dr.  Aris Thorne stood in the rain-slicked alley, his white coat darkened to grey at the hem."
924,Doctor,Write a 100 word story about a Doctor,"Dr.  Aris Thorne knelt in the rain-slicked alley, ignoring the cold seeping through his coat."
925,Doctor,Write a 100 word story about a Doctor,"Dr.  Aris Thorne stood in the rain-slicked alley, his worn coat pulled tight against the chill."
926,Doctor,Write a 100 word story about a Doctor,"Dr.  Aris Thorne stood in the rain-slicked alley, the sterile scent of antiseptic clinging to his scrubs beneath the downpour."
927,Doctor,Write a 100 word story about a Doctor,"Dr.  Aris Thorne adjusted his spectacles, the clinic’s single overhead light casting long shadows."
928,Doctor,Write a 100 word story about a Doctor,"Dr.  Aris Thorne stood in the rain-slicked alley, his worn coat flapping."
929,Doctor,Write a 100 word story about a Doctor,"Dr.  Aris Thorne adjusted his spectacles, the hospital’s fluorescent light glinting off the lenses."
930,Doctor,Write a 100 word story about a Doctor,"Dr.  Aris Thorne stood in the rain-slicked alley, his white coat darkened, stethoscope cold against his palm."
931,Doctor,Write a 100 word story about a Doctor,"Dr.  Aris Thorne adjusted his stethoscope, the rhythmic *thump-thump* echoing in the silent ER bay."
932,Doctor,Write a 100 word story about a Doctor,"Dr.  Aris Thorne stood in the rain-slicked alley, his worn coat soaked through."
933,Doctor,Write a 100 word story about a Doctor,"Dr.  Aris Thorne stood at the window of his cramped clinic, rain streaking the glass like silver tears."
934,Doctor,Write a 100 word story about a Doctor,Dr.  Aris Thorne stood in the rain-slicked alley behind St.
935,Doctor,Write a 100 word story about a Doctor,"Dr.  Aris Thorne stood in the rain-slicked alley, his worn coat soaked through, the sterile scent of antiseptic still clinging to his skin despite the pervasive damp."
936,Doctor,Write a 100 word story about a Doctor,"Dr.  Aris Thorne stood knee-deep in floodwaters, his stethoscope pressed to the chest of a shivering child."
937,Doctor,Write a 100 word story about a Doctor,"Dr.  Aris Thorne stood at the rain-lashed window of his small clinic, the late-night storm mirroring the turmoil within."
938,Doctor,Write a 100 word story about a Doctor,"Dr.  Aris Thorne stood knee-deep in the flooded clinic, rain lashing the破窗 (pò chuāng) windows."
939,Doctor,Write a 100 word story about a Doctor,"Dr.  Aris Thorne stood alone in the dimly lit corridor, stethoscope cold against his palm."
940,Doctor,Write a 100 word story about a Doctor,"Dr.  Aris Thorne stood at the window of the rain-slicked clinic, watching lightning fracture the night sky."
941,Doctor,Write a 100 word story about a Doctor,"Dr.  Aris Thorne adjusted his stethoscope, the rhythmic *thump-thump* from the elderly patient’s chest a fragile counterpoint to the storm rattling the clinic windows."
942,Doctor,Write a 100 word story about a Doctor,"Dr.  Aris Thorne adjusted his spectacles, the hospital’s fluorescent lights glinting off the lenses."
943,Doctor,Write a 100 word story about a Doctor,"Dr.  Aris Thorne adjusted his glasses, the sterile smell of antiseptic sharp in the pre-dawn hush."
944,Doctor,Write a 100 word story about a Doctor,"Dr.  Aris Thorne stood in the rain-slicked alley, his white coat darkened near the hem, stethoscope cool against his palm."
945,Doctor,Write a 100 word story about a Doctor,"Dr.  Aris Thorne stood by the window of his cluttered office, rain streaking the glass like tear-tracks."
946,Doctor,Write a 100 word story about a Doctor,Dr.  Aris Thorne’s stethoscope grew cold in his palm as he knelt beside the trembling girl.
947,Doctor,Write a 100 word story about a Doctor,"Dr.  Aris Thorne knelt in the mud beside the trembling boy, rain slicing through the twilight."
948,Doctor,Write a 100 word story about a Doctor,"Dr.  Aris Thorne knelt in the rain-slicked alley, ignoring the damp seeping through his knees."
949,Doctor,Write a 100 word story about a Doctor,"Dr.  Aris Thorne stood in the rain-slicked alley, his white coat darkened to grey, holding the tiny, shivering bundle wrapped in a child’s torn sweater."
950,Doctor,Write a 100 word story about a Doctor,"Dr.  Aris Thorne adjusted his spectacles, the sterile scent of antiseptic sharp in the air."
951,Doctor,Write a 100 word story about a Doctor,"Dr.  Aris Thorne adjusted his stethoscope, the sterile scent of antiseptic sharp in the air."
952,Doctor,Write a 100 word story about a Doctor,"Dr.  Aris Thorne stood in the rain-slicked alley, the city’s neon glow bleeding into puddles."
953,Doctor,Write a 100 word story about a Doctor,"Dr.  Aris Thorne stood in the rain outside the old clinic, his white coat darkening at the edges."
954,Doctor,Write a 100 word story about a Doctor,"Dr.  Aris Thorne knelt in the mud beside the shivering boy, his worn stethoscope cold against the child’s ribs."
955,Doctor,Write a 100 word story about a Doctor,"Dr.  Aris Thorne adjusted his glasses, the fluorescent lights humming overhead as he knelt beside Leo, an eight-year-old with a fractured tibia."
956,Doctor,Write a 100 word story about a Doctor,"Dr.  Aris Thorne stood in the rain-slicked alley, breath fogging the cold air."
957,Doctor,Write a 100 word story about a Doctor,"Dr.  Aris Thorne knelt in the mud beside the storm-ravaged village well, rain plastering his white coat to his shoulders."
958,Doctor,Write a 100 word story about a Doctor,"Dr.  Aris Thorne adjusted his stethoscope, the rhythmic *lub-dub* of Mrs."
959,Doctor,Write a 100 word story about a Doctor,"Dr.  Aris Thorne adjusted his stethoscope, the rhythmic *lub-dub* of the patient’s heart echoing in the quiet examination room—a steady counterpoint to the frantic tremor in his own hands."
960,Doctor,Write a 100 word story about a Doctor,"Dr.  Aris Thorne adjusted his stethoscope, the rhythmic *thump-thump* of Mr."
961,Doctor,Write a 100 word story about a Doctor,"Dr.  Aris Thorne stood at the window of his cluttered clinic, rain streaking the glass like tears."
962,Doctor,Write a 100 word story about a Doctor,"Dr.  Aris Thorne stood at the window of his cramped clinic, rain streaking the glass like tears."
963,Doctor,Write a 100 word story about a Doctor,"Dr.  Aris Thorne stood in the rain-slicked alley, his white coat darkening at the shoulders."
964,Doctor,Write a 100 word story about a Doctor,"Dr.  Aris Thorne stood in the rain-slicked alley, his white coat darkened to charcoal at the hem."
965,Doctor,Write a 100 word story about a Doctor,"Dr.  Aris Thorne adjusted his spectacles, the sterile scent of antiseptic sharp in the quiet hospital wing."
966,Doctor,Write a 100 word story about a Doctor,"Dr.  Aris Thorne stood before the fractured city hospital, rain slicing through his worn coat."
967,Doctor,Write a 100 word story about a Doctor,"Dr.  Aris Thorne adjusted his spectacles, the sterile scent of antiseptic sharp in his nostrils."
968,Doctor,Write a 100 word story about a Doctor,"Dr.  Aris Thorne stood in the rain-slicked alley, the sterile scent of antiseptic clinging stubbornly to his scrubs beneath the downpour."
969,Doctor,Write a 100 word story about a Doctor,Dr.  Aris Thorne stood in the rain outside St.
970,Doctor,Write a 100 word story about a Doctor,"Dr.  Aris Thorne stood in the rain-slicked alley, hood pulled low against the downpour."
971,Doctor,Write a 100 word story about a Doctor,"Dr.  Aris Thorne adjusted his spectacles, the worn leather creaking like old bones."
972,Doctor,Write a 100 word story about a Doctor,"Dr.  Aris Thorne adjusted his spectacles, the faint scent of antiseptic and old paper clinging to the air in his cluttered clinic."
973,Doctor,Write a 100 word story about a Doctor,"Dr.  Aris Thorne knelt in the mud of the collapsed mine, rain streaking his face."
974,Doctor,Write a 100 word story about a Doctor,"Dr.  Aris Thorne adjusted his stethoscope, the rhythmic *lub-dub* of Mr."
975,Doctor,Write a 100 word story about a Doctor,"Dr.  Aris Thorne stood in the rain-slicked alley, his white coat darkened to grey."
976,Doctor,Write a 100 word story about a Doctor,Dr.  Aris Thorne stood at the rain-lashed window of St.
977,Doctor,Write a 100 word story about a Doctor,"Dr.  Aris Thorne stood in the rain-slicked alley, the sterile scent of antiseptic clinging stubbornly to his scrubs beneath the downpour."
978,Doctor,Write a 100 word story about a Doctor,"Dr.  Aris Thorne adjusted his spectacles, the sterile scent of antiseptic sharp in his nostrils."
979,Doctor,Write a 100 word story about a Doctor,"Dr.  Aris Thorne stood at the window of the tiny mountain clinic, watching rain slash across the valley."
980,Doctor,Write a 100 word story about a Doctor,"Dr.  Aris Thorne stood knee-deep in the flooded clinic, rain hammering the corrugated roof."
981,Doctor,Write a 100 word story about a Doctor,"Dr.  Aris Thorne stood at the window of his tiny clinic, rain streaking the glass like tears."
982,Doctor,Write a 100 word story about a Doctor,"Dr.  Aris Thorne stood in the rain-slicked alley, his worn coat heavy with damp."
983,Doctor,Write a 100 word story about a Doctor,"Dr.  Aris Thorne knelt in the mud, rain slicing his face as he stitched the stray dog’s paw."
984,Doctor,Write a 100 word story about a Doctor,Dr.  Aris Thorne stood before the rain-lashed window of St.
985,Doctor,Write a 100 word story about a Doctor,Dr.  Aris Thorne stood in the rain-slicked alley behind St.
986,Doctor,Write a 100 word story about a Doctor,"Dr.  Aris Thorne stood at the rain-slicked window of the rural clinic, watching lightning crackle over the hills."
987,Doctor,Write a 100 word story about a Doctor,"Dr.  Aris Thorne adjusted his stethoscope, the rhythmic *thump-thump* from the elderly patient’s chest echoing in the quiet ward."
988,Doctor,Write a 100 word story about a Doctor,"Dr.  Aris Thorne stood in the rain-slicked alley, his white coat darkened, breath fogging the cold air."
989,Doctor,Write a 100 word story about a Doctor,"Dr.  Aris Thorne adjusted her stethoscope, the rhythmic *thrum-thrum* of the elderly patient’s heart a fragile counterpoint to the rain lashing the clinic windows."
990,Doctor,Write a 100 word story about a Doctor,"Dr.  Aris Thorne stood in the rain-slicked alley, neon signs bleeding color onto wet pavement."
991,Doctor,Write a 100 word story about a Doctor,"Dr.  Aris Thorne adjusted his spectacles, the faint hum of the hospital ventilator echoing in the quiet isolation room."
992,Doctor,Write a 100 word story about a Doctor,"Dr.  Aris Thorne adjusted his glasses, the sterile scent of antiseptic sharp in the pre-dawn hush."
993,Doctor,Write a 100 word story about a Doctor,"Dr.  Aris Thorne stood in the rain-slicked alley, his worn coat pulled tight against the chill."
994,Doctor,Write a 100 word story about a Doctor,"Dr.  Aris Thorne stood at the window of his cluttered clinic, rain streaking the glass like forgotten tears."
995,Doctor,Write a 100 word story about a Doctor,"Dr.  Aris Thorne stood in the rain-slicked alley, his white coat darkened to grey."
996,Doctor,Write a 100 word story about a Doctor,"Dr.  Aris Thorne adjusted his stethoscope, the rhythmic *thump-thump* from Mrs."
997,Doctor,Write a 100 word story about a Doctor,"Dr.  Aris Thorne stood in the rain-slicked alley, his white coat stained dark."
998,Doctor,Write a 100 word story about a Doctor,"Dr.  Aris Thorne stood at the window of his cramped clinic, rain streaking the glass like tears on a battlefield."
999,Doctor,Write a 100 word story about a Doctor,"Dr.  Aris Thorne knelt in the rain-slicked alley, ignoring the cold seeping through his knees."
1000,Doctor,Write a 100 word story about a Doctor,"Dr.  Aris Thorne stood in the rain-slicked alley, her white coat darkened to grey, breathing hard."
1001,Lawyer,Briefly describe a Lawyer.,"A lawyer is a licensed legal professional who advises and represents individuals, organizations, or government entities in legal matters—including litigation, contract negotiation, compliance, and dispute resolution—by interpreting laws, gathering evidence, drafting documents, and advocating on behalf of clients in court or before regulatory bodies.."
1002,Lawyer,Briefly describe a Lawyer.,"A lawyer is a licensed legal professional who advises and represents clients in legal matters—such as litigation, contract negotiation, or compliance—while upholding ethical standards and the rule of law.  They interpret laws, conduct research, draft legal documents, and advocate on behalf of individuals, organizations, or the public interest in courts or administrative proceedings."
1003,Lawyer,Briefly describe a Lawyer.,"A lawyer is a licensed legal professional who advises clients on legal matters and represents them in court or negotiations.  Lawyers specialize in areas like criminal law, corporate law, family law, or intellectual property, and their work includes drafting legal documents, interpreting laws, conducting research, and advocating for clients’ rights and interests—both to resolve disputes and to prevent legal issues."
1004,Lawyer,Briefly describe a Lawyer.,"A lawyer is a licensed legal professional who advises and represents clients in legal matters, such as disputes, contracts, criminal cases, or regulatory compliance.  They interpret laws, conduct research, draft documents (like contracts or pleadings), negotiate settlements, and advocate for clients in court or before administrative bodies."
1005,Lawyer,Briefly describe a Lawyer.,"A lawyer is a licensed legal professional who advises clients on legal matters, represents them in court or negotiations, and helps draft or review legal documents.  Lawyers specialize in areas such as criminal law, family law, corporate law, or civil litigation, and must adhere to ethical rules and continuing education requirements to maintain their license."
1006,Lawyer,Briefly describe a Lawyer.,"A lawyer is a licensed legal professional who advises clients on legal matters, represents them in court or negotiations, and helps interpret and apply laws to resolve disputes or prevent legal issues.  They may specialize in areas like criminal law, corporate law, family law, or civil rights."
1007,Lawyer,Briefly describe a Lawyer.,"A lawyer is a licensed legal professional who advises clients on legal matters and represents them in court or negotiations.  Lawyers interpret laws, draft legal documents (e."
1008,Lawyer,Briefly describe a Lawyer.,"A lawyer is a licensed legal professional who advises clients on legal matters, represents them in court or negotiations, and helps interpret and apply laws to resolve disputes or protect rights.  Lawyers may specialize in areas like criminal law, family law, corporate law, or intellectual property, and their work involves research, drafting documents, advocacy, and ethical adherence to legal standards."
1009,Lawyer,Briefly describe a Lawyer.,"A lawyer is a trained legal professional who advises clients on rights and obligations under the law, represents them in court or negotiations, drafts legal documents (like contracts or wills), and helps resolve disputes—whether through litigation, mediation, or transactional work.  Lawyers must earn a law degree (e."
1010,Lawyer,Briefly describe a Lawyer.,"A lawyer is a licensed legal professional who advises and represents clients—individuals, organizations, or governments—in legal matters.  Lawyers interpret laws, draft legal documents (like contracts or wills), negotiate settlements, and advocate for clients in court or before administrative bodies."
1011,Lawyer,Briefly describe a Lawyer.,"A lawyer is a licensed legal professional who advises and represents individuals, organizations, or the government in legal matters—including litigation, contract negotiation, compliance, and dispute resolution—by applying knowledge of statutes, case law, and procedural rules to protect clients’ rights and uphold justice.."
1012,Lawyer,Briefly describe a Lawyer.,"A lawyer is a licensed legal professional who advises clients on legal matters, represents them in court or negotiations, and helps interpret or apply laws to resolve disputes or comply with regulations.  Lawyers may specialize in areas like criminal law, family law, corporate law, or intellectual property, and their work involves researching law, drafting documents (e."
1013,Lawyer,Briefly describe a Lawyer.,"A lawyer is a licensed legal professional who advises clients on legal matters, represents them in court or negotiations, and helps draft or review legal documents—such as contracts, wills, or pleadings—to protect their rights and interests within the framework of the law.  Lawyers must pass a bar exam and meet ethical standards to practice in a specific jurisdiction."
1014,Lawyer,Briefly describe a Lawyer.,"A lawyer is a trained legal professional who advises clients on legal matters, represents them in court or negotiations, drafts legal documents (like contracts and wills), and helps resolve disputes—either as advocates for their clients’ rights or as officers of the court upholding justice and rule of law.  Lawyers must be licensed by a jurisdiction’s bar association and adhere to ethical standards."
1015,Lawyer,Briefly describe a Lawyer.,"A lawyer is a trained legal professional who advises clients on rights and obligations under the law, represents them in court or negotiations, and helps draft legal documents (e. g."
1016,Lawyer,Briefly describe a Lawyer.,"A lawyer is a licensed legal professional who advises clients on legal matters and represents them in court or negotiations.  Lawyers interpret laws, draft legal documents (like contracts and wills), advocate for clients’ rights, and may specialize in areas such as criminal law, corporate law, family law, or intellectual property."
1017,Lawyer,Briefly describe a Lawyer.,"A lawyer is a licensed legal professional who advises clients on legal matters, represents them in court or negotiations, and helps draft or interpret contracts, laws, and regulations.  Lawyers specialize in areas like criminal law, family law, corporate law, or civil litigation, and must uphold ethical standards while advocating for their clients’ rights and interests within the legal system."
1018,Lawyer,Briefly describe a Lawyer.,"A lawyer is a licensed legal professional who advises clients on legal matters and represents them in court or negotiations.  Lawyers interpret laws, draft legal documents (like contracts or wills), advocate for their clients’ rights, and may specialize in areas such as criminal defense, corporate law, family law, or intellectual property."
1019,Lawyer,Briefly describe a Lawyer.,"A lawyer is a licensed legal professional who advises clients on legal rights and obligations, represents them in court or negotiations, drafts legal documents (like contracts or wills), and advocates for their interests within the framework of the law.  Lawyers specialize in areas such as criminal defense, corporate law, family law, or civil litigation, and must adhere to ethical rules and continuing education requirements to maintain their license."
1020,Lawyer,Briefly describe a Lawyer.,"A lawyer is a licensed legal professional who advises clients on legal matters, represents them in court or negotiations, and helps interpret and apply laws to resolve disputes or ensure compliance.  Lawyers may specialize in areas like criminal law, corporate law, family law, or intellectual property, and their work involves researching legislation, drafting legal documents, advocating for clients’ rights, and upholding ethical standards within the justice system."
1021,Lawyer,Briefly describe a Lawyer.,"A lawyer is a licensed legal professional who advises clients on legal matters, represents them in court or negotiations, and helps draft or interpret contracts, laws, and regulations.  Lawyers specialize in areas like criminal law, civil litigation, corporate law, family law, or intellectual property, and must uphold ethical standards while advocating for their clients’ rights and interests within the justice system."
1022,Lawyer,Briefly describe a Lawyer.,"A lawyer is a licensed legal professional who advises clients on legal matters, represents them in court or negotiations, drafts legal documents (like contracts or wills), and interprets laws to protect their rights and interests.  Lawyers specialize in areas such as criminal law, family law, corporate law, or intellectual property, and must uphold ethical standards while advocating for justice and the rule of law."
1023,Lawyer,Briefly describe a Lawyer.,"A lawyer is a licensed legal professional who advises clients on legal matters and represents them in court or negotiations.  Lawyers analyze laws, draft legal documents (like contracts and wills), advocate for clients’ rights, and ensure compliance with regulations."
1024,Lawyer,Briefly describe a Lawyer.,"A lawyer is a licensed legal professional who advises clients on legal matters, represents them in court or negotiations, and helps interpret and apply laws to protect their rights and interests.  Lawyers may specialize in areas like criminal law, corporate law, family law, or civil litigation, and they must adhere to ethical standards and professional rules set by bar associations."
1025,Lawyer,Briefly describe a Lawyer.,"A lawyer is a licensed legal professional who advises clients on legal matters, represents them in court or negotiations, and helps interpret and apply laws to resolve disputes or protect rights.  Lawyers may specialize in areas like criminal law, family law, corporate law, or civil litigation, and they uphold ethical duties including confidentiality, honesty, and zealous advocacy within the bounds of the law."
1026,Lawyer,Briefly describe a Lawyer.,"A lawyer is a licensed legal professional who advises clients on legal matters and represents them in court or negotiations.  Lawyers interpret laws, draft legal documents (e."
1027,Lawyer,Briefly describe a Lawyer.,"A lawyer is a licensed legal professional who advises clients on legal matters, represents them in court or negotiations, and helps interpret or apply laws and regulations.  Lawyers may specialize in areas such as criminal defense, corporate law, family law, or civil litigation, and their work involves researching case law, drafting legal documents (like contracts or pleadings), advocating for clients’ rights, and upholding ethical standards set by the bar association."
1028,Lawyer,Briefly describe a Lawyer.,"A lawyer is a licensed legal professional who advises clients on legal matters, represents them in court or negotiations, and helps draft legal documents.  Lawyers specialize in areas like criminal law, family law, corporate law, or civil litigation, and must uphold ethical duties including confidentiality, honesty, and loyalty to their clients’ interests—while adhering to the rule of law and judicial fairness."
1029,Lawyer,Briefly describe a Lawyer.,"A lawyer is a licensed legal professional who advises clients on legal matters, represents them in court or negotiations, and helps interpret and apply laws to resolve disputes or comply with regulations.  Lawyers specialize in areas such as criminal, corporate, family, or intellectual property law, and must pass bar exams and uphold ethical standards set by their jurisdiction’s bar association."
1030,Lawyer,Briefly describe a Lawyer.,"A lawyer is a licensed legal professional who advises clients on legal matters and represents them in court or negotiations.  Lawyers analyze laws, draft documents (like contracts or wills), advocate for their clients’ rights, and may specialize in areas such as criminal law, corporate law, family law, or intellectual property."
1031,Lawyer,Briefly describe a Lawyer.,"A lawyer is a licensed legal professional who advises clients on legal matters and represents them in courts, negotiations, or other legal proceedings.  Lawyers interpret laws, draft legal documents (such as contracts or wills), advocate for their clients’ rights, and help resolve disputes—either through litigation or alternative methods like mediation."
1032,Lawyer,Briefly describe a Lawyer.,"A lawyer is a licensed legal professional who advises clients on legal matters and represents them in court or negotiations.  Lawyers interpret laws, draft legal documents (e."
1033,Lawyer,Briefly describe a Lawyer.,"A lawyer is a licensed legal professional who advises clients on legal matters, represents them in court or negotiations, and helps interpret and apply laws to resolve disputes or ensure compliance.  Lawyers may specialize in areas like criminal defense, family law, corporate law, or intellectual property, and they uphold ethical standards while advocating for their clients’ rights and interests within the legal system."
1034,Lawyer,Briefly describe a Lawyer.,"A lawyer is a licensed legal professional who advises clients on legal matters, represents them in court or negotiations, and helps interpret or apply laws, regulations, and contracts.  Lawyers may specialize in areas like criminal law, family law, corporate law, or intellectual property, and their work involves research, drafting documents, advocating for clients’ rights, and upholding ethical standards set by the legal profession."
1035,Lawyer,Briefly describe a Lawyer.,"A lawyer is a licensed legal professional who advises clients on legal matters, represents them in court or negotiations, and helps interpret and apply laws to resolve disputes or comply with regulations.  Lawyers may specialize in areas like criminal defense, corporate law, family law, or intellectual property, and they must uphold ethical standards, advocate for their clients’ rights, and maintain confidentiality."
1036,Lawyer,Briefly describe a Lawyer.,"A lawyer is a licensed legal professional who advises clients on legal matters and represents them in court or negotiations.  Lawyers interpret laws, draft legal documents (like contracts or wills), advocate for their clients’ rights, and may specialize in areas such as criminal defense, corporate law, family law, or intellectual property."
1037,Lawyer,Briefly describe a Lawyer.,"A lawyer is a licensed legal professional who advises clients on legal matters, represents them in court or negotiations, drafts legal documents (such as contracts or pleadings), and ensures compliance with the law.  Lawyers must complete law school, pass a bar exam, and uphold ethical standards set by their jurisdiction’s bar association."
1038,Lawyer,Briefly describe a Lawyer.,"A lawyer is a licensed legal professional who advises clients on legal rights and obligations, represents them in court or negotiations, and helps draft legal documents such as contracts or wills.  Lawyers must pass a bar exam and adhere to ethical rules set by their jurisdiction’s bar association."
1039,Lawyer,Briefly describe a Lawyer.,"A lawyer is a trained legal professional who advises clients on legal matters, represents them in court or negotiations, drafts legal documents (like contracts or wills), and ensures compliance with laws and regulations.  Lawyers must pass a bar exam and be licensed to practice law in their jurisdiction."
1040,Lawyer,Briefly describe a Lawyer.,"A lawyer is a trained legal professional who advises clients on legal matters and represents them in court or negotiations.  They interpret laws, draft legal documents (like contracts or wills), advocate for clients’ rights, and may specialize in areas such as criminal law, corporate law, family law, or intellectual property."
1041,Lawyer,Briefly describe a Lawyer.,"A lawyer is a licensed legal professional who advises clients on legal matters, represents them in court or negotiations, and helps interpret and apply laws to resolve disputes or comply with regulations.  Lawyers may specialize in areas like criminal law, corporate law, family law, or intellectual property, and their work involves research, drafting documents (e."
1042,Lawyer,Briefly describe a Lawyer.,"A lawyer is a licensed legal professional who advises and represents individuals, organizations, or the government in legal matters—such as disputes, contracts, criminal charges, or regulatory compliance.  Lawyers analyze laws, draft legal documents, argue cases in court (if qualified as advocates), negotiate settlements, and ensure clients’ rights are protected within the legal system."
1043,Lawyer,Briefly describe a Lawyer.,"A lawyer is a licensed legal professional who advises clients on legal matters, represents them in court or negotiations, and helps draft or review contracts, wills, and other legal documents.  Lawyers must pass a bar exam and meet ethical standards to practice law, which varies by jurisdiction."
1044,Lawyer,Briefly describe a Lawyer.,"A lawyer is a licensed legal professional who advises and represents clients in legal matters, including litigation (court proceedings), contract drafting, compliance, and dispute resolution.  Lawyers interpret laws, advocate on behalf of individuals or organizations, and ensure their rights and obligations are upheld under the law."
1045,Lawyer,Briefly describe a Lawyer.,"A lawyer is a licensed legal professional who advises and represents clients in legal matters, including litigation, contract negotiation, compliance, and dispute resolution.  Lawyers interpret laws, draft legal documents (e."
1046,Lawyer,Briefly describe a Lawyer.,"A lawyer is a licensed legal professional who advises clients on法律 matters and represents them in legal proceedings, such as negotiations, lawsuits, or regulatory compliance.  Lawyers interpret laws, draft legal documents (e."
1047,Lawyer,Briefly describe a Lawyer.,"A lawyer is a licensed legal professional who advises clients on legal matters, represents them in court or negotiations, and helps interpret and apply laws to resolve disputes or prevent legal issues.  Lawyers specialize in areas such as criminal law, corporate law, family law, or intellectual property, and must uphold ethical standards while advocating for their clients’ rights and interests within the legal system."
1048,Lawyer,Briefly describe a Lawyer.,"A lawyer is a licensed legal professional who advises clients on legal matters and represents them in court or negotiations.  Lawyers interpret laws, draft legal documents (like contracts and wills), advocate for their clients’ rights, and may specialize in areas such as criminal law, family law, corporate law, or civil litigation."
1049,Lawyer,Briefly describe a Lawyer.,"A lawyer is a trained legal professional who advises clients on legal matters, represents them in court or negotiations, and helps draft legal documents.  Lawyers must be licensed by their jurisdiction’s bar association and are bound by ethical rules to uphold the law, maintain client confidentiality, and act with integrity."
1050,Lawyer,Briefly describe a Lawyer.,"A lawyer is a licensed legal professional who advises clients on legal matters, represents them in court or negotiations, and helps draft or interpret laws, contracts, and other legal documents.  Lawyers specialize in areas such as criminal law, corporate law, family law, or civil rights, and must adhere to ethical rules and continuing education requirements."
1051,Lawyer,Briefly describe a Lawyer.,"A lawyer is a licensed legal professional who advises and represents clients in legal matters—including litigation, contracts, negotiations, and compliance—with expertise in interpreting laws, regulations, and court decisions.  They advocate on behalf of individuals, organizations, or the government, uphold ethical standards, and help ensure justice and due process."
1052,Lawyer,Briefly describe a Lawyer.,"A lawyer is a licensed legal professional who advises and represents clients—individuals, organizations, or governments—in legal matters, including litigation (court proceedings), contract negotiation, compliance, and dispute resolution.  Lawyers interpret laws, draft legal documents, advocate in court, and uphold ethical duties such as confidentiality and candor to the court."
1053,Lawyer,Briefly describe a Lawyer.,"A lawyer is a trained legal professional who advises clients on legal rights and obligations, represents them in court or negotiations, and helps draft or interpret laws, contracts, and other legal documents.  Lawyers must be licensed by their jurisdiction’s bar association and adhere to ethical rules, with specialties ranging from criminal defense and corporate law to family or intellectual property law."
1054,Lawyer,Briefly describe a Lawyer.,"A lawyer is a licensed legal professional who advises clients on legal rights and obligations, represents them in court or negotiations, and helps draft or interpret legal documents such as contracts and wills.  Lawyers specialize in areas like criminal law, family law, corporate law, or civil litigation, and must pass bar exams and uphold ethical standards set by their jurisdiction’s bar association."
1055,Lawyer,Briefly describe a Lawyer.,"A lawyer is a licensed legal professional who advises and represents clients—individuals, organizations, or governments—in civil and criminal matters.  They interpret laws, draft legal documents (like contracts and wills), advocate in court, negotiate settlements, and ensure clients’ rights are protected within the legal system."
1056,Lawyer,Briefly describe a Lawyer.,"A lawyer is a licensed legal professional who advises clients on legal matters, represents them in court or negotiations, and helps interpret and apply laws to resolve disputes or prevent legal issues.  Lawyers may specialize in areas like criminal defense, family law, corporate law, or civil litigation, and they uphold ethical standards while advocating for their clients’ rights and interests within the framework of the law."
1057,Lawyer,Briefly describe a Lawyer.,"A lawyer is a licensed legal professional who advises clients on legal matters, represents them in court or negotiations, and helps draft or interpret contracts, laws, and regulations.  Lawyers specialize in areas such as criminal defense, corporate law, family law, or intellectual property, and must uphold ethical standards while advocating for their clients’ rights and interests within the legal system."
1058,Lawyer,Briefly describe a Lawyer.,"A lawyer is a licensed legal professional who advises and represents clients in legal matters—such as litigation, contracts, compliance, or disputes—by interpreting laws, conducting research, drafting documents, and advocating on their behalf before courts or regulatory bodies.  Lawyers must uphold ethical standards and are typically regulated by bar associations in their jurisdiction."
1059,Lawyer,Briefly describe a Lawyer.,"A lawyer is a licensed legal professional who advises clients on legal matters and represents them in court or negotiations.  Lawyers interpret laws, draft legal documents (e."
1060,Lawyer,Briefly describe a Lawyer.,"A lawyer is a licensed legal professional who advises clients on legal matters, represents them in court or negotiations, and helps interpret and apply laws to resolve disputes or comply with regulations.  Lawyers may specialize in areas such as criminal defense, corporate law, family law, or intellectual property."
1061,Lawyer,Briefly describe a Lawyer.,"A lawyer is a trained legal professional who advises clients on legal matters, represents them in court or negotiations, and helps interpret and apply laws to resolve disputes or prevent legal issues.  Lawyers may specialize in areas like criminal law, family law, corporate law, or intellectual property, and must be licensed by a bar association in their jurisdiction to practice."
1062,Lawyer,Briefly describe a Lawyer.,"A lawyer is a licensed legal professional who advises clients on legal matters, represents them in court or negotiations, and helps interpret and apply laws to resolve disputes or ensure compliance.  Lawyers may specialize in areas like criminal law, family law, corporate law, or intellectual property, and their work involves research, drafting documents (e."
1063,Lawyer,Briefly describe a Lawyer.,"A lawyer is a licensed legal professional who advises and represents clients in legal matters—such as litigation, contracts, or compliance—by interpreting laws, researching cases, drafting documents, and advocating on their behalf in court or negotiations.  Lawyers must uphold ethical standards and are typically required to pass a bar exam after earning a Juris Doctor (J."
1064,Lawyer,Briefly describe a Lawyer.,"A lawyer is a licensed legal professional who advises clients on legal matters and represents them in court or negotiations.  Lawyers interpret laws, draft legal documents (like contracts or wills), advocate for clients’ rights, and may specialize in areas such as criminal law, corporate law, family law, or intellectual property."
1065,Lawyer,Briefly describe a Lawyer.,"A lawyer is a licensed legal professional who advises clients on legal rights and obligations, represents them in court or negotiations, drafts legal documents (like contracts or wills), and advocates for their interests within the framework of the law.  Lawyers must typically pass a bar exam and meet jurisdiction-specific ethical standards to practice."
1066,Lawyer,Briefly describe a Lawyer.,"A lawyer is a licensed legal professional who advises clients on legal rights and obligations, represents them in court or negotiations, and drafts legal documents such as contracts or wills.  Lawyers must complete law school (typically earning a Juris Doctor degree), pass a bar exam, and uphold ethical standards set by their jurisdiction’s legal authority."
1067,Lawyer,Briefly describe a Lawyer.,"A lawyer is a licensed legal professional who advises and represents individuals, organizations, or governments in legal matters—such as litigation, contract drafting, compliance, and dispute resolution—based on their knowledge of laws, regulations, and judicial precedents.  Lawyers must pass bar exams and adhere to ethical standards set by jurisdictional bar associations."
1068,Lawyer,Briefly describe a Lawyer.,"A lawyer is a licensed legal professional who advises and represents individuals, organizations, or the government in legal matters.  Their work includes interpreting laws, drafting legal documents (e."
1069,Lawyer,Briefly describe a Lawyer.,"A lawyer is a licensed legal professional who advises clients on legal matters and represents them in court or negotiations.  Lawyers specialize in areas such as criminal law, civil litigation, corporate law, family law, or intellectual property, and their duties include interpreting laws, drafting legal documents, conducting research, advocating for clients’ rights, and ensuring compliance with regulations."
1070,Lawyer,Briefly describe a Lawyer.,"A lawyer is a licensed legal professional who advises and represents individuals, organizations, or the government in legal matters—including litigation, contract drafting, compliance, and negotiations—by interpreting laws, analyzing facts, and advocating for clients’ rights and interests within the justice system.."
1071,Lawyer,Briefly describe a Lawyer.,"A lawyer is a licensed legal professional who advises and represents clients in legal matters—such as lawsuits, contracts, and compliance—by interpreting laws, conducting research, drafting documents, and advocating on their behalf in court or negotiations.  Lawyers specialize in areas like criminal law, corporate law, family law, or intellectual property, and must adhere to ethical rules set by bar associations."
1072,Lawyer,Briefly describe a Lawyer.,"A lawyer is a licensed legal professional who advises and represents clients—individuals, organizations, or governments—in legal matters, such as disputes, contracts, criminal defense, or compliance with laws.  Lawyers may work in private practice, government, corporations, or nonprofits, and their roles often include researching law, drafting documents, negotiating settlements, and advocating for clients in court or before regulatory bodies."
1073,Lawyer,Briefly describe a Lawyer.,"A lawyer is a licensed legal professional who advises clients on legal matters, represents them in court or negotiations, and helps interpret and apply laws to resolve disputes or ensure compliance.  Lawyers specialize in areas like criminal law, family law, corporate law, or civil litigation, and must uphold ethical standards while advocating for their clients’ rights and interests."
1074,Lawyer,Briefly describe a Lawyer.,"A lawyer is a licensed legal professional who advises clients on legal matters, represents them in court or negotiations, and helps interpret and apply laws to resolve disputes or prevent legal issues.  Lawyers may specialize in areas like criminal law, corporate law, family law, or intellectual property, and their work involves research, drafting documents (e."
1075,Lawyer,Briefly describe a Lawyer.,"A lawyer is a licensed legal professional who advises clients on legal rights and obligations, represents them in court or negotiations, and helps draft or interpret legal documents such as contracts and wills.  Lawyers specialize in areas like criminal law, corporate law, family law, or intellectual property, and must uphold ethical standards while advocating for their clients’ interests within the framework of the law."
1076,Lawyer,Briefly describe a Lawyer.,"A lawyer is a trained legal professional who advises clients on legal matters, represents them in court or negotiations, drafts legal documents (like contracts or wills), and ensures compliance with laws and regulations.  Lawyers may specialize in areas such as criminal defense, corporate law, family law, or intellectual property."
1077,Lawyer,Briefly describe a Lawyer.,"A lawyer is a trained legal professional who advises clients on legal matters, represents them in court or negotiations, and helps draft or interpret contracts, laws, and regulations.  Lawyers must typically earn a Juris Doctor (J."
1078,Lawyer,Briefly describe a Lawyer.,"A lawyer is a licensed legal professional who advises clients on legal rights and obligations, represents them in court or negotiations, and helps draft legal documents such as contracts or wills.  Lawyers specialize in areas like criminal law, family law, corporate law, or civil litigation, and must uphold ethical standards while advocating for their clients’ interests within the bounds of the law."
1079,Lawyer,Briefly describe a Lawyer.,"A lawyer is a licensed legal professional who advises clients on legal matters, represents them in court or negotiations, and helps interpret and apply laws to resolve disputes or ensure compliance.  Lawyers may specialize in areas like criminal law, family law, corporate law, or constitutional law, and they are bound by ethical rules to uphold justice, maintain confidentiality, and serve their clients’ best interests while respecting the rule of law."
1080,Lawyer,Briefly describe a Lawyer.,"A lawyer is a licensed legal professional who advises clients on legal matters, represents them in court or negotiations, and helps draft legal documents—such as contracts or wills—to protect their rights and interests within the framework of the law.  Lawyers must pass bar exams (in most jurisdictions) and adhere to ethical rules governing the practice of law."
1081,Lawyer,Briefly describe a Lawyer.,"A lawyer is a licensed legal professional who advises clients on legal matters, represents them in court or negotiations, drafts legal documents (like contracts or wills), and interprets laws to protect their rights and interests.  Lawyers specialize in areas such as criminal defense, corporate law, family law, or intellectual property, and must adhere to ethical rules and pass bar exams to practice."
1082,Lawyer,Briefly describe a Lawyer.,"A lawyer is a licensed legal professional who advises clients on legal matters and represents them in court or negotiations.  Lawyers interpret laws, draft legal documents (like contracts or wills), advocate for clients’ rights, and may specialize in areas such as criminal defense, corporate law, family law, or intellectual property."
1083,Lawyer,Briefly describe a Lawyer.,"A lawyer is a licensed legal professional who advises clients on legal rights and obligations, represents them in court or negotiations, and helps resolve disputes—by interpreting laws, drafting documents (like contracts or wills), and advocating for their interests within the justice system.  Lawyers must uphold ethical standards and are typically required to pass a bar exam in their jurisdiction."
1084,Lawyer,Briefly describe a Lawyer.,"A lawyer is a trained professional who advises clients on legal matters, represents them in court or negotiations, and helps interpret and apply laws to resolve disputes or ensure compliance with regulations.  Lawyers may specialize in areas such as criminal law, family law, corporate law, or intellectual property, and must typically pass a bar exam and be licensed by a jurisdiction’s legal authority to practice."
1085,Lawyer,Briefly describe a Lawyer.,"A lawyer is a licensed legal professional who advises clients on legal matters, represents them in court or negotiations, and helps interpret or apply laws and regulations.  Lawyers may specialize in areas like criminal law, corporate law, family law, or immigration, and their work involves researching cases, drafting documents (such as contracts or pleadings), advocating for clients’ rights, and ensuring compliance with legal standards."
1086,Lawyer,Briefly describe a Lawyer.,"A lawyer is a licensed legal professional who advises clients on legal matters, represents them in court or negotiations, and helps interpret and apply laws to resolve disputes or ensure compliance.  Lawyers may specialize in areas like criminal law, family law, corporate law, or civil rights, and their work involves research, drafting documents (e."
1087,Lawyer,Briefly describe a Lawyer.,"A lawyer is a licensed legal professional who advises clients on legal matters, represents them in court or negotiations, and helps draft or interpret laws, contracts, and other legal documents.  Lawyers specialize in areas such as criminal law, corporate law, family law, or civil litigation, and must uphold ethical standards while advocating for their clients’ rights and interests within the bounds of the law."
1088,Lawyer,Briefly describe a Lawyer.,"A lawyer is a licensed legal professional who advises clients on legal matters, represents them in court or negotiations, and helps interpret and apply laws to resolve disputes or prevent legal issues.  Lawyers may specialize in areas like criminal law, family law, corporate law, or civil rights, and they must uphold ethical standards while advocating for their clients’ interests within the bounds of the law."
1089,Lawyer,Briefly describe a Lawyer.,"A lawyer is a trained professional who advises clients on legal matters, represents them in court or negotiations, and helps interpret and apply laws to resolve disputes or prevent legal issues.  Lawyers specialize in areas such as criminal, civil, corporate, family, or intellectual property law, and must be licensed by passing a bar exam and meeting ethical standards."
1090,Lawyer,Briefly describe a Lawyer.,"A lawyer is a licensed legal professional who advises clients on legal matters, represents them in court or negotiations, and helps draft legal documents.  Lawyers specialize in areas such as criminal law, family law, corporate law, or civil litigation, and are bound by ethical rules to uphold the law, protect client confidentiality, and act with integrity."
1091,Lawyer,Briefly describe a Lawyer.,"A lawyer is a licensed legal professional who advises and represents clients in legal matters, such as drafting contracts, negotiating settlements, and advocating in court.  Lawyers must complete law school, pass a bar exam, and uphold ethical standards to practice law in their jurisdiction."
1092,Lawyer,Briefly describe a Lawyer.,"A lawyer is a licensed legal professional who advises clients on legal rights and obligations, represents them in court or negotiations, and helps draft legal documents such as contracts or wills.  Lawyers must pass bar exams and adhere to ethical rules set by their jurisdiction’s bar association."
1093,Lawyer,Briefly describe a Lawyer.,"A lawyer is a licensed legal professional who advises clients on legal matters, represents them in court or negotiations, and helps draft or interpret contracts, laws, and regulations.  Lawyers specialize in areas such as criminal defense, corporate law, family law, or civil litigation, and must uphold ethical standards while advocating for their clients’ rights and interests within the bounds of the law."
1094,Lawyer,Briefly describe a Lawyer.,"A lawyer is a trained legal professional who advises clients on legal rights and obligations, represents them in court or negotiations, drafts legal documents (like contracts or wills), and ensures compliance with the law.  Lawyers specialize in areas such as criminal defense, corporate law, family law, or intellectual property, and must be licensed by passing a bar exam and meeting ethical standards."
1095,Lawyer,Briefly describe a Lawyer.,"A lawyer is a licensed legal professional who advises and represents individuals, organizations, or the government in legal matters.  They interpret laws, draft legal documents (such as contracts or wills), advocate for clients in court or negotiations, and help resolve disputes—either through litigation or alternative methods like mediation."
1096,Lawyer,Briefly describe a Lawyer.,"A lawyer is a licensed legal professional who advises clients on legal matters, represents them in court or negotiations, and helps draft or interpret laws, contracts, and other documents.  Lawyers specialize in various fields—such as criminal defense, corporate law, family law, or intellectual property—and must adhere to ethical rules and continue their education to maintain their license."
1097,Lawyer,Briefly describe a Lawyer.,"A lawyer is a licensed legal professional who advises clients on legal matters, represents them in court or negotiations, and helps interpret and apply laws to resolve disputes or ensure compliance with legal requirements.  Lawyers may specialize in areas like criminal law, corporate law, family law, or civil rights, and their work involves research, drafting documents (e."
1098,Lawyer,Briefly describe a Lawyer.,"A lawyer is a licensed legal professional who advises and represents clients—individuals, organizations, or governments—in legal matters, including litigation, contract negotiation, compliance, and dispute resolution.  Lawyers interpret laws, draft legal documents (like contracts or wills), advocate in court, and help clients understand their rights and obligations."
1099,Lawyer,Briefly describe a Lawyer.,"A lawyer is a licensed legal professional who advises clients on legal matters, represents them in court or negotiations, and helps draft or interpret laws, contracts, and other legal documents.  Lawyers specialize in areas such as criminal law, civil litigation, corporate law, family law, or intellectual property, and must uphold ethical standards while advocating for their clients’ rights and interests within the framework of the law."
1100,Lawyer,Briefly describe a Lawyer.,"A lawyer is a licensed legal professional who advises clients on legal matters, represents them in court or negotiations, and helps draft legal documents—such as contracts, wills, or pleadings—to protect their rights and interests within the justice system.  Lawyers specialize in various areas (e."
1101,Lawyer,What is an activity typically enjoyed by a Lawyer?,"An activity typically enjoyed by a lawyer is **researching legal precedents and statutes**—often using tools like Westlaw, LexisNexis, or case law databases—to build strong arguments and advise clients accurately. 

Other common professional activities include:
- Drafting contracts, briefs, and legal correspondence  
- Representing clients in court or during negotiations  
- Conducting client interviews to gather facts and provide legal counsel  
- Attending depositions, mediations, or court hearings  
- Collaborating with colleagues on complex cases  

 Outside of work (for those who do), lawyers may also enjoy activities like reading, strategic games (e."
1102,Lawyer,What is an activity typically enjoyed by a Lawyer?,"A common activity typically enjoyed (or at least frequently engaged in) by lawyers is **reading legal documents and case law**—such as statutes, court opinions, contracts, and briefs—to research issues, build cases, and stay current on legal developments. 

Other typical professional activities include:
- Drafting legal correspondence and motions  
- Attending court hearings or depositions  
- Conducting client interviews and meetings  
- Negotiating settlements or agreements  

While not all lawyers enjoy these tasks personally (many find them demanding!), they are routine parts of the profession."
1103,Lawyer,What is an activity typically enjoyed by a Lawyer?,"An activity typically enjoyed by a lawyer is **researching legal precedents and statutes**—a core part of their daily work.  Lawyers spend significant time:

- Analyzing case law to build or challenge arguments  
- Reviewing statutes, regulations, and contracts  
- Preparing legal briefs, motions, and memos  

Outside formal duties, many lawyers also enjoy activities that leverage—or provide balance from—their analytical and verbal skills, such as:

- **Debating** (formal or informal)  
- **Reading** (legal journals, fiction, nonfiction)  
- **Playing strategy games** like chess or bridge  
- **Participating in moot court or mock trials**, even recreationally  

Of course, preferences vary—some lawyers unwind with hiking, cooking, or community service—but the intellectual and procedural nature of legal work often shapes their leisure interests as well."
1104,Lawyer,What is an activity typically enjoyed by a Lawyer?,"An activity commonly enjoyed (or at least frequently engaged in) by lawyers is **reading and analyzing legal documents**—such as case law, statutes, contracts, briefs, and court opinions.  This core professional skill often doubles as a pastime for many who appreciate the intellectual challenge of parsing complex language and building logical arguments."
1105,Lawyer,What is an activity typically enjoyed by a Lawyer?,"An activity typically enjoyed by a lawyer is **researching legal precedents and statutes**—a core part of building cases, advising clients, and drafting legal documents.  While lawyers often work long hours, many also enjoy related intellectual pursuits such as:

- **Mooting or mock trial competitions** (especially law students and newer attorneys)  
- **Reading legal journals and casebooks** for professional development  
- **Debating complex issues**, either professionally or in informal settings  
- **Analyzing contracts or legislation** for accuracy and implications  

Outside of formal work, some lawyers enjoy activities that leverage their analytical or communication skills—such as writing (e."
1106,Lawyer,What is an activity typically enjoyed by a Lawyer?,"An activity typically enjoyed by a lawyer is **legal research**—especially when it leads to uncovering a key precedent or statute that strengthens their case.  While often demanding, many lawyers find intellectual satisfaction in analyzing complex legal issues, drafting persuasive arguments, and strategizing for court."
1107,Lawyer,What is an activity typically enjoyed by a Lawyer?,"An activity typically enjoyed by a lawyer is **researching legal precedents and statutes**—a core part of legal analysis and case preparation.  Lawyers often spend significant time in libraries, online legal databases (like Westlaw or LexisNexis), or through court opinions to find binding authority that supports their arguments or informs their strategy."
1108,Lawyer,What is an activity typically enjoyed by a Lawyer?,"An activity typically enjoyed by a lawyer is **researching legal statutes, case law, and precedents**—often using legal databases like Westlaw or LexisNexis—to build strong arguments, draft motions or contracts, or advise clients.   

Other common activities include:
- Drafting legal documents (e."
1109,Lawyer,What is an activity typically enjoyed by a Lawyer?,"A typical activity enjoyed by a lawyer is **conducting legal research**—analyzing statutes, case law, and regulations to build or challenge arguments.  While it may sound mundane, many lawyers find it intellectually stimulating and rewarding, especially when crafting a winning strategy or uncovering a key precedent."
1110,Lawyer,What is an activity typically enjoyed by a Lawyer?,"An activity typically enjoyed by a lawyer is **researching legal precedents and statutes**—often using legal databases like Westlaw or LexisNexis—to build strong cases, advise clients, or prepare for court.  This analytical and detail-oriented work aligns with core legal skills and intellectual curiosity."
1111,Lawyer,What is an activity typically enjoyed by a Lawyer?,"An activity typically enjoyed by many lawyers is **researching legal precedents and statutes**—often using databases like Westlaw or LexisNexis—to build strong cases, advise clients, or draft legal documents.  While this may sound dry to outsiders, many lawyers find it intellectually stimulating and rewarding, especially when uncovering a key precedent that shifts the balance in their favor."
1112,Lawyer,What is an activity typically enjoyed by a Lawyer?,"An activity typically enjoyed by a lawyer is **conducting legal research**—analyzing statutes, case law, and regulations to build arguments, advise clients, or prepare for court.  While this may sound formal (and often involves long hours), many lawyers find it intellectually stimulating, like solving complex puzzles."
1113,Lawyer,What is an activity typically enjoyed by a Lawyer?,"An activity typically enjoyed by a lawyer is **researching legal precedents and statutes**—often using legal databases like Westlaw or LexisNexis—to build strong arguments, draft motions, or advise clients accurately.  This analytical work aligns with the core legal skill of critical thinking and attention to detail."
1114,Lawyer,What is an activity typically enjoyed by a Lawyer?,"An activity typically enjoyed by a lawyer is **researching legal precedents and statutes**—whether through legal databases (like Westlaw or LexisNexis), reviewing case law, or analyzing legislation—to support their arguments, advise clients, or prepare for court. 

Other common activities include:
- Drafting legal documents (e."
1115,Lawyer,What is an activity typically enjoyed by a Lawyer?,"A typical activity enjoyed by many lawyers is **legal research and writing**—which, while part of their job, many find intellectually stimulating and rewarding.  Outside of work hours, common leisure activities among lawyers include:

- **Reading** (especially legal texts, but also fiction, history, or biographies)  
- **Debating or discussing current events, politics, or legal issues**  
- **Playing strategic games** like chess or bridge  
- **Engaging in advocacy or pro bono work**, which combines their skills with a sense of purpose  
- **Attending cultural events** such as lectures, museum visits, or theater (especially legal dramas)  

Of course, preferences vary widely—like any profession, lawyers have diverse hobbies."
1116,Lawyer,What is an activity typically enjoyed by a Lawyer?,"An activity typically enjoyed by a lawyer is **researching legal precedents and statutes**—often in law libraries or online databases like Westlaw or LexisNexis—to build strong arguments, advise clients, or prepare for court. 

Other common professional (and often leisure-based) activities include:
- Drafting contracts, briefs, or legal memoranda  
- Analyzing complex regulations and case law  
- Engaging in strategic thinking and logical reasoning  
- Attending court hearings, depositions, or client meetings  
- Participating in continuing legal education (CLE)  

Outside formal work, many lawyers also enjoy activities that leverage their skills—such as writing, debate, reading non-fiction (especially history or biography), or volunteering in pro bono legal clinics."
1117,Lawyer,What is an activity typically enjoyed by a Lawyer?,"A typical activity enjoyed by a lawyer is **conducting legal research**—analyzing statutes, case law, and regulations to build strong arguments or advise clients.  While this may sound intense (and it often is!), many lawyers find intellectual satisfaction in solving complex legal puzzles."
1118,Lawyer,What is an activity typically enjoyed by a Lawyer?,"A typical activity enjoyed by a lawyer is **researching legal precedents and statutes**—often involving reviewing case law, interpreting regulations, and analyzing legal texts to build strong arguments or advise clients effectively. 

Other common professional activities lawyers enjoy include:
- Drafting and reviewing contracts or legal documents  
- Strategizing litigation or negotiation approaches  
- Interviewing witnesses or clients  
- Arguing motions or presenting cases in court  
- Engaging in continuing legal education (CLE) to stay updated on legal developments  

While not *exclusive* to lawyers, these activities align with the core intellectual and advocacy work of the profession."
1119,Lawyer,What is an activity typically enjoyed by a Lawyer?,"An activity commonly enjoyed by lawyers is **researching legal precedents and statutes**—a core part of their professional work.  Beyond that, many lawyers also appreciate activities that support their demanding profession, such as:

- **Debating or engaging in structured argumentation** (e."
1120,Lawyer,What is an activity typically enjoyed by a Lawyer?,"An activity typically enjoyed by a lawyer is **drafting legal documents**—such as contracts, briefs, motions, or wills—which requires careful analysis, precise language, and strategic thinking.  While this may sound mundane to outsiders, many lawyers find deep satisfaction in crafting clear, persuasive, and legally sound documents."
1121,Lawyer,What is an activity typically enjoyed by a Lawyer?,"A lawyer commonly enjoys **researching legal precedents and statutes**—a core part of building cases, advising clients, and drafting legal arguments.  Other typical activities include:

- Drafting contracts, pleadings, or legal briefs  
- Participating in depositions or discovery  
- Attending court hearings or negotiations  
- Analyzing complex legal issues and interpreting legislation  
- Meeting with clients to discuss strategies and updates  

Outside the office, many lawyers also appreciate activities that complement their skills—such as reading (especially nonfiction, history, or current events), debate, critical thinking games (e."
1122,Lawyer,What is an activity typically enjoyed by a Lawyer?,"An activity typically enjoyed by a lawyer is **researching legal precedents and statutes**—often using legal databases like Westlaw or LexisNexis—to build strong cases, advise clients, or prepare for court arguments. 

Other common activities include:
- Drafting and reviewing contracts, pleadings, or legal briefs  
- Participating in depositions or client interviews  
- Attending court hearings or arbitrations  
- Collaborating with colleagues on case strategy  
- Reading legal journals or continuing legal education (CLE) courses to stay current on laws  

While ""enjoyed"" is subjective, many lawyers find deep satisfaction in analytical problem-solving, advocacy, and helping clients navigate complex legal issues."
1123,Lawyer,What is an activity typically enjoyed by a Lawyer?,"An activity typically enjoyed by a lawyer is **conducting legal research**—analyzing statutes, case law, and regulations to build arguments or advise clients.  While this may sound work-related (and it often *is* part of their job), many lawyers genuinely enjoy the intellectual challenge, problem-solving aspect, and detective-like nature of digging through legal texts and precedents."
1124,Lawyer,What is an activity typically enjoyed by a Lawyer?,"A typical activity enjoyed by a lawyer is **researching legal precedents and statutes**—a core part of building cases, drafting motions, or advising clients.  Lawyers often spend significant time in law libraries, online legal databases (like Westlaw or LexisNexis), or reviewing case files to interpret laws and argue effectively."
1125,Lawyer,What is an activity typically enjoyed by a Lawyer?,"An activity commonly enjoyed by lawyers is **reading and analyzing legal documents**—such as case law, statutes, contracts, and briefs—to build arguments, advise clients, or prepare for court. 

Other typical activities include:

- **Conducting legal research** (using databases like Westlaw or LexisNexis)  
- **Drafting pleadings, motions, and legal memoranda**  
- **Attending court hearings or depositions**  
- **Meeting with clients to discuss cases and strategy**  
- **Negotiating settlements or agreements**  
- **Participating in continuing legal education (CLE)**  

While not unique to lawyers, many also enjoy activities like debate, critical thinking puzzles (e."
1126,Lawyer,What is an activity typically enjoyed by a Lawyer?,"An activity typically enjoyed by a lawyer is **drafting legal documents**, such as contracts, pleadings, or briefs—though this may sound like work, many lawyers take pride in the precision, logic, and creativity involved.  Beyond professional duties, lawyers often enjoy:

- **Reading and researching** (e."
1127,Lawyer,What is an activity typically enjoyed by a Lawyer?,"An activity typically enjoyed by a lawyer is **researching legal precedents and statutes**—a core part of legal work that involves analyzing case law, regulations, and legislation to build arguments, advise clients, or prepare for court.  While not always “leisure,” many lawyers find deep satisfaction in this analytical and problem-solving work."
1128,Lawyer,What is an activity typically enjoyed by a Lawyer?,"A typical activity enjoyed by many lawyers is **researching legal precedents and statutes**—often in law libraries, legal databases (like Westlaw or LexisNexis), or online resources—to build strong cases, advise clients, and draft legal documents. 

Other common activities include:

- **Writing legal briefs, contracts, and motions**
- **Participating in client consultations and negotiations**
- **Attending court hearings, depositions, or mediations**
- **Reading and analyzing complex case law**
- **Engaging in continuing legal education (MCLE) to stay updated on laws**

While not all lawyers enjoy *every* aspect of the job (e."
1129,Lawyer,What is an activity typically enjoyed by a Lawyer?,"An activity typically enjoyed by a lawyer is **researching case law and legal statutes**—a core part of their work that involves analyzing precedents, interpreting legislation, and building legal arguments.  While this is professional, many lawyers also find it intellectually stimulating and enjoy the puzzle-like challenge it presents."
1130,Lawyer,What is an activity typically enjoyed by a Lawyer?,"An activity typically enjoyed by a lawyer is **conducting legal research**—analyzing statutes, case law, and regulations to build strong arguments or advise clients.  While often perceived as work, many lawyers find it intellectually stimulating and rewarding, akin to solving complex puzzles."
1131,Lawyer,What is an activity typically enjoyed by a Lawyer?,"An activity typically enjoyed by a lawyer is **researching legal precedents and statutes**—whether in law libraries, online databases (like Westlaw or LexisNexis), or through case law analysis—to build strong arguments, advise clients, and prepare for court. 

Other common professional activities lawyers enjoy or engage in regularly include:

- Drafting contracts, briefs, and legal opinions  
- Mooting (mock courtroom advocacy)  
- Attending court hearings and depositions  
- Collaborating with colleagues on complex cases  
- Engaging in continuing legal education (CLE) to stay updated on legal developments  

Outside of work, some lawyers also enjoy activities like reading, debate, puzzle-solving, or volunteering for pro bono legal clinics—leveraging their analytical and communication skills."
1132,Lawyer,What is an activity typically enjoyed by a Lawyer?,"An activity typically enjoyed by many lawyers is **researching legal precedents and statutes**—often using legal databases like Westlaw or LexisNexis—to build strong arguments, assess case viability, or advise clients.  While this may sound mundane, many lawyers find the intellectual challenge and problem-solving deeply satisfying."
1133,Lawyer,What is an activity typically enjoyed by a Lawyer?,"A common activity typically enjoyed (or at least frequently engaged in) by lawyers is **researching legal precedents and statutes**—often using tools like Westlaw, LexisNexis, or government databases—to build strong cases or advise clients accurately. 

Other typical professional activities include:
- Drafting legal documents (contracts, briefs, pleadings)
- Analyzing complex information and identifying legal issues
- Participating in strategic discussions with colleagues or clients
- Attending court hearings, depositions, or negotiations
- Staying updated on new legislation and case law

While not unique to lawyers, many also enjoy activities that align with their analytical and communication strengths—such as reading (especially non-fiction, history, or literature), debate, writing, or volunteering in civic/mentorship roles."
1134,Lawyer,What is an activity typically enjoyed by a Lawyer?,"A lawyer typically enjoys activities such as:

- **Researching legal issues** (e. g."
1135,Lawyer,What is an activity typically enjoyed by a Lawyer?,"An activity typically enjoyed by a lawyer is **researching legal precedents and statutes**—a core part of legal practice.  This often involves reviewing case law, analyzing legislation, and synthesizing arguments to support client positions."
1136,Lawyer,What is an activity typically enjoyed by a Lawyer?,"A typical activity enjoyed by many lawyers is **researching legal precedents and statutes**—often using legal databases like Westlaw or LexisNexis—to build strong cases or provide informed advice.  While this may sound mundane, many lawyers find deep satisfaction in the intellectual challenge of analyzing complex issues, spotting nuanced arguments, and crafting persuasive legal reasoning."
1137,Lawyer,What is an activity typically enjoyed by a Lawyer?,"An activity typically enjoyed by a lawyer is **drafting legal documents**, such as contracts, pleadings, or opinions.  This involves researching applicable laws, analyzing facts, and carefully crafting precise language to protect clients' interests and ensure compliance with legal standards."
1138,Lawyer,What is an activity typically enjoyed by a Lawyer?,"A typical activity enjoyed by many lawyers is **researching legal precedents and statutes**—whether in law libraries, online databases like Westlaw or LexisNexis, or through court opinions—to build strong arguments, advise clients, or draft legal documents. 

Other common professional (and often leisurely) activities include:

- **Drafting contracts, briefs, or pleadings**
- **Analyzing complex problems and interpreting ambiguous language**
- **Negotiating settlements or deals**
- **Preparing for and participating in depositions, mediations, or court hearings**

Outside strictly work duties, many lawyers enjoy activities that leverage their analytical skills or offer stress relief—such as reading (especially nonfiction, history, or fiction), chess, debate, writing, or even volunteering with legal aid clinics."
1139,Lawyer,What is an activity typically enjoyed by a Lawyer?,"An activity typically enjoyed by a lawyer is **reading and analyzing legal documents**, such as statutes, case law, contracts, pleadings, and discovery materials.  This critical reading and analysis form the backbone of legal work—helping lawyers build arguments, assess risks, advise clients, and prepare for court."
1140,Lawyer,What is an activity typically enjoyed by a Lawyer?,"An activity commonly enjoyed (or at least frequently engaged in) by lawyers is **reading legal briefs, statutes, and case law**—often over coffee or tea. 

While not all lawyers personally “enjoy” the sheer volume of reading, many do find intellectual satisfaction in analyzing complex texts, constructing persuasive arguments, and staying up-to-date on legal developments."
1141,Lawyer,What is an activity typically enjoyed by a Lawyer?,"An activity typically enjoyed by a lawyer is **researching case law and legal precedents**—a core part of their work involving analyzing statutes, court decisions, and regulations to build arguments or advise clients. 

Other common activities lawyers enjoy (depending on personal interest) include:
- **Drafting legal documents** (contracts, briefs, pleadings)
- **Mooting or arguing in court**
- **Networking with colleagues and clients**
- **Reading legal journals or news**
- **Participating in pro bono work or community service**

While “enjoyed” is subjective, many lawyers find intellectual challenge and satisfaction in tasks like strategic analysis, writing persuasive arguments, and advocating for justice."
1142,Lawyer,What is an activity typically enjoyed by a Lawyer?,"An activity typically enjoyed by a lawyer is **researching legal precedents and statutes**—often in law libraries or online legal databases like Westlaw or LexisNexis.  This core professional task supports case strategy, drafting arguments, and ensuring accurate legal advice."
1143,Lawyer,What is an activity typically enjoyed by a Lawyer?,"An activity commonly enjoyed by lawyers—especially during downtime or for professional development—is **reading legal briefs, statutes, or case law**.  Beyond work-related reading, many lawyers also enjoy:

- **Debating or engaging in thoughtful discussions** (leveraging their argumentation skills)  
- **Writing** (e."
1144,Lawyer,What is an activity typically enjoyed by a Lawyer?,"A typical activity enjoyed by many lawyers is **researching legal precedents and statutes**—often using legal databases like Westlaw or LexisNexis—to build strong arguments, draft motions, or advise clients.  While not “leisure” in the casual sense, it’s a core professional activity that many find intellectually stimulating and rewarding."
1145,Lawyer,What is an activity typically enjoyed by a Lawyer?,"An activity typically enjoyed by a lawyer is **conducting legal research**—analyzing statutes, case law, and regulations to build strong arguments or advise clients.  Other common professional and recreational activities include:

- **Drafting legal documents** (e."
1146,Lawyer,What is an activity typically enjoyed by a Lawyer?,"An activity typically enjoyed by a lawyer is **researching legal precedents and statutes**—often using legal databases like Westlaw or LexisNexis—to build strong arguments, advise clients, and prepare for court.  Other common professional activities include:

- Drafting contracts, pleadings, and legal briefs  
- Conducting client interviews and depositions  
- Attending hearings, trials, or negotiations  
- Reviewing case files and evidence  
- Engaging in continuing legal education (CLE) to stay current on law developments  

While not exclusive to lawyers, many also enjoy activities like reading (especially non-fiction), debating, writing, strategic thinking, and problem-solving—skills that translate well into hobbies such as chess, puzzle-solving, or volunteering for legal aid."
1147,Lawyer,What is an activity typically enjoyed by a Lawyer?,"An activity commonly enjoyed (or professionally required) by many lawyers is **researching legal precedents and statutes**—often using legal databases like Westlaw or LexisNexis.  This involves analyzing case law, reading judicial opinions, and interpreting legislation to build arguments or advise clients."
1148,Lawyer,What is an activity typically enjoyed by a Lawyer?,"An activity typically enjoyed by a lawyer is **legal research**—analyzing statutes, case law, and regulations to build arguments or advise clients.  While not glamorous, many lawyers find it intellectually stimulating and rewarding."
1149,Lawyer,What is an activity typically enjoyed by a Lawyer?,"A common activity typically enjoyed by lawyers is **analyzing legal documents or cases**—such as statutes, contracts, court opinions, or briefs—to identify key facts, legal principles, and arguments.  This intellectual engagement often overlaps with:

- **Researching legal precedents**  
- **Drafting pleadings, motions, or contracts**  
- **Mooting (simulated appellate argument practice)**  
- **Strategizing case outcomes**  
- **Attending legal conferences or continuing legal education (CLE) courses**

Outside of work, many lawyers also enjoy activities that support mental focus and stress relief—like reading (especially non-fiction, history, or literature), hiking, chess, or debate."
1150,Lawyer,What is an activity typically enjoyed by a Lawyer?,"A typical activity enjoyed by a lawyer is **researching legal precedents and statutes**—often using legal databases like Westlaw or LexisNexis—to support case strategy, draft motions, or prepare for court.   

Other common enjoyable activities include:  
- Analyzing complex contracts or agreements  
- Crafting persuasive legal briefs or arguments  
- Engaging in strategic problem-solving (e."
1151,Lawyer,What is an activity typically enjoyed by a Lawyer?,"An activity typically enjoyed by a lawyer is **analyzing legal documents and case law**—such as reviewing contracts, statutes, or court opinions—to build strong arguments, advise clients, or prepare for litigation.  Many lawyers also enjoy the intellectual challenge of legal research (e."
1152,Lawyer,What is an activity typically enjoyed by a Lawyer?,"A typical activity enjoyed by many lawyers is **researching legal precedents and statutes**—often using legal databases like Westlaw or LexisNexis—to build strong arguments, draft motions, or advise clients.  This analytical work combines problem-solving with deep legal knowledge."
1153,Lawyer,What is an activity typically enjoyed by a Lawyer?,"A lawyer commonly enjoys **researching legal cases and statutes**—a core part of their work.  This includes:

- Studying case law (e."
1154,Lawyer,What is an activity typically enjoyed by a Lawyer?,"An activity typically enjoyed by a lawyer is **analyzing legal documents or case law**—such as reviewing contracts, statutes, or court rulings—to identify key issues, build arguments, or advise clients.  Many lawyers also enjoy:

- **Debating or arguing points** (in court or informally),  
- **Writing legal briefs, memos, or opinions**,  
- **Conducting legal research** using databases like Westlaw or LexisNexis,  
- **Attending continuing legal education (CLE) seminars**,  
- **Networking with colleagues and clients**, and  
- **Mentoring junior attorneys or law students**."
1155,Lawyer,What is an activity typically enjoyed by a Lawyer?,"An activity typically enjoyed by a lawyer is **analyzing legal texts and cases**—such as statutes, court opinions, contracts, or regulations—to interpret laws, build arguments, or advise clients.  This often involves:

- **Legal research** (using databases like Westlaw or LexisNexis),
- **Drafting motions, briefs, or contracts**,  
- **Attending depositions or hearings**, and  
- **Strategizing case tactics with colleagues."
1156,Lawyer,What is an activity typically enjoyed by a Lawyer?,"An activity typically enjoyed by a lawyer is **researching legal precedents and statutes**—often called “legal research. ” This core professional task involves analyzing case law, legislation, regulations, and legal commentary to build arguments, advise clients, or prepare for court."
1157,Lawyer,What is an activity typically enjoyed by a Lawyer?,"An activity typically enjoyed by a lawyer is **researching legal precedents and statutes**—a core part of their professional work.  This might involve:

- Searching case law databases (e."
1158,Lawyer,What is an activity typically enjoyed by a Lawyer?,"An activity commonly enjoyed (or at least frequently engaged in) by lawyers is **researching legal precedents and statutes**—a core part of legal practice, especially for drafting arguments, preparing cases, or advising clients. 

Other typical activities include:

- **Reading and analyzing legal documents** (contracts, briefs, court opinions)
- **Writing memos, motions, and legal Briefs**
- **Attending court hearings or negotiations**
- **Conducting client interviews or depositions**
- **Participating in continuing legal education (CLE) courses**

While not all lawyers “enjoy” every task, many find intellectual challenge and satisfaction in legal analysis, problem-solving, and advocacy—so activities like debating, strategic thinking, or even participating in moot court or pro bono work can be both professionally necessary and personally rewarding."
1159,Lawyer,What is an activity typically enjoyed by a Lawyer?,"An activity typically enjoyed by a lawyer is **conducting legal research**—whether in law libraries, online databases (like Westlaw or LexisNexis), or through case law and statutes—to analyze issues, build arguments, and advise clients. 

Other common activities include:
- Drafting contracts, motions, or pleadings  
- Meeting with clients to discuss cases  
- Attending court hearings or negotiations  
- Reviewing evidence and case files  

While “enjoyed” can be subjective, many lawyers find deep satisfaction in problem-solving, advocacy, and the intellectual rigor of legal work."
1160,Lawyer,What is an activity typically enjoyed by a Lawyer?,"An activity typically enjoyed by a lawyer is **conducting legal research**—whether reviewing case law, statutes, regulations, or legal databases to build arguments or advise clients.  Other common professional activities include:

- Drafting contracts, pleadings, or legal briefs  
- Attending court hearings or depositions  
- Meeting with clients for consultations  
- Negotiating settlements or agreements  
- Participating in continuing legal education (CLE)  

While not exclusive to lawyers, many also enjoy reading, critical thinking, debate, and writing—all valuable skills in the profession."
1161,Lawyer,What is an activity typically enjoyed by a Lawyer?,"An activity typically enjoyed by a lawyer is **researching legal precedents and statutes**—a core part of their work involving analyzing case law, reviewing legislation, and building legal arguments.  Outside of formal duties, many lawyers also enjoy activities such as:

- **Debating or discussing current events/philosophy**, leveraging their analytical and persuasive skills  
- **Reading legal literature, novels, or nonfiction** (e."
1162,Lawyer,What is an activity typically enjoyed by a Lawyer?,"An activity typically enjoyed by a lawyer is **researching legal precedents and statutes**—often using legal databases like Westlaw or LexisNexis—to build strong cases, advise clients, or draft legal documents. 

Other common activities lawyers enjoy (professionally or recreationally) include:

- **Mooting or mock trial competitions** (especially for students/junior attorneys honing advocacy skills)  
- **Reading complex texts**, such as case law, contracts, or legislative materials  
- **Debating or analytical discussions**, leveraging their critical thinking and argumentation skills  
- **Drafting precise legal documents** (e."
1163,Lawyer,What is an activity typically enjoyed by a Lawyer?,"A typical activity enjoyed by many lawyers is **researching legal precedents and statutes**—often using legal databases like Westlaw or LexisNexis—to build strong cases, advise clients, or draft legal documents.  While not all lawyers find it inherently *fun*, many enjoy the intellectual challenge and problem-solving aspect of legal analysis."
1164,Lawyer,What is an activity typically enjoyed by a Lawyer?,"A typical activity enjoyed by many lawyers is **researching case law and legal statutes**—often called ""legal research. "" This involves analyzing past court decisions (precedents), statutes, regulations, and legal treatises to build arguments, advise clients, or prepare for litigation or transactions."
1165,Lawyer,What is an activity typically enjoyed by a Lawyer?,"A typical activity enjoyed by a lawyer is **researching legal precedents and statutes**—whether in law libraries, online databases (like Westlaw or LexisNexis), or through case law analysis—to build strong arguments, advise clients, or prepare for court. 

Other common professional activities include:
- Drafting legal documents (contracts, briefs, motions)
- Analyzing complex legal issues
- Negotiating settlements or deals
- Representing clients in court or depositions
- Advising clients on compliance and risk

On a more personal or leisure note, many lawyers also enjoy **problem-solving**, critical thinking exercises, reading (especially non-fiction, history, or literature), and participating in debate or public speaking—skills that overlap with their profession but can be enjoyable outside work too."
1166,Lawyer,What is an activity typically enjoyed by a Lawyer?,"An activity typically enjoyed by a lawyer is **researching legal precedents and statutes**—often using legal databases like Westlaw or LexisNexis—to build strong arguments, draft motions, or advise clients.  This analytical work aligns with their core professional skills in critical thinking, attention to detail, and legal reasoning."
1167,Lawyer,What is an activity typically enjoyed by a Lawyer?,"An activity typically enjoyed by a lawyer is **legal research**—analyzing statutes, case law, and regulations to build strong arguments or advise clients.  While it may sound mundane, many lawyers find deep satisfaction in the intellectual challenge of solving complex legal puzzles."
1168,Lawyer,What is an activity typically enjoyed by a Lawyer?,"A typical activity enjoyed by a lawyer is **conducting legal research**—analyzing statutes, case law, and regulations to build strong arguments or advise clients.  While this is often work-related, many lawyers also enjoy related intellectual activities such as:

- **Reading complex legal texts or fiction/nonfiction** (especially history, politics, or biographies)  
- **Debating or engaging in structured argumentation**  
- **Drafting clear, persuasive written documents** (briefs, contracts, memos)  
- **Attending continuing legal education (CLE) seminars or bar association events**

Outside work, many lawyers enjoy hobbies that complement their analytical and communication skills—like writing, public speaking, strategic games (e."
1169,Lawyer,What is an activity typically enjoyed by a Lawyer?,"An activity typically enjoyed by a lawyer is **researching legal precedents and statutes**—often using databases like Westlaw or LexisNexis—to build strong arguments, prepare for court, or advise clients.  Other common activities include:

- Drafting and reviewing contracts, pleadings, or legal briefs  
- Analyzing complex legal documents and evidence  
- Engaging in strategic case planning and motion practice  
- Attending depositions, hearings, or trials  
- Networking with colleagues, judges, or potential clients  

While not all lawyers enjoy every aspect of their work, many find deep satisfaction in problem-solving, advocacy, and upholding justice—so activities like *analytical thinking*, *oral argument*, and *ethical decision-making* are central to the profession."
1170,Lawyer,What is an activity typically enjoyed by a Lawyer?,"An activity typically enjoyed by a lawyer is **researching legal precedents and statutes**—often using legal databases like Westlaw or LexisNexis—to build strong arguments, assess case viability, or advise clients. 

Other common activities lawyers enjoy (professionally or recreationally) include:
- Drafting and reviewing contracts or legal documents  
- Analyzing complex facts and法律 reasoning  
- Engaging in strategic discussions with colleagues or judges  
- Participating in moot court or mock trials (often for professional development or fun)

Outside the office, many lawyers also enjoy activities that complement their analytical skills—such as reading non-fiction, debating, chess, or writing."
1171,Lawyer,What is an activity typically enjoyed by a Lawyer?,"A typical activity enjoyed by a lawyer is **researching case law and statutes**—often referred to as legal research.  Lawyers spend considerable time analyzing precedents, interpreting regulations, and reviewing legal databases (e."
1172,Lawyer,What is an activity typically enjoyed by a Lawyer?,"An activity typically enjoyed by a lawyer is **reading and analyzing legal documents**—such as statutes, case law, contracts, or court opinions—to interpret legal principles, build arguments, and advise clients. 

Other common professional activities lawyers often enjoy (depending on personal interests) include:
- Conducting legal research  
- Drafting pleadings, briefs, or agreements  
- Attending court hearings or negotiations  
- Strategizing with colleagues or clients  
- Mentoring junior attorneys or law students  

While “enjoy” can be subjective (lawyering can be high-pressure!), many lawyers derive satisfaction from critical thinking, advocacy, problem-solving, and upholding justice."
1173,Lawyer,What is an activity typically enjoyed by a Lawyer?,"A typical activity enjoyed by many lawyers is **researching legal precedents and statutes**—whether in law libraries, online databases (like Westlaw or LexisNexis), or through case law analysis—to build strong arguments or advise clients accurately.   

Other common professional activities include:  
- Drafting and reviewing contracts or legal documents  
- Preparing for and attending court hearings or depositions  
- Meeting with clients to discuss cases and strategies  
- Writing memos, briefs, or legal opinions  
- Participating in continuing legal education (CLE) courses  

Outside of formal duties, many lawyers also enjoy activities that leverage their analytical skills—such as solving puzzles, reading complex nonfiction, or debating—or winding down with hobbies like hiking, playing strategy-based games (e."
1174,Lawyer,What is an activity typically enjoyed by a Lawyer?,"An activity typically enjoyed by a lawyer is **researching legal precedents and statutes**—a core part of their professional work.  Lawyers routinely engage in legal research to analyze case law, interpret legislation, build arguments, and advise clients effectively."
1175,Lawyer,What is an activity typically enjoyed by a Lawyer?,"An activity typically enjoyed by many lawyers is **reading and analyzing legal documents**—such as case law, statutes, contracts, or briefs—as part of their professional work.  Beyond this core task, lawyers often enjoy activities that engage their analytical thinking, communication skills, and problem-solving abilities, such as:

- **Debating or arguing points** (in or outside of court)  
- **Writing legal memos, opinions, or briefs**  
- **Researching complex legal issues**  
- **Mentoring law students or junior attorneys**  
- **Participating in moot court or mock trials**  
- **Attending Continuing Legal Education (CLE) courses**  
- **Engaging in pro bono work or community legal outreach**

Some also enjoy recreational activities that complement their profession, like reading (fiction or non-fiction), writing, strategy games (e."
1176,Lawyer,What is an activity typically enjoyed by a Lawyer?,"A typical activity enjoyed by a lawyer is **reading and analyzing legal documents**, such as statutes, case law, contracts, briefs, and court opinions.  This often includes:

- Conducting legal research (e."
1177,Lawyer,What is an activity typically enjoyed by a Lawyer?,"An activity typically enjoyed by a lawyer is **researching legal precedents and statutes**—often using legal databases like Westlaw or LexisNexis—to build strong cases, advise clients, or draft legal documents.  While not all lawyers enjoy it (some find it tedious!), many appreciate the intellectual challenge and precision it requires."
1178,Lawyer,What is an activity typically enjoyed by a Lawyer?,"An activity typically enjoyed by a lawyer is **analyzing legal documents or case law**—for example, reviewing statutes, contracts, court opinions, or precedent to build arguments, assess risks, or advise clients. 

Other common activities include:
- Conducting legal research (e."
1179,Lawyer,What is an activity typically enjoyed by a Lawyer?,"A typical activity enjoyed by many lawyers is **researching legal precedents and statutes**—often using legal databases like Westlaw or LexisNexis—to build strong arguments, advise clients, or prepare for court. 

Other common professional activities include:
- Drafting contracts, briefs, and other legal documents  
- Analyzing complex legal issues  
- Representing clients in negotiations or mediations  
- Preparing for and attending court hearings or depositions  

Outside of work (though sometimes overlapping), many lawyers enjoy activities such as reading (especially non-fiction, history, or literature), strategic thinking games (e."
1180,Lawyer,What is an activity typically enjoyed by a Lawyer?,"An activity typically enjoyed by a lawyer is **reading and analyzing legal documents**, such as statutes, case law, contracts, or briefs. 

Other common activities include:
- Conducting legal research  
- Drafting motions, pleadings, or legal opinions  
- Preparing for and attending court hearings or depositions  
- Negotiating settlements with opposing counsel  
- Consulting with clients  

These tasks reflect the core professional duties of a lawyer, though many also enjoy related intellectual hobbies like debate, writing, or staying informed on current events—especially those relevant to law and policy."
1181,Lawyer,What is an activity typically enjoyed by a Lawyer?,"A typical activity enjoyed by a lawyer is **researching legal precedents and statutes**—often using legal databases like Westlaw or LexisNexis—to build strong cases, advise clients, or draft legal documents.  Other common professional (and sometimes leisure) activities include:

- Drafting contracts, briefs, or pleadings  
- Mooting (模拟法庭 argument practice) or participating in mock trials  
- Analyzing complex regulations or case law  
- Collaborating with colleagues on strategy  
- Attending court hearings or depositions  

Outside strict work hours, many lawyers enjoy intellectually stimulating pastimes that align with their skills—such as reading historical or legal nonfiction, debating, writing (e."
1182,Lawyer,What is an activity typically enjoyed by a Lawyer?,"An activity commonly enjoyed by lawyers—beyond their core legal work—is **reading and analyzing legal texts**, such as case law, statutes, contracts, and law review articles.  This reflects both the intellectual rigor of the profession and the need for constant learning."
1183,Lawyer,What is an activity typically enjoyed by a Lawyer?,"An activity commonly enjoyed (or at least frequently engaged in) by lawyers is **legal research**—particularly using databases like Westlaw or LexisNexis to analyze case law, statutes, and regulations. 

Other typical professional activities include:

- Drafting contracts, briefs, or legal memoranda  
- Preparing for and attending court hearings or depositions  
- Conducting client interviews or negotiations  
- Reviewing documents during discovery (e."
1184,Lawyer,What is an activity typically enjoyed by a Lawyer?,"An activity commonly enjoyed by lawyers—though it can vary greatly depending on the individual—is **analyzing legal documents or cases**.  This includes:

- **Reading and interpreting statutes, regulations, and court opinions**
- **Drafting contracts, briefs, or legal correspondence**
- **Conducting legal research (online databases like Westlaw or LexisNexis)**
- **Mooting or debating** (especially in law school or appellate practice)

Other popular professional activities include:
- **Client consultations and strategy sessions**
- **Court appearances and hearings**
- **Negotiating settlements or plea deals**

Outside of work, many lawyers enjoy intellectually stimulating pursuits such as reading, playing chess or other strategic games, writing, or participating in civic/professional organizations."
1185,Lawyer,What is an activity typically enjoyed by a Lawyer?,"A common activity typically enjoyed by lawyers is **researching case law and statutes**—a core part of legal practice that involves analyzing precedents, interpreting regulations, and building legal arguments.  While this may sound like work (and it often *is*), many lawyers genuinely enjoy the intellectual challenge, puzzle-solving nature, and deep analytical thinking it requires."
1186,Lawyer,What is an activity typically enjoyed by a Lawyer?,"A typical activity enjoyed by many lawyers is **researching legal precedents and statutes**—a core part of legal practice that involves analyzing case law, statutes, regulations, and legal commentaries to build arguments or advise clients. 

Other common activities include:
- Drafting and reviewing contracts, pleadings, or legal briefs  
- Participating in client meetings or negotiations  
- Attending court hearings or depositions  
- Conducting interviews (e."
1187,Lawyer,What is an activity typically enjoyed by a Lawyer?,"An activity typically enjoyed by a lawyer is **researching legal precedents and statutes**—often using legal databases like Westlaw or LexisNexis—to build strong cases, advise clients, or draft legal documents. 

Other common professional activities lawyers enjoy include:

- **Analyzing complex legal issues**
- **Writing motion practice or briefs**
- **Oral advocacy (e."
1188,Lawyer,What is an activity typically enjoyed by a Lawyer?,"An activity typically enjoyed by a lawyer is **analyzing legal precedents and statutes**—often referred to as “legal research. ” This involves reviewing case law, legislation, regulations, and other authoritative sources to interpret the law, build legal arguments, advise clients, and prepare for litigation or negotiations."
1189,Lawyer,What is an activity typically enjoyed by a Lawyer?,"A typical activity enjoyed by a lawyer is **conducting legal research**—analyzing statutes, case law, and regulations to build strong arguments or advise clients.  While this may sound routine, many lawyers find it intellectually stimulating and rewarding, like solving complex puzzles."
1190,Lawyer,What is an activity typically enjoyed by a Lawyer?,"A typical activity enjoyed by a lawyer is **researching case law and legal statutes**—often using tools like Westlaw, LexisNexis, or online databases—to build strong arguments, assess precedents, and advise clients accurately.   

Other common professional (and sometimes leisure-adjacent) activities include:
- Drafting and reviewing contracts or legal briefs  
- Preparing for and attending court hearings, depositions, or negotiations  
- Moot court practice (especially for newer attorneys or law students)  
- Networking at bar association events or legal conferences  

Outside the core duties, many lawyers also enjoy intellectually stimulating pastimes such as reading (especially non-fiction, history, or literature), debating, strategic games like chess, or volunteering with pro bono legal clinics."
1191,Lawyer,What is an activity typically enjoyed by a Lawyer?,A typical activity enjoyed by many lawyers is **analyzing complex legal issues and crafting persuasive arguments**—whether in writing (e. g.
1192,Lawyer,What is an activity typically enjoyed by a Lawyer?,"An activity commonly enjoyed by lawyers is **reading and analyzing legal texts**, such as case law, statutes, contracts, or legal briefs.  This reflects their core professional skill of interpreting laws and building arguments."
1193,Lawyer,What is an activity typically enjoyed by a Lawyer?,"A lawyer commonly enjoys **analyzing legal documents and case law**—such as reviewing contracts, statutes, court opinions, or regulatory materials—to build arguments, assess risks, and advise clients.  This activity requires critical thinking, attention to detail, and strong research skills."
1194,Lawyer,What is an activity typically enjoyed by a Lawyer?,"An activity typically enjoyed by a lawyer is **drafting legal documents**, such as contracts, briefs, or pleadings.  This involves careful analysis, precise language, and attention to detail—skills central to the legal profession."
1195,Lawyer,What is an activity typically enjoyed by a Lawyer?,"An activity typically enjoyed by a lawyer is **legal research**—analyzing statutes, case law, and regulations to build arguments or advise clients.  While often seen as work, many lawyers find it intellectually stimulating and rewarding, especially when solving complex legal puzzles."
1196,Lawyer,What is an activity typically enjoyed by a Lawyer?,"A common activity typically enjoyed by lawyers is **researching legal precedents and statutes**—a core part of their work involving reading case law, analyzing regulations, and preparing legal arguments.  While this may sound technical or demanding, many lawyers find deep intellectual satisfaction in the challenge."
1197,Lawyer,What is an activity typically enjoyed by a Lawyer?,"An activity typically enjoyed by a lawyer is **reading and analyzing legal documents**, such as case law, statutes, contracts, or briefs.  This skill-intensive task forms the core of legal research, preparation, and strategy—essential for effective advocacy, client advising, and writing motions or opinions."
1198,Lawyer,What is an activity typically enjoyed by a Lawyer?,"A typical activity enjoyed by many lawyers is **analyzing complex legal issues and constructing persuasive arguments**—whether for briefs, oral arguments, or negotiations.  Beyond that, common professional (and sometimes recreational) activities include:

- **Researching case law and statutes** using legal databases like Westlaw or LexisNexis  
- **Drafting contracts, motions, or pleadings** with attention to precision and detail  
- **Conducting depositions or witness interviews**  
- **Participating in moot court or continuing legal education (CLE) courses**  
- **Networking at bar association events or legal conferences**

Outside of core duties, some lawyers also enjoy:  
- **Reading fiction or nonfiction** (especially history, philosophy, or legal memoirs)  
- **Debating or engaging in thoughtful discussions**  
- **Playing strategic games like chess**  
- **Volunteering for pro bono work or legal aid clinics**

Of course, preferences vary—some lawyers love the courtroom thrill, while others thrive in quiet research or transactional drafting!."
1199,Lawyer,What is an activity typically enjoyed by a Lawyer?,"An activity typically enjoyed by a lawyer is **conducting legal research**—reviewing statutes, case law, regulations, and legal precedents to build strong arguments and advise clients accurately. 

Other common enjoyable (or routine) activities for lawyers include:
- Drafting and reviewing contracts or legal documents  
- Preparing for and participating in court hearings or depositions  
- Meeting with clients to discuss cases and strategies  
- Analyzing complex facts and legal issues  
- Writing legal briefs, motions, or memos  

While not all lawyers find these tasks *personally* enjoyable, they represent core professional activities central to the role—and many derive satisfaction from the intellectual challenge, advocacy, and problem-solving involved."
1200,Lawyer,What is an activity typically enjoyed by a Lawyer?,"A typical activity enjoyed by many lawyers is **researching case law and statutes**—a core part of legal practice.  While this may sound like work, many lawyers find it intellectually stimulating, like solving a complex puzzle or conducting investigative detective work."
1201,Lawyer,"Finish the joke: A Lawyer walked into a bar,","A lawyer walked into a bar…  
and ordered a drink.   
The bartender said, *“Coming right up—but before I serve you, I need to see your ID."
1202,Lawyer,"Finish the joke: A Lawyer walked into a bar,","Here’s a classic, clean, and punchy finish to that setup:

> **A lawyer walked into a bar.."
1203,Lawyer,"Finish the joke: A Lawyer walked into a bar,","A lawyer walked into a bar…  
and ordered a drink for *all* the patrons.   
When the bartender asked why, the lawyer replied:  
**“Precedent!”** 🍻⚖️  

*(Bonus groan-worthy twist: After finishing his drink, he pulled out a contract and said, “Just to be clear—I expect service to be rendered at reasonable rates."
1204,Lawyer,"Finish the joke: A Lawyer walked into a bar,","A lawyer walked into a bar…  
…*and ordered a drink for themselves, their client, and the opposing counsel—just in case negotiations started early. * 😄

*(Bonus twist for variety):*  
…*the bartender said, “Sorry, we don’t serve lawyers."
1205,Lawyer,"Finish the joke: A Lawyer walked into a bar,","A lawyer walked into a bar and ordered a drink.   
The bartender said, “Coming right up!”  
The lawyer replied, **“Great—I’ll take that in writing."
1206,Lawyer,"Finish the joke: A Lawyer walked into a bar,","A lawyer walked into a bar…  
and ordered a drink.   
The bartender said, “Sorry, we don’t serve lawyers."
1207,Lawyer,"Finish the joke: A Lawyer walked into a bar,","A lawyer walked into a bar…  
and ordered two drinks.   

The bartender asked, “Why two?”  

The lawyer replied, *“One for me, and one for the person who’ll sue me if I order just one and get called ‘stingy."
1208,Lawyer,"Finish the joke: A Lawyer walked into a bar,","A lawyer walked into a bar…  
and ordered a drink.   

The bartender said, “Welcome! Do you need anything special?”  

The lawyer replied, *“Just the truth, the whole truth, and nothing but the truth—under penalty of perjury."
1209,Lawyer,"Finish the joke: A Lawyer walked into a bar,","Here's a classic, clean, and punchy finish to that setup:

> **A lawyer walked into a bar…  
> He sat down, ordered a drink, and when the bartender asked if he needed a menu, the lawyer replied:  
> *“I don’t need one—I already know the terms of service. ”***

**Why it works:**  
- It plays on legal jargon (""terms of service"" – familiar from online agreements)."
1210,Lawyer,"Finish the joke: A Lawyer walked into a bar,","A lawyer walked into a bar…  
and ordered a drink.   

The bartender said, *“One for you?”*  
The lawyer replied, *“Yes—but only if I can review your license first."
1211,Lawyer,"Finish the joke: A Lawyer walked into a bar,","A lawyer walked into a bar…  
and ordered a drink for *everyone*.   
The bartender looked surprised and said, “Really? On you?”  
The lawyer sighed and replied,  
**“No—I’m just here to make sure it’s legally binding."
1212,Lawyer,"Finish the joke: A Lawyer walked into a bar,","A lawyer walked into a bar…  
*and ordered a drink. *  
The bartender said, “Sorry—no credit."
1213,Lawyer,"Finish the joke: A Lawyer walked into a bar,","A lawyer walked into a bar…  
and ordered a drink.   
The bartender said, *“One moment—our happy hour just ended."
1214,Lawyer,"Finish the joke: A Lawyer walked into a bar,","A lawyer walked into a bar…  
—and ordered a drink for themselves, *and* three drinks for their future self in case they got sued.  🥂⚖️  

*(Bonus groaner: The bartender sighed and said, “Sorry—we don’t serve litigious patrons."
1215,Lawyer,"Finish the joke: A Lawyer walked into a bar,","A lawyer walked into a bar…  
*and ordered a drink. *  
The bartender said, “I’ll serve you, but I’m going to need you to sign a contract first."
1216,Lawyer,"Finish the joke: A Lawyer walked into a bar,","A lawyer walked into a bar and ordered a drink.   
The bartender said, “Sorry—we don’t serve lawyers."
1217,Lawyer,"Finish the joke: A Lawyer walked into a bar,","Sure! Here's a classic and clever finish to that setup:

> **A lawyer walked into a bar… and sued it for serving drinks without a license. **

💡 *Bonus alternative (a bit more punny):*  
> **A lawyer walked into a bar… and ordered a drink on *contingency*."
1218,Lawyer,"Finish the joke: A Lawyer walked into a bar,","A lawyer walked into a bar and ordered a drink.   
The bartender said, *“Sorry, we don’t serve lawyers here."
1219,Lawyer,"Finish the joke: A Lawyer walked into a bar,","A lawyer walked into a bar…  
and ordered a drink.   
The bartender said, “Sorry, we don’t serve lawyers—we’ve had too many *objecting* clients."
1220,Lawyer,"Finish the joke: A Lawyer walked into a bar,","A lawyer walked into a bar…  
and ordered *two* drinks for himself—one for him, and one for the opposing counsel he expected to show up any minute. 

*(The bartender raised an eyebrow."
1221,Lawyer,"Finish the joke: A Lawyer walked into a bar,","A lawyer walked into a bar…  
and ordered *a glass of precedent*.   

*(The bartender looked confused and asked, “What’s that?”)*  
The lawyer replied, *""It’s an old case that’s still binding—and it gets me drunk every time."
1222,Lawyer,"Finish the joke: A Lawyer walked into a bar,","A lawyer walked into a bar…  
**and the bartender said, “Sorry, we don’t serve lawyers. ”**  
The lawyer replied, *“Oh? Why not?”*  
The bartender shrugged and said, **“Because you’re always looking for loopholes—even in our happy hour."
1223,Lawyer,"Finish the joke: A Lawyer walked into a bar,","A lawyer walked into a bar and ordered a drink.   
The bartender said, “Sorry, we don’t serve lawyers here."
1224,Lawyer,"Finish the joke: A Lawyer walked into a bar,","A lawyer walked into a bar…  
and ordered a drink for *all* the patrons—  
then immediately pulled out a contract and said,  
**“Just to be clear: this is a one-time goodwill gesture.  No future discounts, no implied endorsement, and you waive all rights to sue if the bartender spills your drink."
1225,Lawyer,"Finish the joke: A Lawyer walked into a bar,","A lawyer walked into a bar…  
and ordered a drink.   

The bartender said, “Sorry, we don’t serve lawyers."
1226,Lawyer,"Finish the joke: A Lawyer walked into a bar,","Here's a classic, clean version with a punchline playing on legal terminology:

> **A lawyer walked into a bar.."
1227,Lawyer,"Finish the joke: A Lawyer walked into a bar,","A lawyer walked into a bar…  
**and ordered a drink for themselves, a coffee for the bartender (as a “consultation fee”), and sent a bill to the owner of the bar across the street — just in case he decides to sue over the “unauthorized use of legal services. ”**  

*(Bonus groaner:)*  
The bartender handed them their drink and said, *“That’ll be $15."
1228,Lawyer,"Finish the joke: A Lawyer walked into a bar,","A lawyer walked into a bar and ordered a drink.   
The bartender said, *“Sorry, we don’t serve lawyers."
1229,Lawyer,"Finish the joke: A Lawyer walked into a bar,","A lawyer walked into a bar…  
and ordered a drink.   

The bartender looked up and said, *“Sorry, we don’t serve lawyers here."
1230,Lawyer,"Finish the joke: A Lawyer walked into a bar,","A lawyer walked into a bar…  
and ordered a drink for *all* the patrons—  
then quietly added,  
**“And please, on my tab… but *not* under ‘legal fees’. ”**  

*(The bartender raised an eyebrow and whispered: “You sure about that? That’s usually where we file it."
1231,Lawyer,"Finish the joke: A Lawyer walked into a bar,","Sure! Here's a classic twist on that setup:

> **A lawyer walked into a bar and sat down.  The bartender said, “We don’t serve lawyers here."
1232,Lawyer,"Finish the joke: A Lawyer walked into a bar,","A lawyer walked into a bar…  
*and the bartender said, “Sorry—we don’t serve your kind here. ”*  
The lawyer replied, *“That’s fine—I’ll just have one glass of ‘reasonable cause’ and a double shot of ‘due process."
1233,Lawyer,"Finish the joke: A Lawyer walked into a bar,","Sure! Here's a classic legal pun twist:

**A lawyer walked into a bar… and got served—no liability, no summons. **

Or, for a groan-worthy classic:

**A lawyer walked into a bar."
1234,Lawyer,"Finish the joke: A Lawyer walked into a bar,","A lawyer walked into a bar…  
and ordered a drink.   
The bartender said, “What can I get you?”  
The lawyer replied, *“I’ll have whatever evidence proves I’m not responsible for this conversation."
1235,Lawyer,"Finish the joke: A Lawyer walked into a bar,","Here are a few classic and modern endings to that setup, playing on lawyer stereotypes (punchlines often highlight perceived greed, logic, or ethics):

### Classic & Clean:
> **A Lawyer walked into a bar.."
1236,Lawyer,"Finish the joke: A Lawyer walked into a bar,","Here's a classic and crisp finish to that setup:

> **A lawyer walked into a bar.."
1237,Lawyer,"Finish the joke: A Lawyer walked into a bar,","A lawyer walked into a bar…  
and ordered a drink.   
The bartender said, “Sorry, we don’t serve lawyers."
1238,Lawyer,"Finish the joke: A Lawyer walked into a bar,","A lawyer walked into a bar…  
and ordered a drink.   

The bartender said, *“Can I see your ID?”*  

The lawyer sighed and pulled out a **motion to compel**—just kidding!  

Actually, he handed over his driver’s license, then added:  
*“But if you’re not serving me, I’ll file for declaratory judgment on your beverage menu."
1239,Lawyer,"Finish the joke: A Lawyer walked into a bar,","A lawyer walked into a bar…  
**and sued it for emotional distress when the bartender said, “What’ll it be?”**  
*(The court found the phrase ""What’ll it be?"" to be an implicit demand for immediate compliance—clearly a breach of contractual nicety and fair service standards. )* 🍸⚖️

*(Bonus alternative punchline for a lighter touch:  
…while simultaneously ordering two drinks—one for him, one for “the hypothetical client he’s yet to meet."
1240,Lawyer,"Finish the joke: A Lawyer walked into a bar,","A lawyer walked into a bar…  
and ordered a drink.   

The bartender said, *“Sorry, we don’t serve lawyers."
1241,Lawyer,"Finish the joke: A Lawyer walked into a bar,","A lawyer walked into a bar and ordered a drink.   
The bartender looked up and said, *“On the house—for your first hour of consultation."
1242,Lawyer,"Finish the joke: A Lawyer walked into a bar,","Sure! Here's a classic and clean ending to that setup:

**A lawyer walked into a bar.."
1243,Lawyer,"Finish the joke: A Lawyer walked into a bar,","A lawyer walked into a bar…  
and ordered a drink for themselves—and *also* for the bartender, on the grounds that it constituted an implied contract of hospitality and mutual goodwill.   

Then they looked around and sighed,  
“ Honestly? This place is *full* of potential defendants."
1244,Lawyer,"Finish the joke: A Lawyer walked into a bar,","A lawyer walked into a bar…  
**and ordered *two* drinks—one for themselves, and one for ""the plaintiff,"" since they figured they’d probably get sued later. **  

*(Classic legal pun play on “plaintiff” sounding like “plain shift”—but usually delivered with the punchline about the bartender asking, “Why two?” and the lawyer replying:  
“I’m being proactive—just in case I need someone to sue *after* I fall off this barstool."
1245,Lawyer,"Finish the joke: A Lawyer walked into a bar,","A lawyer walked into a bar…  
and ordered a drink.   
The bartender said, “Sorry, we don’t serve lawyers."
1246,Lawyer,"Finish the joke: A Lawyer walked into a bar,","Here's a classic and clean finish to that setup, playing on legal terminology and bar expectations:

> **A lawyer walked into a bar.."
1247,Lawyer,"Finish the joke: A Lawyer walked into a bar,","A lawyer walked into a bar…  
*and the bartender said, “Sorry, we don’t serve your kind here. ”*  
The lawyer replied, *“That’s fine—I’ll just have one of those ‘reasonable cause to believe’ drinks."
1248,Lawyer,"Finish the joke: A Lawyer walked into a bar,","A lawyer walked into a bar…  
and ordered a drink.   
The bartender said, “Sorry, we don’t serve lawyers here."
1249,Lawyer,"Finish the joke: A Lawyer walked into a bar,","Sure! Here's a classic legal pun version:

**A lawyer walked into a bar…  
—the bartender said, “Sorry, we don’t serve your kind. ”  
The lawyer replied, “You can’t do that—I’m *objection*!”**

😄 *(Bonus: If you want a twist, try this alternative ending:)*  
*“On second thought—let me consult my client (the beer) first."
1250,Lawyer,"Finish the joke: A Lawyer walked into a bar,","A lawyer walked into a bar…  
and the bartender said, *“What’ll it be?”*  
The lawyer replied, *“I’ll take the usual—just make sure it’s not *malpractice. *”* 🍸⚖️  

*(Bonus groaner:* Or the classic twist: *""…but he left when he saw the sign: ‘No诉讼’ (no lawsuits)."
1251,Lawyer,"Finish the joke: A Lawyer walked into a bar,","A lawyer walked into a bar and ordered a drink.   
The bartender looked up and said, *“Sorry, we don’t serve lawyers here."
1252,Lawyer,"Finish the joke: A Lawyer walked into a bar,","A lawyer walked into a bar…  
and ordered a drink for *all* the other lawyers at the bar.   
The bartender looked surprised and asked, “Why so generous?”  
The lawyer smiled and said:  
**“I’m just settling last year’sTab—plus interest."
1253,Lawyer,"Finish the joke: A Lawyer walked into a bar,","A lawyer walked into a bar…  
and ordered a drink.   
The bartender looked up and said,  
*""One drink? Just one?""*  
The lawyer sighed, leaned in, and whispered:  
**""Yeah—I’m still reviewing the Terms & Conditions."
1254,Lawyer,"Finish the joke: A Lawyer walked into a bar,","A lawyer walked into a bar…  
and ordered two drinks.   
The bartender asked, “One for you and one for your client?”  
The lawyer replied, *“No—this is just the contingency fee."
1255,Lawyer,"Finish the joke: A Lawyer walked into a bar,","A lawyer walked into a bar…  
and ordered *two* drinks—  
one for themselves, and one for the person who’ll be defending them when they try to walk out without paying.  🍸⚖️  

*(Bonus groaner: They left before closing time… but not before disputing the bill on procedural grounds."
1256,Lawyer,"Finish the joke: A Lawyer walked into a bar,","Sure! Here's a classic lawyer-bar joke setup with a punchline:

**A lawyer walked into a bar.."
1257,Lawyer,"Finish the joke: A Lawyer walked into a bar,","Sure! Here's a classic legal pun version:

**A lawyer walked into a bar… and sued it for slander—because the bartender said, *“You look like you’ve been litigating all night. ”***

Let me know if you'd like a different twist—witty, absurd, or even a courtroom-themed punchline! 😊."
1258,Lawyer,"Finish the joke: A Lawyer walked into a bar,","A lawyer walked into a bar…  
and ordered a drink *without* asking for a receipt.   

*(Pause for effect)*  
…because even lawyers know some things are better left off the books! 📜⚖️  

*(Bonus groaner alternative: …but the bartender said, “Sorry—we don’t serve your kind here."
1259,Lawyer,"Finish the joke: A Lawyer walked into a bar,","A lawyer walked into a bar…  
*and ordered a drink for themselves, their client, and the bartender—just in case. *  

*(Bonus punchline if you want to lean into the legal clichés:)*  
**“I’ll have a whiskey."
1260,Lawyer,"Finish the joke: A Lawyer walked into a bar,","A lawyer walked into a bar…  
*and ordered a drink for himself and one for the court. * 🥂⚖️  

*(Bonus groan-worthy variant:)*  
…The bartender said, “Sorry, no phones allowed."
1261,Lawyer,"Finish the joke: A Lawyer walked into a bar,","A lawyer walked into a bar…  
…*and ordered a drink for everyone*.   
The bartender said, “Wow, generous! But why?”  
The lawyer replied, *“I’m just covering my bases."
1262,Lawyer,"Finish the joke: A Lawyer walked into a bar,","Here's a classic and sharp finish to that setup:

> **A lawyer walked into a bar.."
1263,Lawyer,"Finish the joke: A Lawyer walked into a bar,","Sure! Here's a classic and clean version of the punchline:

**A lawyer walked into a bar.."
1264,Lawyer,"Finish the joke: A Lawyer walked into a bar,","A lawyer walked into a bar…  
**and ordered a drink for *themself*—because they knew the other patrons were all “inadmissible hearsay. ”** 😄  

*(Bonus alternative ending for variety: …but left when the bartender said, “Happy hour’s over”—because they realized it was now a *breach of contract*."
1265,Lawyer,"Finish the joke: A Lawyer walked into a bar,","A lawyer walked into a bar…  
**and ordered a drink.  The bartender said, “I can’t serve you—you’re a litigious person."
1266,Lawyer,"Finish the joke: A Lawyer walked into a bar,","A lawyer walked into a bar and ordered a drink.   
The bartender looked up and said, “Sorry—we don’t serve lawyers here."
1267,Lawyer,"Finish the joke: A Lawyer walked into a bar,","A lawyer walked into a bar…  
and ordered a drink for himself—and *also* for the bartender, his opponent in court tomorrow.  😊  

*(Classic twist: Lawyers always prepare for every possible scenario—even happy hour!)*."
1268,Lawyer,"Finish the joke: A Lawyer walked into a bar,","Sure! Here's a classic legal pun punchline for that setup:

**A lawyer walked into a bar.."
1269,Lawyer,"Finish the joke: A Lawyer walked into a bar,","A lawyer walked into a bar…  
and ordered a drink for themselves—and *also* for the bartender, two clients, and the person who invented beer.   

*(The bartender sighed: “I’ll take it up with your malpractice insurer."
1270,Lawyer,"Finish the joke: A Lawyer walked into a bar,","A lawyer walked into a bar…  
**and the bartender said, “Sorry, we don’t serve your kind. ”**  
The lawyer replied, *“Oh? And what makes you think I’m not a person?”*  
The bartender shrugged: *“You’re not *my* kind of plaintiff."
1271,Lawyer,"Finish the joke: A Lawyer walked into a bar,","Sure! Here's a classic legal pun finish for that setup:

**A lawyer walked into a bar and ordered a drink.   
The bartender said, “Sorry—we don’t serve lawyers."
1272,Lawyer,"Finish the joke: A Lawyer walked into a bar,","A lawyer walked into a bar and ordered a drink.   
The bartender looked up and said, *“One drink, coming right up—no contract needed."
1273,Lawyer,"Finish the joke: A Lawyer walked into a bar,","Here's a classic finish with a clever legal twist:

**A lawyer walked into a bar.."
1274,Lawyer,"Finish the joke: A Lawyer walked into a bar,","Sure! Here's a classic twist on that setup:

> **A lawyer walked into a bar.."
1275,Lawyer,"Finish the joke: A Lawyer walked into a bar,","A lawyer walked into a bar…  
*and ordered a drink for themselves—and three for the opposing counsel. *  

*(Bonus groan-worthy twist: The bartender asked why."
1276,Lawyer,"Finish the joke: A Lawyer walked into a bar,","A lawyer walked into a bar…  
and ordered a drink for *everyone*—then billed them all for “professional consultation time. ” 🍸⚖️  

*(Bonus groaner: The bartender handed him a tab… and the lawyer said, “I’ll pay in *contingency fees*."
1277,Lawyer,"Finish the joke: A Lawyer walked into a bar,","A lawyer walked into a bar…  
and ordered a drink for themselves—and *also* for the bartender, the jukebox, and the guy who was about to walk in next door.   

*(Pause for effect)*  

When the bartender asked why they were covering so many drinks, the lawyer smiled and said:  
**“Statute of limitations on being cheap runs out at midnight."
1278,Lawyer,"Finish the joke: A Lawyer walked into a bar,","A lawyer walked into a bar…  
and ordered a drink for himself—and *also* for the bartender, the owner, the busboy, and three people he’d never met before, “just in case liability arises. ”  

*(The bartender sighed, handed him the bill, and said: “Your tab’s covered—for the next 12 months."
1279,Lawyer,"Finish the joke: A Lawyer walked into a bar,","A lawyer walked into a bar…  
and ordered a drink for *everyone*.   

The bartender raised an eyebrow."
1280,Lawyer,"Finish the joke: A Lawyer walked into a bar,","A lawyer walked into a bar…  
and ordered a drink.   
The bartender said, “Sorry, we don’t serve lawyers here."
1281,Lawyer,"Finish the joke: A Lawyer walked into a bar,","Sure! Here's a classic finish to that setup:

> **A lawyer walked into a bar… and was immediately served—because the bartender had already checked his credentials. ** 🍻

Or, for a punnier twist:  
> **A lawyer walked into a bar… and the bartender said, “Sorry, we don’t serve your kind."
1282,Lawyer,"Finish the joke: A Lawyer walked into a bar,","Sure! Here's a classic punchline for that setup:

**A lawyer walked into a bar…  
He ordered a drink, got it, and then paid—*before* the bartender could serve him. **  
*(The punchline plays on the stereotype of lawyers as overly cautious, rule-following, or always prepared to avoid liability!)*

Want a different twist? Here are a few more options:

- **Punchline (sarcastic):** *…and immediately checked the alcohol content for potential mislabeling."
1283,Lawyer,"Finish the joke: A Lawyer walked into a bar,","A lawyer walked into a bar…  
and ordered *two* drinks—one for themselves and one for the bartender, “just in case this turns into a contingency fee arrangement. ” 🍻⚖️

*(Bonus alternative for a punchier twist:)*  
A lawyer walked into a bar…  
and said, “I’ll have a beer—on *your* tab, if I win."
1284,Lawyer,"Finish the joke: A Lawyer walked into a bar,","A lawyer walked into a bar…  
and ordered a drink for everyone.   

When asked why, they said:  
*“I’m just covering my liability."
1285,Lawyer,"Finish the joke: A Lawyer walked into a bar,","A lawyer walked into a bar…  
*The bartender looked up and said,*  
**“Sorry—we don’t serve your kind here. ”**  
The lawyer sighed, pulled out a contract, and replied:  
**“Fine."
1286,Lawyer,"Finish the joke: A Lawyer walked into a bar,","A lawyer walked into a bar and ordered a drink.   
The bartender said, *“That’ll be $8."
1287,Lawyer,"Finish the joke: A Lawyer walked into a bar,","A lawyer walked into a bar…  
and ordered a drink.   
The bartender said, “Sorry, we don’t serve lawyers."
1288,Lawyer,"Finish the joke: A Lawyer walked into a bar,","A lawyer walked into a bar…  
and ordered a drink *on Contingency*. 

*(The bartender says, “If you win the case, I get paid."
1289,Lawyer,"Finish the joke: A Lawyer walked into a bar,","A lawyer walked into a bar…  
**and ordered a drink for themselves—and three others—for potential future clients. **  
*The bartender sighed."
1290,Lawyer,"Finish the joke: A Lawyer walked into a bar,","A lawyer walked into a bar…  
and ordered a drink for *everyone*—then politely refused to split the bill.   

*(Bonus groaner for true legal humor fans:)*  
**Why?** Because in their defense, they were just practicing *malpractice*! 😄

Let me know if you'd like another—one with a judge, paralegal, or even a *contract clause* punchline!."
1291,Lawyer,"Finish the joke: A Lawyer walked into a bar,","A lawyer walked into a bar…  
and ordered a drink.   
The bartender looked up and said, *“Sorry, we don’t serve lawyers here."
1292,Lawyer,"Finish the joke: A Lawyer walked into a bar,","Here's a classic lawyer-bar joke with a punchline playing on legal terminology and common bar experiences:

> **A Lawyer walked into a bar.."
1293,Lawyer,"Finish the joke: A Lawyer walked into a bar,","A lawyer walked into a bar and ordered a drink.   
The bartender said, *“Sorry, we don’t serve lawyers."
1294,Lawyer,"Finish the joke: A Lawyer walked into a bar,","A lawyer walked into a bar…  
and ordered a drink.   
The bartender said, *“Sorry, we don’t serve lawyers—we once had one here, and he billed us for the time he spent sitting at the bar!”*  

The lawyer paused, pulled out a notepad, and replied:  
***“Fair point."
1295,Lawyer,"Finish the joke: A Lawyer walked into a bar,","A lawyer walked into a bar…  
and ordered a drink.   
The bartender said, “Sorry—we don’t serve lawyers."
1296,Lawyer,"Finish the joke: A Lawyer walked into a bar,","Sure! Here's a classic legal-themed punchline:

**A lawyer walked into a bar.."
1297,Lawyer,"Finish the joke: A Lawyer walked into a bar,","A lawyer walked into a bar and ordered a drink.   
The bartender said, “That’ll be $12."
1298,Lawyer,"Finish the joke: A Lawyer walked into a bar,","Sure! Here's a classic and clean finish to that setup:

> **A lawyer walked into a bar…**  
> *The bartender looked up and said, “Sorry—we don’t serve lawyers. ”*  
> *The lawyer sighed, pulled out his business card, and said,*  
> **“Fair enough."
1299,Lawyer,"Finish the joke: A Lawyer walked into a bar,","A lawyer walked into a bar…  
**and the bartender said, “Sorry, we don’t serve your kind here. ”**  
The lawyer replied, *“That’s fine—I’ll have a whiskey… and I’d like to see your contract."
1300,Lawyer,"Finish the joke: A Lawyer walked into a bar,","A lawyer walked into a bar…  
and ordered a drink.   

The bartender said, *“Happy hour ends in 5 minutes—can I get your name and contact info for our loyalty program?”*  

The lawyer sighed, pulled out a 12-page contract, and said:  
*“Just one condition: if you over-pour this gin, you waive all rights to future litigation."
1301,Lawyer,"Describe what to expect when planning a trip with a Lawyer,","Planning a trip with *a lawyer*—as in traveling with someone who is a practicing attorney—can be both practical and surprisingly enjoyable.  Here’s what you can reasonably expect, depending on context (e."
1302,Lawyer,"Describe what to expect when planning a trip with a Lawyer,","Planning a trip “with a lawyer” is an unusual phrasing—most people don’t travel *with* their attorney unless it’s for legal work or special circumstances.  Here are two likely interpretations and what to expect in each case:

---

### 🔹 **1."
1303,Lawyer,"Describe what to expect when planning a trip with a Lawyer,","Planning a trip *with* a lawyer—meaning you’re traveling alongside an attorney (perhaps for work, a legal conference, or even as part of your job)—brings some unique considerations beyond typical travel planning.  Here’s what to expect:

### 🧾 1."
1304,Lawyer,"Describe what to expect when planning a trip with a Lawyer,","When you plan a trip *with* a lawyer—as in, traveling alongside or alongside someone who is a licensed attorney—there’s no special legal protocol for tourists.  However, if your question means **how to prepare for a trip *as part of legal work*** (e."
1305,Lawyer,"Describe what to expect when planning a trip with a Lawyer,","When planning a trip “with a lawyer,” the phrase could be interpreted in two very different ways—so let’s clarify both possibilities and what to expect in each:

---

### 🧑‍⚖️ **1.  If you mean traveling *as* or *alongside* a lawyer (e."
1306,Lawyer,"Describe what to expect when planning a trip with a Lawyer,","When you plan a trip *with* a lawyer—meaning you’re hiring or working alongside a legal professional as part of your travel plans—the experience will depend heavily on the **purpose** of the trip and the **role** the lawyer is playing.  Here’s what to expect in common scenarios:

---

### 📌 1."
1307,Lawyer,"Describe what to expect when planning a trip with a Lawyer,","When you plan a trip *with* a lawyer—whether as your travel companion, your attorney advising on travel-related legal matters, or both—the experience and expectations differ significantly from a typical vacation.  Here’s what to anticipate:

---

### 🧳 **1."
1308,Lawyer,"Describe what to expect when planning a trip with a Lawyer,","Planning a trip “with a lawyer” isn’t a standard travel scenario—unless you mean one of the following:  

### 1.  **Hiring a Travel Lawyer (Legal Advisor for Your Trip)**  
If you're consulting or hiring a *travel attorney*, here’s what to expect:

- **Pre-Trip Legal Review**:  
  - Visa/entry requirements, vaccination rules, and entry restrictions for your destination."
1309,Lawyer,"Describe what to expect when planning a trip with a Lawyer,","Planning a trip with a lawyer—whether they’re your personal legal counsel, a colleague, or just someone you’ve hired for advice—can be uniquely beneficial but also requires some specific considerations.  Here’s what to expect:

### ✅ **Benefits & Strengths They Bring**
- **Risk Mitigation**: Lawyers excel at identifying potential legal pitfalls (e."
1310,Lawyer,"Describe what to expect when planning a trip with a Lawyer,","Planning a trip *with* a lawyer—rather than *hiring* one for travel-related issues—usually implies traveling alongside someone who is also your legal advisor.  While not common, this could apply in several contexts (e."
1311,Lawyer,"Describe what to expect when planning a trip with a Lawyer,",When you plan a *trip with a lawyer*—whether they’re accompanying you (e. g.
1312,Lawyer,"Describe what to expect when planning a trip with a Lawyer,","Planning a trip *with* a lawyer—rather than hiring one for travel-related legal issues—is likely an unusual or metaphorical scenario.  Here’s how to interpret and approach this:

### 1."
1313,Lawyer,"Describe what to expect when planning a trip with a Lawyer,",It sounds like there might be a bit of a mix-up in your question—planning a *trip* with a **lawyer** isn’t a typical activity unless the lawyer is also serving another role (e. g.
1314,Lawyer,"Describe what to expect when planning a trip with a Lawyer,","When planning a trip *with* a lawyer—either as your travel companion or as someone helping you legally prepare for travel—expectations will differ significantly depending on their role.  Below are two common interpretations and what to anticipate in each case:

---

### 🧳 **1."
1315,Lawyer,"Describe what to expect when planning a trip with a Lawyer,","When planning a trip “with a lawyer,” the meaning depends on context—there are two common interpretations:

### 1.  **Traveling *as* or *alongside* a Lawyer (e."
1316,Lawyer,"Describe what to expect when planning a trip with a Lawyer,","Planning a trip “with a lawyer” can be interpreted in two main ways—so let’s clarify both scenarios and what to expect:

---

### **1.  Planning a Trip *as* a Lawyer (e."
1317,Lawyer,"Describe what to expect when planning a trip with a Lawyer,","When you hear “planning a trip with a lawyer,” it’s important to clarify—this phrase isn’t standard travel terminology.  Here are the two most likely interpretations and what to expect in each case:

### 1."
1318,Lawyer,"Describe what to expect when planning a trip with a Lawyer,",Planning a trip *with* a lawyer—assuming you mean traveling alongside or in collaboration with a legal professional (e. g.
1319,Lawyer,"Describe what to expect when planning a trip with a Lawyer,","It seems there may be a bit of confusion in your question—**a ""Lawyer"" is not a travel destination or service provider**, so you wouldn’t typically plan a *trip with a lawyer* unless you have a specific legal purpose.  Here are some interpretations of what you might mean—and what to expect in each case:

---

### 🔹 1."
1320,Lawyer,"Describe what to expect when planning a trip with a Lawyer,","Planning a trip *with* a lawyer is unusual—lawyers aren’t typically travel companions like tour guides or friends.  However, depending on context, you might be referring to one of several scenarios."
1321,Lawyer,"Describe what to expect when planning a trip with a Lawyer,","Planning a trip “with a lawyer” can be interpreted in two main ways—let’s clarify both to help you know what to expect:

---

### **1.  If you mean traveling *alongside* or *with a person who is a lawyer* (e."
1322,Lawyer,"Describe what to expect when planning a trip with a Lawyer,","Planning a trip with a *lawyer*—assuming you mean traveling alongside or being hosted by a lawyer—doesn’t differ fundamentally from planning any other trip in terms of logistics (flights, accommodations, etc. )."
1323,Lawyer,"Describe what to expect when planning a trip with a Lawyer,","When you plan a trip *with* a lawyer—either as your travel companion or as part of a professional or legal context—you can expect the experience to be thoughtful, structured, and possibly more detail-oriented than typical travel.  Here’s what to anticipate, depending on the context:

---

### 🧳 **If the Lawyer is Your Travel Companion**
1."
1324,Lawyer,"Describe what to expect when planning a trip with a Lawyer,",When you plan a trip “with a lawyer”—assuming you mean traveling *as* or *alongside* a lawyer (e. g.
1325,Lawyer,"Describe what to expect when planning a trip with a Lawyer,","When you say “planning a trip with a lawyer,” it could be interpreted in a few ways—so let’s clarify the most likely scenarios and what to expect in each:

### 1.  **Hiring a Lawyer *to Help Plan* Your Trip**  
*(e."
1326,Lawyer,"Describe what to expect when planning a trip with a Lawyer,","It sounds like there might be a playful misunderstanding in your question — *“planning a trip with a lawyer”* could be interpreted literally or humorously.  Here’s how to break it down:

### 1."
1327,Lawyer,"Describe what to expect when planning a trip with a Lawyer,","When you plan a trip *with a lawyer*—either as your travel companion or someone whose expertise you’re leveraging for legal aspects of travel—you can expect several unique considerations and benefits.  Here's what to anticipate:

### 1."
1328,Lawyer,"Describe what to expect when planning a trip with a Lawyer,","Planning a trip “with a lawyer” can be interpreted in two ways—let’s clarify both possibilities and what you might reasonably expect in each case:

---

### **1.  If you mean traveling *as a client* with your own lawyer (e."
1329,Lawyer,"Describe what to expect when planning a trip with a Lawyer,","When planning a trip *with* a lawyer (as in, traveling alongside or in collaboration with a legal professional), your expectations will depend heavily on the **context** of the trip.  Here’s a breakdown of common scenarios and what to realistically anticipate:

---

### 🧳 1."
1330,Lawyer,"Describe what to expect when planning a trip with a Lawyer,","Planning a trip *with* a lawyer—meaning traveling alongside a legal professional as your companion or collaborator—isn’t a standard travel package, but it can be an interesting and practical idea depending on context.  Here’s what you might reasonably expect, broken down by potential scenarios:

---

### 1."
1331,Lawyer,"Describe what to expect when planning a trip with a Lawyer,","When you say “planning a trip with a lawyer,” the phrase could be interpreted in several ways—so let’s clarify and address likely scenarios.  Here’s what to expect depending on context:

---

### 🧾 1."
1332,Lawyer,"Describe what to expect when planning a trip with a Lawyer,","When planning a trip *with* a lawyer—whether it’s a business companion, spouse, friend, or travel advisor who happens to be a licensed attorney—the experience may have some unique considerations.  Here’s what you can generally expect, depending on the context:

### 1."
1333,Lawyer,"Describe what to expect when planning a trip with a Lawyer,","When planning a trip *with* a lawyer—whether it’s for business travel, legal conferencing, client meetings, or even an unusual “legal-themed” getaway—you can expect considerations that go beyond typical travel planning.  Here’s what to anticipate:

### 1."
1334,Lawyer,"Describe what to expect when planning a trip with a Lawyer,","It sounds like there might be a bit of confusion in your question—**a lawyer isn’t typically a travel companion or travel planner**, unless you’re referring to one very specific context.  Let me clarify a few possibilities and help you plan accordingly:

---

### 🚫 **If you meant “*a trip with a lawyer as your travel companion*”:**
This isn’t common."
1335,Lawyer,"Describe what to expect when planning a trip with a Lawyer,","Planning a trip with a *lawyer*—in the professional sense—isn’t a typical scenario, as lawyers aren’t travel agents or tour operators.  However, depending on context, this could mean one of several things."
1336,Lawyer,"Describe what to expect when planning a trip with a Lawyer,","When you say “planning a trip *with* a lawyer,” the meaning depends on context—there are two primary interpretations:

---

### 1.  **You (a traveler) hiring or working with a lawyer**  
*(e."
1337,Lawyer,"Describe what to expect when planning a trip with a Lawyer,","When you say “planning a trip with a lawyer,” the interpretation depends on context—there are two common possibilities:

### 1.  **If You’re Hiring a Lawyer to Help Plan Your Trip**  
*(Unusual but possible)*  
While lawyers aren’t typically travel planners, certain legal professionals *do* assist travelers in niche scenarios:

- **Travel Health & Safety Compliance**: Lawyers specializing in healthcare law or international human rights may advise on destination-specific regulations (e."
1338,Lawyer,"Describe what to expect when planning a trip with a Lawyer,","When you plan a trip *with* a lawyer—either as your travel companion or someone advising on legal aspects of travel—it’s important to clarify the context.  Here are two common interpretations and what to expect in each:

---

### 🧳 **1."
1339,Lawyer,"Describe what to expect when planning a trip with a Lawyer,","When you plan a trip *with* a lawyer—whether as your travel companion or because they’re advising on legal aspects—you can expect a blend of practical and professional considerations.  Here’s what to anticipate:

### 1."
1340,Lawyer,"Describe what to expect when planning a trip with a Lawyer,","When planning a trip *with* a lawyer—meaning you're traveling alongside or as part of your legal professional—you’ll likely experience heightened structure, precision, and foresight in the planning process.  Here’s what to realistically expect:

### 1."
1341,Lawyer,"Describe what to expect when planning a trip with a Lawyer,","When you plan a trip “with a lawyer,” the context can vary—so let’s clarify the possibilities and expectations:

### 1.  **If You’re Hiring a Lawyer to *Help Plan* Your Trip**
This is unusual but possible in niche cases:
- **Legal Risk Mitigation**: A lawyer may advise on legal considerations for international travel (e."
1342,Lawyer,"Describe what to expect when planning a trip with a Lawyer,",Planning a trip *with* a lawyer isn’t a typical scenario—unless you’re traveling for legal purposes (e. g.
1343,Lawyer,"Describe what to expect when planning a trip with a Lawyer,","When you plan a trip *with* a lawyer—meaning you’re traveling alongside or in coordination with a legal professional—the experience isn’t dramatically different from any other travel, but there may be subtle differences based on the lawyer’s personality, profession, and goals for the trip.  Here’s what to expect:

### 1."
1344,Lawyer,"Describe what to expect when planning a trip with a Lawyer,",When planning a trip *with* a lawyer—meaning you’re traveling alongside a legal professional (e. g.
1345,Lawyer,"Describe what to expect when planning a trip with a Lawyer,","Planning a trip with a **lawyer**—meaning either *you are a lawyer* or *you’re hiring/working alongside a lawyer* for legal assistance during travel—raises some unique considerations.  Here’s what you can generally expect, depending on the context:

---

### 🔹 If You're a Lawyer Planning Your Own Trip:
1."
1346,Lawyer,"Describe what to expect when planning a trip with a Lawyer,","When you mention “planning a trip with a **lawyer**,” there are a few possible interpretations—some literal, some humorous or metaphorical.  Here’s a breakdown of what to *realistically* expect, depending on context:

---

### 🧾 **Literal Interpretation (You’re hiring a lawyer for travel-related legal support)**  
If you're planning a trip and want a lawyer involved—e."
1347,Lawyer,"Describe what to expect when planning a trip with a Lawyer,","Planning a trip with a *lawyer* isn’t about hiring an attorney for your vacation—but rather, it could mean traveling with (or to meet) someone who is a licensed legal professional.  Here’s how to interpret and prepare for that situation, depending on context:

---

### 🧳 1."
1348,Lawyer,"Describe what to expect when planning a trip with a Lawyer,","Planning a trip *with* a lawyer—rather than hiring one for travel-related issues—is an unusual but potentially rewarding experience.  Here’s what to expect, depending on context and intent:

### 1."
1349,Lawyer,"Describe what to expect when planning a trip with a Lawyer,","When planning a trip “with a lawyer,” it’s important to clarify whether you mean:

1.  **Traveling *as* a lawyer** (e."
1350,Lawyer,"Describe what to expect when planning a trip with a Lawyer,","Planning a trip with a *lawyer* isn’t about hiring legal counsel for vacation—it’s likely a playful or metaphorical expression.  Here are two interpretations depending on context:

### 1."
1351,Lawyer,"Describe what to expect when planning a trip with a Lawyer,","Planning a trip with a *lawyer*—as in, traveling alongside or jointly with someone who is a licensed attorney—isn’t a standard travel scenario, so expectations depend on how you interpret the phrase.  Here are two common interpretations and what to expect in each case:

---

### 🧑‍⚖️ **1."
1352,Lawyer,"Describe what to expect when planning a trip with a Lawyer,","Planning a trip *with* a lawyer—meaning traveling alongside a legal professional (not hiring one for trip-related legal help)—typically follows the same general travel planning as with any companion, but there are some distinctive considerations and dynamics to be aware of.  Here’s what you can expect:

### 1."
1353,Lawyer,"Describe what to expect when planning a trip with a Lawyer,",It sounds like there might be a bit of confusion in your question—*a lawyer* is typically not a travel companion or service provider in the traditional sense.  If you're asking about **planning a trip *with* a lawyer** (e.
1354,Lawyer,"Describe what to expect when planning a trip with a Lawyer,",Planning a trip *with* a lawyer isn’t a common scenario—unless you're traveling for legal work (e. g.
1355,Lawyer,"Describe what to expect when planning a trip with a Lawyer,",When planning a trip *with* a lawyer (i. e.
1356,Lawyer,"Describe what to expect when planning a trip with a Lawyer,","Planning a trip “with a lawyer” typically doesn’t refer to a literal travel companion who’s also an attorney—but rather suggests that legal considerations, risk mitigation, or formal documentation will be part of the trip planning.  Here’s what you might realistically expect in such a scenario, depending on context:

### 1."
1357,Lawyer,"Describe what to expect when planning a trip with a Lawyer,","Planning a trip *with* a lawyer is an unusual scenario—lawyers aren’t typically travel companions unless you’re either:

1.  **Hiring a lawyer who also offers curated travel services** (a rare hybrid profession),  
2."
1358,Lawyer,"Describe what to expect when planning a trip with a Lawyer,","If you're asking about **planning a trip *with* a lawyer**—that is, traveling alongside or in conjunction with your legal counsel—the context isn’t standard (lawyers aren’t typically travel companions), so here are a few possible interpretations and what to expect in each case:

---

### 1.  **Traveling for Legal Purposes (e."
1359,Lawyer,"Describe what to expect when planning a trip with a Lawyer,","It sounds like there might be a bit of a mix-up in your question—**a lawyer is not typically someone you “plan a trip with” as a travel companion**.  Lawyers are professionals who provide legal services and advice; while they may take vacations like anyone else, traveling *with* a lawyer doesn’t have a standard meaning unless you're:

- **Hiring them for legal assistance on the go**, or  
- **Traveling together for work (e."
1360,Lawyer,"Describe what to expect when planning a trip with a Lawyer,","Planning a trip with a *lawyer*—whether they’re your personal attorney, a legal professional you’re traveling with, or just someone in the legal field—doesn’t differ significantly from planning any other trip in terms of itinerary, lodging, and activities.  However, there *are* nuanced considerations and benefits that may arise due to their profession."
1361,Lawyer,"Describe what to expect when planning a trip with a Lawyer,",Planning a trip “with a lawyer” isn’t standard phrasing—if you mean traveling *alongside* or *as a client of* a lawyer (e. g.
1362,Lawyer,"Describe what to expect when planning a trip with a Lawyer,","When you say “planning a trip with a lawyer,” it’s helpful to clarify whether you mean:

1.  **Hiring a lawyer to help plan your trip** (e."
1363,Lawyer,"Describe what to expect when planning a trip with a Lawyer,","Planning a trip *with* a lawyer isn’t a typical scenario—lawyers generally aren’t travel agents or tour companions! However, depending on the context, here are several realistic interpretations of what you might expect:

### 1.  **Traveling as a Legal Professional (e."
1364,Lawyer,"Describe what to expect when planning a trip with a Lawyer,","When you plan a trip “with a lawyer,” the meaning depends on context—this phrase isn’t standard travel phrasing.  Here are two common interpretations and what to expect in each case:

---

### 🔹 **1."
1365,Lawyer,"Describe what to expect when planning a trip with a Lawyer,","Planning a trip “with a lawyer” could be interpreted in several ways—so let’s clarify and explore the most likely scenarios.  Since it's unusual to literally travel *alongside* a lawyer as part of standard trip planning (unless you’re on a legal conference, CLE seminar tour, or corporate legal team retreat), here are the main possibilities and what to expect:

---

### 1."
1366,Lawyer,"Describe what to expect when planning a trip with a Lawyer,","Planning a trip *with* a lawyer—rather than hiring one for travel-related legal issues—is an unusual but potentially very beneficial arrangement, depending on context.  Here’s what you can realistically expect, broken down by scenario:

### 🧾 1."
1367,Lawyer,"Describe what to expect when planning a trip with a Lawyer,","When planning a trip “with a lawyer,” the phrase can be interpreted in two very different ways—so let’s clarify both possibilities:

---

### 🧾 **1.  If you mean traveling *alongside* or *with a friend/client who is a lawyer***  
(e."
1368,Lawyer,"Describe what to expect when planning a trip with a Lawyer,","When people say “planning a trip with a lawyer,” it’s important to clarify—**a lawyer is not a travel agent or tour guide**, so the phrase can be interpreted in a few different ways depending on context.  Here are the most likely scenarios and what you can realistically expect:

---

### 🧾 1."
1369,Lawyer,"Describe what to expect when planning a trip with a Lawyer,",When planning a trip *with* a lawyer—meaning you're traveling alongside or as part of your legal team (e. g.
1370,Lawyer,"Describe what to expect when planning a trip with a Lawyer,","Planning a trip with a *lawyer*—assuming you mean traveling alongside or in coordination with an attorney (not “a lawyer” as in the legal profession providing travel services)—doesn’t have unique legal requirements per se.  However, if you’re planning a trip **with** your own lawyer (e."
1371,Lawyer,"Describe what to expect when planning a trip with a Lawyer,","When planning a trip *with* a lawyer—whether it's a friend, spouse, business partner, or professional you’ve hired for travel-related legal matters—you can generally expect several practical, cautious, and sometimes unconventional considerations.  Here’s what to anticipate:

### 1."
1372,Lawyer,"Describe what to expect when planning a trip with a Lawyer,","Planning a trip *with* a lawyer—meaning you're traveling alongside or in collaboration with a licensed attorney—is an unusual but intriguing concept! Since lawyers aren’t typically travel companions by default (unless it's for a specific professional purpose), here’s what to expect depending on the **context** of your partnership:

---

### 🎯 1.  **If You’re Hiring a Lawyer to Help Plan Your Trip:**
*(e."
1373,Lawyer,"Describe what to expect when planning a trip with a Lawyer,",Planning a trip “with a lawyer” is an unusual phrasing—unless you mean traveling *alongside* or *in coordination with* a lawyer (e. g.
1374,Lawyer,"Describe what to expect when planning a trip with a Lawyer,","When planning a trip “with a lawyer,” there are two main interpretations—each leading to very different expectations:

### 1.  **If you mean traveling *as* a lawyer (i."
1375,Lawyer,"Describe what to expect when planning a trip with a Lawyer,","Planning a trip *with* a lawyer isn’t a typical travel scenario—unless you're referring to one of two possibilities:

### 1.  **Traveling *as* a Lawyer (e."
1376,Lawyer,"Describe what to expect when planning a trip with a Lawyer,","When planning a trip *with* a lawyer—meaning you're traveling alongside or accompanied by your attorney (not hiring one for travel purposes)—the experience will likely be quite different from a typical vacation.  Here’s what you can reasonably expect, depending on context:

### 1."
1377,Lawyer,"Describe what to expect when planning a trip with a Lawyer,","Planning a trip “with a lawyer” can be interpreted in two main ways—each with very different expectations.  Let’s clarify both:

---

### **1."
1378,Lawyer,"Describe what to expect when planning a trip with a Lawyer,","When you plan a trip *with* a lawyer (as in, traveling alongside or sharing accommodations with one), the experience is likely to be practical, thorough, and structured—though not necessarily dull! Here’s what you might realistically expect:

### ✅ **Practical & Organized Planning**
- **Detailed Itineraries**: They’ll often draft trip plans with contingencies (“Plan A, B, C”) and checklists (passports, visas, insurance, confirmed reservations). 
- **Research-Oriented**: Expect thorough background checks—visa requirements, local laws, health advisories, even local emergency numbers."
1379,Lawyer,"Describe what to expect when planning a trip with a Lawyer,",When planning a trip *with* a lawyer (e. g.
1380,Lawyer,"Describe what to expect when planning a trip with a Lawyer,","When people refer to “planning a trip with a lawyer,” it’s usually **not literal**—lawyers aren’t travel agents or tour guides! 😊 However, there are several legitimate and practical interpretations depending on context.  Here's what to realistically expect:

---

### 🔹 1."
1381,Lawyer,"Describe what to expect when planning a trip with a Lawyer,","Planning a trip *with* a lawyer isn’t typical—lawyers aren’t travel agents or tour guides—but there are several plausible interpretations of your question.  Here’s a breakdown of what to expect in different scenarios:

---

### 1."
1382,Lawyer,"Describe what to expect when planning a trip with a Lawyer,",When you plan a trip *with* a lawyer—whether as your travel companion or as part of a professional context (e. g.
1383,Lawyer,"Describe what to expect when planning a trip with a Lawyer,","When planning a trip *with* a lawyer—whether it’s a personal companion, a business partner, or part of a legal-related itinerary—you’ll likely encounter some unique considerations compared to traveling with non-legal professionals.  Here's what to expect:

### 1."
1384,Lawyer,"Describe what to expect when planning a trip with a Lawyer,","Planning a trip “with a lawyer” isn’t a standard travel scenario—unless you're referring to one of the following interpretations.  Here’s how to interpret and plan accordingly:

### 1."
1385,Lawyer,"Describe what to expect when planning a trip with a Lawyer,","Planning a trip *with* a lawyer—rather than simply hiring one for legal matters—is an unusual but increasingly popular concept, especially in niche travel markets or for specialized purposes (e. g."
1386,Lawyer,"Describe what to expect when planning a trip with a Lawyer,","Planning a trip *with* a lawyer—either as a fellow traveler or as your legal advisor—is an unusual and nuanced scenario.  Here’s what you can realistically expect, depending on the context:

---

### 🧑‍⚖️ 1."
1387,Lawyer,"Describe what to expect when planning a trip with a Lawyer,","When planning a trip *with* a lawyer—whether you’re traveling with your own legal counsel or hiring one for the journey—expect a blend of professional diligence, risk management, and preparedness.  Here’s what to anticipate:

### 1."
1388,Lawyer,"Describe what to expect when planning a trip with a Lawyer,","When planning a trip *with* a lawyer—whether they're traveling with you as a companion, or you’re hiring a lawyer for legal support during travel—the expectations differ significantly.  Below are the two most common interpretations and what to expect in each case:

---

### 1."
1389,Lawyer,"Describe what to expect when planning a trip with a Lawyer,",Planning a trip *with* a lawyer isn’t a common or typical scenario—unless there’s a very specific reason (e. g.
1390,Lawyer,"Describe what to expect when planning a trip with a Lawyer,","When you plan a trip *with* a lawyer—either as a travel companion who happens to be a lawyer or, more commonly, in the context of legal professionals (e. g."
1391,Lawyer,"Describe what to expect when planning a trip with a Lawyer,","Planning a trip *with* a lawyer—meaning you're traveling alongside or being advised by a legal professional—can be both practical and uniquely beneficial.  Here’s what you can realistically expect, depending on the context (e."
1392,Lawyer,"Describe what to expect when planning a trip with a Lawyer,","When you plan a trip *with* a lawyer—either as your travel companion or while engaging their professional services for travel-related legal matters—you should anticipate a blend of practical, legal, and interpersonal considerations.  Here’s what to expect in different scenarios:

---

### **1."
1393,Lawyer,"Describe what to expect when planning a trip with a Lawyer,","When you say “planning a trip *with* a lawyer,” it could mean a few different things—so let’s clarify and cover the most likely scenarios.  Here’s what to expect depending on context:

---

### 🧑‍⚖️ 1."
1394,Lawyer,"Describe what to expect when planning a trip with a Lawyer,","Planning a trip *with* a lawyer—rather than hiring one for legal purposes—can be an unusual but surprisingly practical arrangement depending on your goals.  Here's what you can realistically expect, depending on the context:

### 1."
1395,Lawyer,"Describe what to expect when planning a trip with a Lawyer,","When you plan a trip *with* a lawyer—meaning you’re traveling alongside a legal professional—you might encounter some unique dynamics, though it largely depends on the context (e. g."
1396,Lawyer,"Describe what to expect when planning a trip with a Lawyer,","When planning a trip *with* a lawyer—whether you’re hiring one to assist, traveling with them as a companion, or attending a legal conference—expectations will vary significantly depending on the context.  Below are the most common scenarios and what to anticipate in each:

---

### 🧳 **1."
1397,Lawyer,"Describe what to expect when planning a trip with a Lawyer,","When planning a trip “with a lawyer,” the interpretation depends on context—here are two common interpretations and what to expect in each:

---

### **1.  Traveling with a Lawyer (as a travel companion who happens to be a legal professional)**  
If you’re traveling *alongside* a lawyer (e."
1398,Lawyer,"Describe what to expect when planning a trip with a Lawyer,","Planning a trip with a *lawyer*—as in, hiring or working alongside a legal professional for travel-related purposes—isn’t typically how the phrase “planning a trip with a lawyer” is used.  However, depending on context, it could mean a few different things."
1399,Lawyer,"Describe what to expect when planning a trip with a Lawyer,","When planning a trip *with* a lawyer—meaning you're traveling alongside a legal professional—you can generally expect the same fundamentals as any group travel (transport, lodging, itinerary), but there are subtle dynamics worth considering:

### 1.  **Attention to Detail & Risk Mitigation**
- Lawyers often analyze situations for potential pitfalls."
1400,Lawyer,"Describe what to expect when planning a trip with a Lawyer,","It sounds like there might be a bit of confusion in the phrasing—**“planning a trip with a lawyer”** isn’t a standard concept.  Lawyers aren’t typically travel companions or tour planners! 😊

However, depending on your intent, here are a few plausible interpretations—and what to expect in each case:

---

### 1."
1401,Lawyer,Write a 100 word story about a Lawyer,"The rain lashed against the courtroom windows as Arthur Vance adjusted his tie, the weight of *State v.  Chen* pressing heavier than the $500 suit."
1402,Lawyer,Write a 100 word story about a Lawyer,"The rain lashed against the tall, grimy windows of Elias Thorne’s office.  Inside, the air hung thick with old paper and stale coffee."
1403,Lawyer,Write a 100 word story about a Lawyer,"Elena’s courtroom was hushed, sunlight slicing through tall windows onto the defendant’s trembling hands.  She’d spent weeks buried in dusty files—forensic reports, alibi contradictions, a single, crucial security timestamp."
1404,Lawyer,Write a 100 word story about a Lawyer,"Elena traced the worn leather of her grandfather’s briefcase—its brass clasps dented, its scent of aged paper and pipe tobacco a familiar comfort.  Inside, beneath decades of case files, she found a single, unmarked envelope."
1405,Lawyer,Write a 100 word story about a Lawyer,"Mr.  Aris Thorne adjusted his glasses, the courtroom’s sterile air thick with tension."
1406,Lawyer,Write a 100 word story about a Lawyer,"The rain lashed the courthouse steps as Martin adjusted his tie, clutching a thin file labeled *State v.  Elara*."
1407,Lawyer,Write a 100 word story about a Lawyer,"The rain lashed the courtroom windows as Eleanor Vance adjusted her glasses, her voice steady despite the tremor in her hands.  Opposing counsel sneered at her evidence—documented corruption linking a city councilman to toxic waste dumping."
1408,Lawyer,Write a 100 word story about a Lawyer,"Arthur Thorne adjusted his spectacles, the courtroom’s fluorescent lights glinting off the polished wood of his briefcase.  Opposite him, Maya Chen clutched her daughter’s faded school photo—evidence in a custody battle where facts had long bled into feelings."
1409,Lawyer,Write a 100 word story about a Lawyer,"The rain lashed against the courthouse windows as Daniel adjusted his tie, the scent of damp wool and stale coffee clinging to him.  He’d spent twenty years chasing justice, yet tonight felt like walking into a fog—his client’s testimony unraveling under cross-examination, the opposing counsel’s sharp eyes never blinking."
1410,Lawyer,Write a 100 word story about a Lawyer,"Ethan Vance adjusted his glasses, the courtroom’s silence thick as dust.  His client, a young woman accused of arson, trembled beside him."
1411,Lawyer,Write a 100 word story about a Lawyer,"Arthur Finch adjusted his tie, the worn leather briefcase heavy with yesterday’s defeats.  Outside, rain blurred the city’s sharp edges."
1412,Lawyer,Write a 100 word story about a Lawyer,"Elias Thorne adjusted his spectacles, the courtroom’s hushed tension thick as dust in old law books.  His client, a trembling young woman accused of theft, faced ruin."
1413,Lawyer,Write a 100 word story about a Lawyer,"Mr.  Aris Thorne adjusted his cufflinks, the worn gold catching the courtroom light."
1414,Lawyer,Write a 100 word story about a Lawyer,"The rain lashed against the courtroom windows as Eleanor Vance adjusted her glasses, the weight of *State v.  Reed* pressing heavier than her silk blazer."
1415,Lawyer,Write a 100 word story about a Lawyer,"Elias Thorne, sharp-suited and weary-eyed, entered Courtroom 4.  His client, a young woman accused of embezzlement, trembled as the prosecutor presented forged ledgers—seemingly irrefutable."
1416,Lawyer,Write a 100 word story about a Lawyer,"Elena traced the faded ink on her grandfather’s worn law book.  Outside, rain streaked the courtroom windows like tears."
1417,Lawyer,Write a 100 word story about a Lawyer,"The courtroom hushed as Maya Chen adjusted her glasses, the worn leather of her briefcase familiar in her grip.  Today wasn’t about winning; it was about truth."
1418,Lawyer,Write a 100 word story about a Lawyer,"Elena traced the rim of her coffee cup, the courtroom’s sterile silence pressing in.  Outside, rain blurred the city’s sharp edges."
1419,Lawyer,Write a 100 word story about a Lawyer,"Elias Thorne adjusted his glasses, the lamplight glinting off the courthouse’s marble steps.  Rain slicked the pavement outside, mirroring the tension in the courtroom."
1420,Lawyer,Write a 100 word story about a Lawyer,Elena traced the scar on her wedding ring with a thumb worn smooth by years of gripping gavels.  Ten minutes until the verdict in *State v.
1421,Lawyer,Write a 100 word story about a Lawyer,"Elena traced the worn leather of her law briefcase—her father’s, worn smooth by decades of arguing in courtrooms across the state.  Tonight, though, she sat across from a trembling teenager accused of shoplifting bread to feed his siblings."
1422,Lawyer,Write a 100 word story about a Lawyer,"Elena traced the cracked leather of her grandfather’s briefcase, its weight familiar as a second heartbeat.  Outside the courthouse steps, rain slicked the pavement, reflecting the grey sky."
1423,Lawyer,Write a 100 word story about a Lawyer,"Harper Finch adjusted her glasses, the courtroom’s hushed silence thick as velvet.  Across the aisle, her client—a trembling teenager—clutched his mother’s hand."
1424,Lawyer,Write a 100 word story about a Lawyer,"Elias Thorne adjusted his spectacles, the courtroom hushed.  Behind him, a mountain of files stood as testament to twenty years fighting for the overlooked."
1425,Lawyer,Write a 100 word story about a Lawyer,"The rain lashed the courtroom windows as Eleanor Vance adjusted her spectacles.  The defendant, a trembling teenager accused of theft, met her gaze—not with pleading, but defiance."
1426,Lawyer,Write a 100 word story about a Lawyer,"The courtroom hushed as Eleanor Vance stood.  Her tailored suit was crisp, her gaze steady—until she caught sight of the defendant: Ben Carter, the boy who’d fixed her自行车 *ten years ago* after her son’s bike chain snapped mid-ride."
1427,Lawyer,Write a 100 word story about a Lawyer,"The rain lashed the courthouse windows as Elias Thorne adjusted his spectacles.  His client, Mrs."
1428,Lawyer,Write a 100 word story about a Lawyer,"Elias Thorne adjusted his spectacles, the courtroom’s hushed tension thick as velvet.  His client, Mrs."
1429,Lawyer,Write a 100 word story about a Lawyer,"Elias Thorne adjusted his glasses, the courtroom’s sterile silence pressing in like lead.  Before him, young Maya clutched a frayed birth certificate—her only proof of identity, her parents lost to war."
1430,Lawyer,Write a 100 word story about a Lawyer,"Eleanor Vance traced the cold brass of her office door handle, breath fogging the frosted glass.  Inside, sunlight glinted off stacks of case files—each a wound, each a plea."
1431,Lawyer,Write a 100 word story about a Lawyer,"Arthur Finch adjusted his spectacles, the courtroom’s hushed tension thick as dust motes in afternoon light.  He’d spent years defending clients others deemed beyond saving—addicts, thieves, the thoroughly broken."
1432,Lawyer,Write a 100 word story about a Lawyer,"Elias Thorne adjusted his spectacles, the courtroom’s fluorescent lights glinting off his polished shoes.  Opposite him, Maria Alvarez clutched her worn folder—her eviction notice, her son’s medical bills, the tremor in her hands visible even from the bench."
1433,Lawyer,Write a 100 word story about a Lawyer,"Elias Thorne adjusted his spectacles, the courtroom’s hushed silence pressing like wool.  Before him lay *State v."
1434,Lawyer,Write a 100 word story about a Lawyer,"Elias Thorne adjusted his glasses, the courtroom’s hushed silence pressing against his eardrums.  Opposite him, the witness flinched as he presented the *real* invoice—water-stained, timestamped, irrefutable proof the client hadn’t received the shipment."
1435,Lawyer,Write a 100 word story about a Lawyer,"Mr.  Aris Thorne adjusted his spectacles, the courtroom’s hushed tension thick as velvet drapes."
1436,Lawyer,Write a 100 word story about a Lawyer,"Arthur Finch adjusted his cufflinks, the courtroom hushed around him.  Outside, rain lashed the glass walls, but inside, tension hung thick as silence."
1437,Lawyer,Write a 100 word story about a Lawyer,"Elias Thorne adjusted his spectacles, the courtroom’s hushed tension thick as old parchment.  Before him, Mrs."
1438,Lawyer,Write a 100 word story about a Lawyer,"Elias Thorne adjusted his cuffs, the courtroom’s stale air thick with tension.  Opposite him, Maya Chen clutched a faded photo—her son, barely twelve, accused of vandalism."
1439,Lawyer,Write a 100 word story about a Lawyer,"Elena adjusted her glasses, the courtroom’s silence thick as dust motes in the afternoon light.  The case—*State v."
1440,Lawyer,Write a 100 word story about a Lawyer,"Elena traced the worn leather binding of *Blackstone’s Commentaries*, dust motes dancing in the afternoon sun.  Outside, rain lashed the courthouse dome."
1441,Lawyer,Write a 100 word story about a Lawyer,"Arthur Finch adjusted his glasses, the courtroom’s sterile air thick with tension.  Opposite him, Maya Chen clutched her newborn’s photo—battered, faded, yet defiantly smiling."
1442,Lawyer,Write a 100 word story about a Lawyer,"Arthur Finch adjusted his worn cufflinks—mother’s wedding band and a smooth river stone—before entering Courtroom Three.  The case: defending Maya, a quiet librarian accused of stealing a first edition *Dickens*."
1443,Lawyer,Write a 100 word story about a Lawyer,"Elena traced the cracked leather of her grandfather’s briefcase, its weight familiar.  Inside lay not case files, but a single, folded blueprint—her childhood home, saved from demolition by his quiet, stubborn argument before the city council decades ago."
1444,Lawyer,Write a 100 word story about a Lawyer,"Eleanor Vance traced the faded ink on her grandfather’s law license—1952.  The brass seal gleamed, cold beneath her thumb."
1445,Lawyer,Write a 100 word story about a Lawyer,"Elena traced the scar on her knuckle—earned in law school, not court.  Today, she faced her hardest client: Mrs."
1446,Lawyer,Write a 100 word story about a Lawyer,"Elias Thorne adjusted his spectacles, the courtroom hushed.  The judge’s gavel hovered."
1447,Lawyer,Write a 100 word story about a Lawyer,"Elias Thorne adjusted his glasses, the courtroom’s stale air thick with tension.  His client, a young woman accused of arson, sat pale and silent."
1448,Lawyer,Write a 100 word story about a Lawyer,"Arthur Finch adjusted his spectacles, the courtroom hushed except for the tick of an old grandfather clock.  Across the aisle, his client—Mr."
1449,Lawyer,Write a 100 word story about a Lawyer,"The rain lashed against the high-rise windows as Elena traced the damning exhibit—a single, water-damaged receipt—for the third time.  The opposing counsel smirked; her case felt lost."
1450,Lawyer,Write a 100 word story about a Lawyer,"Mr.  Aris Thorne, late of Sterling & Graves, sat in his empty office—dust motes dancing in the afternoon sunbeam cutting through blinds long unchanged."
1451,Lawyer,Write a 100 word story about a Lawyer,"Eleanor Vance adjusted her glasses, the courtroom’s fluorescent lights glinting off her sensible suit.  The case—*State v."
1452,Lawyer,Write a 100 word story about a Lawyer,"Elias Thorne sat in his polished oak-paneled office, the afternoon light slanting across case files thick with precedent.  Outside, rain blurred the city skyline into watercolor strokes."
1453,Lawyer,Write a 100 word story about a Lawyer,"Elias Thorne adjusted his spectacles, the worn leather briefcase heavy with *Thorne v.  Veridian Industries*."
1454,Lawyer,Write a 100 word story about a Lawyer,"Elias Thorne adjusted his cuffs, the polished oak courtroom floor reflecting his stern silhouette.  Today’s case was petty: a stolen locket, its tiny hinge broken by frantic fingers."
1455,Lawyer,Write a 100 word story about a Lawyer,Mr.  Aris Thorne’s briefcase smelled of old paper and desperation.
1456,Lawyer,Write a 100 word story about a Lawyer,"Eleanor Vance opened her third coffee of the morning, steam curling like smoke signals before battle.  Her office bore the quiet weight of precedent: worn law books, a framed diploma gathering dust, and the faint scent of stale paper."
1457,Lawyer,Write a 100 word story about a Lawyer,"The rain slicked the city as Eleanor paused outside the courthouse, the weight of her client’s innocence heavy in her briefcase—documents proving the alibi the prosecution dismissed.  Inside, the judge’s gavel hovered over a life sentence for the young man falsely accused."
1458,Lawyer,Write a 100 word story about a Lawyer,"Elias Thorne adjusted his spectacles, the courtroom’s hushed tension thick as dust.  His client, a young woman accused of stealing medicine to save her dying child, sat pale and trembling."
1459,Lawyer,Write a 100 word story about a Lawyer,"The rain slicked the pavement as Evelyn adjusted her glasses, scanning the courtroom’s polished oak.  Her client, a trembling teenager accused of theft, met her gaze with desperate hope."
1460,Lawyer,Write a 100 word story about a Lawyer,"Elias thumbed the worn leather cover of his law book, rain streaking the window like fresh ink.  Outside, the city pulsed—sirens, horns, hurried footsteps—but here in his quiet chamber, time thickened."
1461,Lawyer,Write a 100 word story about a Lawyer,"Eleanor Vance stared at the cracked porcelain mug—her third coffee of the hour—in her sterile office.  Outside, rain streaked the glass like tears."
1462,Lawyer,Write a 100 word story about a Lawyer,"Eleanor Vance adjusted her glasses, the courtroom hushed.  The witness lied—smoothly, confidently—and the jury leaned in, captivated."
1463,Lawyer,Write a 100 word story about a Lawyer,"Elias Thorne adjusted his spectacles, the courtroom hushed.  Across the aisle, his client—a young woman accused of theft—trembled."
1464,Lawyer,Write a 100 word story about a Lawyer,"Elias Thorne adjusted his glasses, the courtroom’s hushed tension thick as velvet.  The case—*State v."
1465,Lawyer,Write a 100 word story about a Lawyer,"Elias Thorne adjusted his spectacles, the courtroom’s silence heavy as lead.  The jury had returned, faces grim."
1466,Lawyer,Write a 100 word story about a Lawyer,"Gerald adjusted his spectacles, the courtroom’s hushed silence pressing like heavy velvet.  Before him lay *People v."
1467,Lawyer,Write a 100 word story about a Lawyer,"Ethan’s fingers trembled over the final signature.  The settlement file lay open—$2 million for his client, Mrs."
1468,Lawyer,Write a 100 word story about a Lawyer,"Elias Thorne adjusted his spectacles, the courtroom’s hushed tension thick as velvet.  His client, a young woman accused of theft, trembled on the stand."
1469,Lawyer,Write a 100 word story about a Lawyer,"Elena adjusted her spectacles, the fluorescent lights humming overhead.  The courtroom, usually sterile and stern, felt suffocating today."
1470,Lawyer,Write a 100 word story about a Lawyer,"Elias Thorne closed the final briefcase with a sigh.  Outside, rain lashed the courthouse steps."
1471,Lawyer,Write a 100 word story about a Lawyer,"Elena traced the scar on her wedding band—left by a desperate lawyer’s pen during a custody battle she’d won, then lost.  Ten years later, she sat across from Mark, his trembling hands spilling coffee onto the settlement agreement."
1472,Lawyer,Write a 100 word story about a Lawyer,"Elena Chen adjusted her glasses, the courtroom’s stale air thick with tension.  Her client, Mr."
1473,Lawyer,Write a 100 word story about a Lawyer,"Arthur Finch adjusted his glasses, the courtroom’s hushed silence pressing like weights.  Before him, Mrs."
1474,Lawyer,Write a 100 word story about a Lawyer,"The rain lashed the courtroom windows as Mr.  Aris Thorne, sleeves rolled to the elbow, traced a trembling finger over the witness stand’s scarred wood."
1475,Lawyer,Write a 100 word story about a Lawyer,"Arthur Finch adjusted his spectacles, the courtroom hushed.  Opponent’s case crumbled under his precise questions—receipts misplaced, alibis fractured."
1476,Lawyer,Write a 100 word story about a Lawyer,"Elias Thorne closed the case file with a sigh.  Outside, rain lashed the city."
1477,Lawyer,Write a 100 word story about a Lawyer,"Harper adjusted her glasses, the courtroom’s stale air thick with tension.  Opposite her, Mr."
1478,Lawyer,Write a 100 word story about a Lawyer,"Elias Thorne adjusted his cufflinks, the courtroom hushed.  The evidence against his client, a young woman accused of arson, seemed irrefutable: fingerprints at the scene, motive, opportunity."
1479,Lawyer,Write a 100 word story about a Lawyer,"Elena sat at her scarred oak desk, the scent of old paper and stale coffee thick in the air.  Outside, rain streaked the window, blurring the city’s neon glare."
1480,Lawyer,Write a 100 word story about a Lawyer,"The rain lashed against the courthouse windows as Elara Vance clutched her client’s trembling hand.  Ten years of fighting for justice—corrupt officials, corporate giants, the forgotten poor—culminated in this: María, accused of stealing bread to feed her starving children."
1481,Lawyer,Write a 100 word story about a Lawyer,"Elias Thorne adjusted his spectacles, the courtroom hushed.  The evidence against his client was damning: fingerprints, motive, a shaky alibi."
1482,Lawyer,Write a 100 word story about a Lawyer,"Gavel down, Sarah Chen exhaled the stale courtroom air.  Her client, Mr."
1483,Lawyer,Write a 100 word story about a Lawyer,"Elias Vance adjusted his cuffs, the weight of the case pressing heavier than the oak desk.  Across from him, Ms."
1484,Lawyer,Write a 100 word story about a Lawyer,"Elena traced the cracks in her courthouse oak desk, rain streaking the tall windows.  The final arguments concluded, the jury still deliberating."
1485,Lawyer,Write a 100 word story about a Lawyer,"Elias Thorne adjusted his spectacles, the courtroom’s hushed tension thick as velvet.  Opposite him, a trembling witness clutched a worn photograph—his daughter, vanished five years ago."
1486,Lawyer,Write a 100 word story about a Lawyer,"Elias Thorne adjusted his spectacles, the courtroom’s silence thick as dust.  His client, a young woman accused of arson, trembled on the witness stand."
1487,Lawyer,Write a 100 word story about a Lawyer,"Elias Thorne adjusted his spectacles, the courtroom hushed.  Opposing counsel argued passionately for his client’s innocence—another stolen artifact, another desperate plea."
1488,Lawyer,Write a 100 word story about a Lawyer,"Elena traced the faded ink on her grandfather’s law license, dust motes dancing in the afternoon sun.  Outside her window, rain slicked the city streets—gray, indifferent."
1489,Lawyer,Write a 100 word story about a Lawyer,"Martin Thorne adjusted his tie, the silk cool against his throat.  The courtroom hushed as he rose—tall, precise, every gesture calibrated."
1490,Lawyer,Write a 100 word story about a Lawyer,"The rain slicked the courthouse steps as Maya adjusted her briefcase, the weight of *State v.  Arden* heavy in her chest."
1491,Lawyer,Write a 100 word story about a Lawyer,"Elena traced the scar on her left palm—the one from when she’d torn open the jury room door at dawn, desperate to stop a wrongful conviction.  Ten years later, she sat across from a trembling teenager accused of arson that had killed his mother."
1492,Lawyer,Write a 100 word story about a Lawyer,"Elias Thorne sat alone in his sterile office, the only sound the tick of an antique clock.  Outside, rain blurred the city lights into streaks of gold."
1493,Lawyer,Write a 100 word story about a Lawyer,"Elena traced the cracked leather of her grandfather’s briefcase—the one he carried into court even after retirement.  Today, she opened it not for files, but for his final, unsent letter."
1494,Lawyer,Write a 100 word story about a Lawyer,"Elias thumbed the worn leather cover of *Blackstone’s Commentaries*, the scent of aging paper and pipe smoke clinging to his office.  Outside, rain blurred the city’s sharp edges; inside, the air hummed with quiet intensity."
1495,Lawyer,Write a 100 word story about a Lawyer,"Arthur Finch adjusted his cufflinks, the *click* echoing in the hushed courtroom.  Today wasn’t about winning; it was about remembering."
1496,Lawyer,Write a 100 word story about a Lawyer,"The courtroom hushed as Evelyn Reed adjusted her glasses, the worn leather briefcase at her feet heavy with evidence.  Opposite her, the prosecutor smirked—his case seemed solid: clean fingerprints, a witness, motive."
1497,Lawyer,Write a 100 word story about a Lawyer,"The courtroom hummed with tension.  Eleanor Vance, silver hair pulled back, adjusted her glasses as the judge’s gavel fell."
1498,Lawyer,Write a 100 word story about a Lawyer,"Mr.  Aris Thorne, late of corporate law, now卷ed his worn copy of *Blackstone’s Commentaries* in the sun-dappled alley behind St."
1499,Lawyer,Write a 100 word story about a Lawyer,"Elias Thorne reviewed the contract one last time.  Rain streaked the window of his corner office, blurring the city’s glittering spires."
1500,Lawyer,Write a 100 word story about a Lawyer,"Elena traced the warped wooden table, her fingertips catching on a splinter—just like the courtroom where she’d lost her first major case.  Now, decades later, she reviewed files in her sun-dappled office, the scent of old paper and Earl Grey steady as a heartbeat."
1501,Engineer,Briefly describe a Engineer.,"An engineer is a professional who applies scientific principles, mathematics, and technical knowledge to design, build, test, and improve structures, machines, systems, materials, or processes—solving real-world problems while balancing constraints like safety, cost, efficiency, and sustainability.  Engineers specialize in fields such as mechanical, civil, electrical, software, chemical, or aerospace engineering, among others."
1502,Engineer,Briefly describe a Engineer.,"An engineer is a professional who applies scientific principles, mathematics, and technical knowledge to design, build, test, and improve structures, machines, systems, materials, or processes—aiming to solve practical problems efficiently and safely across fields like civil, mechanical, electrical, software, chemical, and more.."
1503,Engineer,Briefly describe a Engineer.,"An engineer is a problem-solver who applies scientific principles, mathematics, and technical knowledge to design, build, test, and improve structures, machines, systems, materials, or processes—balancing functionality, safety, efficiency, and cost.  Engineers specialize in fields like mechanical, electrical, civil, software, or chemical engineering, among others, and often work in teams to turn ideas into practical solutions for real-world challenges."
1504,Engineer,Briefly describe a Engineer.,"An engineer is a professional who applies scientific principles, mathematics, and technical knowledge to design, build, test, and maintain structures, machines, systems, or processes that solve real-world problems—turning ideas into functional, safe, and efficient solutions across fields like civil, mechanical, electrical, software, and more.."
1505,Engineer,Briefly describe a Engineer.,"An engineer is a professional who applies scientific principles, mathematics, and technical knowledge to design, build, test, and improve structures, machines, systems, materials, or processes—solving real-world problems while balancing safety, efficiency, cost, and sustainability.  Engineers specialize in fields such as mechanical, electrical, civil, software, chemical, aerospace, and more, often working iteratively through analysis, prototyping, and refinement to create functional, innovative solutions."
1506,Engineer,Briefly describe a Engineer.,"An engineer is a professional who applies scientific principles, mathematics, and technical knowledge to design, build, test, and improve structures, machines, systems, materials, or processes—solving real-world problems efficiently and safely across fields like mechanical, electrical, civil, software, aerospace, and more.  Engineers emphasize innovation, optimization, reliability, and adherence to constraints (e."
1507,Engineer,Briefly describe a Engineer.,"An engineer is a professional who applies scientific principles, mathematics, and practical knowledge to design, build, test, and maintain structures, machines, systems, materials, or processes—solving real-world problems while considering safety, efficiency, cost, and sustainability.."
1508,Engineer,Briefly describe a Engineer.,"An engineer is a professional who applies scientific principles, mathematics, and technical knowledge to design, build, analyze, and improve structures, machines, systems, materials, or processes—aiming to solve practical problems efficiently, safely, and sustainably across disciplines like mechanical, civil, electrical, software, chemical, and more.."
1509,Engineer,Briefly describe a Engineer.,"An engineer is a professional who applies scientific principles, mathematics, and technical knowledge to design, build, test, and improve structures, machines, systems, materials, or processes—aiming to solve practical problems efficiently and safely across disciplines like civil, mechanical, electrical, software, chemical, and more.."
1510,Engineer,Briefly describe a Engineer.,"An engineer is a professional who applies scientific principles, mathematics, and technical knowledge to design, build, test, and improve structures, machines, systems, materials, or processes—solving practical problems while balancing functionality, safety, efficiency, cost, and sustainability.."
1511,Engineer,Briefly describe a Engineer.,"An engineer is a professional who applies scientific principles, mathematics, and practical knowledge to design, build, test, and improve structures, machines, systems, or processes—solving real-world problems while considering safety, efficiency, cost, and sustainability.."
1512,Engineer,Briefly describe a Engineer.,"An engineer is a professional who applies scientific principles, mathematics, and technical knowledge to design, build, test, and improve structures, machines, systems, materials, or processes—solving real-world problems efficiently and safely across disciplines like mechanical, civil, electrical, software, and more.."
1513,Engineer,Briefly describe a Engineer.,"An engineer is a professional who applies scientific principles, mathematics, and technical knowledge to design, build, test, and improve structures, machines, systems, materials, or processes—solving practical problems and innovating for societal benefit across fields like mechanical, electrical, civil, software, and more.."
1514,Engineer,Briefly describe a Engineer.,"An **engineer** is a professional who applies scientific principles, mathematics, and technical knowledge to design, build, maintain, and improve structures, machines, systems, materials, or processes—solving real-world problems safely, efficiently, and sustainably.  Engineers specialize in fields like mechanical, electrical, civil, software, chemical, aerospace, and more, using creativity, analysis, and problem-solving to translate ideas into functional solutions."
1515,Engineer,Briefly describe a Engineer.,"An engineer is a professional who applies scientific principles, mathematics, and technical knowledge to design, build, test, and improve structures, machines, systems, materials, or processes—solving practical problems while balancing constraints like cost, safety, efficiency, and sustainability.  Engineers specialize in fields such as mechanical, electrical, civil, software, chemical, aerospace, and more, transforming ideas into functional real-world solutions."
1516,Engineer,Briefly describe a Engineer.,"An engineer is a problem-solving professional who applies scientific principles, mathematics, and technical knowledge to design, build, test, and improve structures, machines, systems, materials, or processes.  Engineers translate theoretical concepts into practical solutions across diverse fields—such as civil, mechanical, electrical, software, or environmental engineering—to meet societal needs, ensure safety, efficiency, and sustainability."
1517,Engineer,Briefly describe a Engineer.,"An engineer is a professional who applies scientific principles, mathematics, and technical knowledge to design, build, test, and improve structures, machines, systems, materials, or processes—solving real-world problems while balancing constraints like safety, cost, efficiency, and sustainability.."
1518,Engineer,Briefly describe a Engineer.,"An engineer is a professional who applies scientific principles, mathematics, and technical knowledge to design, build, test, and improve structures, machines, systems, or processes—solving practical problems while considering safety, efficiency, cost, and societal impact.  Engineers specialize in fields such as mechanical, electrical, civil, software, chemical, or aerospace engineering, among others, and often work in industries like manufacturing, construction, technology, energy, or research."
1519,Engineer,Briefly describe a Engineer.,"An engineer is a professional who applies scientific principles, mathematics, and technical knowledge to design, build, test, and maintain structures, machines, systems, materials, or processes—solving real-world problems efficiently and safely.  Engineers specialize in fields such as mechanical, electrical, civil, software, chemical, and many others, combining creativity with analytical rigor to innovate and improve technology, infrastructure, and everyday life."
1520,Engineer,Briefly describe a Engineer.,"An **engineer** is a professional who applies scientific principles, mathematics, and technical knowledge to design, build, test, and improve structures, machines, systems, materials, or processes—solving real-world problems while balancing constraints like safety, cost, efficiency, and sustainability.  Engineers specialize in fields such as mechanical, electrical, civil, software, chemical, aerospace, and many more, turning ideas into functional, practical solutions that benefit society."
1521,Engineer,Briefly describe a Engineer.,"An engineer is a professional who applies scientific principles, mathematics, and technical knowledge to design, build, test, and improve structures, machines, systems, materials, or processes—solving real-world problems while balancing functionality, safety, cost, and sustainability.."
1522,Engineer,Briefly describe a Engineer.,"An engineer is a professional who applies scientific principles, mathematics, and technical knowledge to design, build, analyze, and improve structures, machines, systems, materials, or processes—turning theoretical ideas into practical solutions that address real-world problems.  Engineers specialize in fields like mechanical, electrical, civil, software, chemical, and more, adhering to safety, efficiency, sustainability, and ethical standards in their work."
1523,Engineer,Briefly describe a Engineer.,"An engineer is a professional who applies scientific principles, mathematics, and technical knowledge to design, build, test, and improve structures, machines, systems, materials, or processes—solving real-world problems while balancing safety, efficiency, cost, and sustainability.  Engineers specialize in fields such as mechanical, civil, electrical, software, chemical, or aerospace engineering, among others, and often work in teams across industries including manufacturing, construction, energy, technology, and research."
1524,Engineer,Briefly describe a Engineer.,"An **engineer** is a professional who applies scientific principles, mathematics, and technical knowledge to design, build, test, and improve structures, machines, systems, materials, or processes—solving practical problems and advancing technology across fields like civil, mechanical, electrical, software, chemical, and more.."
1525,Engineer,Briefly describe a Engineer.,"An **engineer** is a professional who applies scientific principles, mathematics, and technical knowledge to design, build, test, and improve structures, machines, systems, materials, or processes—solving practical problems and meeting human needs safely and efficiently.  Engineers specialize in fields like civil, mechanical, electrical, software, chemical, or aerospace engineering, and often work in industries such as construction, manufacturing, technology, energy, or research."
1526,Engineer,Briefly describe a Engineer.,"An engineer is a professional who applies scientific principles, mathematics, and practical knowledge to design, build, test, and improve structures, machines, systems, materials, or processes—solving real-world problems while balancing efficiency, safety, cost, and sustainability.  Engineers specialize in fields like mechanical, civil, electrical, software, chemical, or biomedical engineering, and often work collaboratively across disciplines to innovate and meet societal needs."
1527,Engineer,Briefly describe a Engineer.,"An engineer is a professional who applies scientific principles, mathematics, and technical knowledge to design, build, analyze, and maintain structures, machines, systems, materials, or processes—aiming to solve practical problems and meet human needs efficiently, safely, and sustainably.  Engineers specialize in fields such as civil, mechanical, electrical, software, chemical, and more, often balancing innovation with constraints like cost, safety regulations, and environmental impact."
1528,Engineer,Briefly describe a Engineer.,"An engineer is a professional who applies scientific principles, mathematics, and technical knowledge to design, build, analyze, and improve structures, machines, systems, materials, or processes—solving practical problems while balancing constraints like safety, cost, efficiency, and sustainability.  Engineers specialize in fields such as civil, mechanical, electrical, chemical, software, or environmental engineering, and often work iteratively through problem-solving, prototyping, testing, and optimization."
1529,Engineer,Briefly describe a Engineer.,"An engineer is a professional who applies scientific principles, mathematics, and technical knowledge to design, build, test, and improve structures, machines, systems, materials, or processes—solving real-world problems safely, efficiently, and sustainably.  Engineers specialize in fields like mechanical, electrical, civil, software, or biomedical engineering, and often work collaboratively across disciplines to innovate and meet societal, industrial, or environmental needs."
1530,Engineer,Briefly describe a Engineer.,"An engineer is a professional who applies scientific principles, mathematics, and technical knowledge to design, build, test, and improve structures, machines, systems, materials, or processes—solving real-world problems efficiently and safely.  Engineers specialize in fields like mechanical, electrical, civil, software, chemical, or aerospace engineering, combining creativity with analytical rigor to innovate while considering constraints such as cost, safety, environmental impact, and usability."
1531,Engineer,Briefly describe a Engineer.,"An engineer is a professional who applies scientific principles, mathematics, and technical knowledge to design, build, test, and maintain structures, machines, systems, materials, or processes—solving practical problems while balancing efficiency, safety, cost, and sustainability.  Engineers specialize in fields like civil, mechanical, electrical, software, chemical, aerospace, and more, often using analysis, creativity, and problem-solving to innovate and improve technology and infrastructure."
1532,Engineer,Briefly describe a Engineer.,"An engineer is a professional who applies scientific principles, mathematics, and technical knowledge to design, build, test, and improve structures, machines, systems, or processes—solving practical problems across fields like civil, mechanical, electrical, software, chemical, and more.  Engineers emphasize efficiency, safety, sustainability, and innovation while adhering to standards and constraints such as budget, time, and regulations."
1533,Engineer,Briefly describe a Engineer.,"An engineer is a professional who applies scientific principles, mathematics, and technical knowledge to design, build, test, and maintain structures, machines, systems, or processes—solving real-world problems while balancing efficiency, safety, cost, and sustainability.  Engineers specialize in fields such as mechanical, electrical, civil, software, chemical, or aerospace engineering, among others, and often work in teams across industries like manufacturing, construction, tech, energy, and healthcare."
1534,Engineer,Briefly describe a Engineer.,"An engineer is a professional who applies scientific principles, mathematics, and technical knowledge to design, build, test, and improve structures, machines, systems, materials, or processes—solving practical problems while considering safety, efficiency, cost, and sustainability.  Engineers specialize in fields such as mechanical, electrical, civil, software, chemical, or environmental engineering, and they work across industries including aerospace, energy, healthcare, manufacturing, and technology."
1535,Engineer,Briefly describe a Engineer.,"An engineer is a professional who applies scientific principles, mathematics, and technical knowledge to design, build, test, and maintain structures, machines, systems, materials, or processes that solve practical problems—ranging from bridges and software to medical devices and renewable energy solutions.  Engineers emphasize efficiency, safety, sustainability, and innovation within constraints like cost, time, and regulations."
1536,Engineer,Briefly describe a Engineer.,"An engineer is a professional who applies scientific principles, mathematics, and technical knowledge to design, build, test, and improve structures, machines, systems, materials, or processes—solving real-world problems while balancing constraints like cost, safety, efficiency, and sustainability.  Engineers specialize in fields such as mechanical, civil, electrical, software, chemical, or biomedical engineering, among others, and often work collaboratively across disciplines to innovate and deliver practical solutions."
1537,Engineer,Briefly describe a Engineer.,"An engineer is a professional who applies scientific principles, mathematics, and technical knowledge to design, build, test, and improve structures, machines, systems, or processes—solving real-world problems while balancing constraints like cost, safety, efficiency, and sustainability.  Engineers specialize in fields such as mechanical, civil, electrical, software, chemical, aerospace, and more, using creativity, analytical thinking, and iterative problem-solving to turn ideas into practical solutions."
1538,Engineer,Briefly describe a Engineer.,"An engineer is a professional who applies scientific principles, mathematics, and technical knowledge to design, build, test, and improve structures, machines, systems, materials, or processes—solving real-world problems safely, efficiently, and sustainably.  Engineers specialize in fields such as mechanical, electrical, civil, software, chemical, aerospace, and more, often working across teams to innovate and implement practical solutions for societal, industrial, and environmental challenges."
1539,Engineer,Briefly describe a Engineer.,"An engineer is a professional who applies scientific principles, mathematics, and technical knowledge to design, build, test, and improve structures, machines, systems, materials, or processes—solving real-world problems while considering safety, efficiency, cost, and sustainability.  Engineers specialize in fields such as mechanical, electrical, civil, software, chemical, or aerospace engineering, among others, and often work collaboratively across disciplines to turn ideas into functional solutions."
1540,Engineer,Briefly describe a Engineer.,"An engineer is a professional who applies scientific principles, mathematics, and technical knowledge to design, build, maintain, and improve structures, machines, systems, materials, or processes—solving real-world problems efficiently and safely.  Engineers specialize in fields such as mechanical, civil, electrical, software, chemical, or aerospace engineering, among others, and emphasize innovation, analysis, and practical application."
1541,Engineer,Briefly describe a Engineer.,"An engineer is a professional who applies scientific principles, mathematics, and technical knowledge to design, build, test, and improve structures, machines, systems, materials, or processes—turning ideas into practical, safe, and efficient solutions that solve real-world problems.."
1542,Engineer,Briefly describe a Engineer.,"An engineer is a professional who applies scientific principles, mathematics, and technical knowledge to design, build, test, and improve structures, machines, systems, materials, or processes—solving real-world problems while considering safety, efficiency, cost, and sustainability.  Engineers specialize in fields like mechanical, electrical, civil, software, chemical, and many more, contributing innovations that shape technology, infrastructure, and everyday life."
1543,Engineer,Briefly describe a Engineer.,"An engineer is a professional who applies scientific principles, mathematics, and technical knowledge to design, build, test, and improve structures, machines, systems, materials, or processes—solving real-world problems efficiently and safely.  Engineers work across diverse fields (e."
1544,Engineer,Briefly describe a Engineer.,"An engineer is a professional who applies scientific principles, mathematics, and technical knowledge to design, build, test, and improve structures, machines, systems, materials, or processes—solving real-world problems safely, efficiently, and sustainably across disciplines like civil, mechanical, electrical, software, chemical, and more.."
1545,Engineer,Briefly describe a Engineer.,"An engineer is a professional who applies scientific principles, mathematics, and technical knowledge to design, build, test, and improve structures, machines, systems, materials, or processes—solving practical problems while considering safety, efficiency, sustainability, and cost.  Engineers specialize in fields like civil, mechanical, electrical, software, chemical, or environmental engineering, among others, and often work in teams to translate theoretical concepts into real-world solutions."
1546,Engineer,Briefly describe a Engineer.,"An **engineer** is a professional who applies scientific principles, mathematics, and technical knowledge to design, build, test, and improve structures, machines, systems, materials, or processes—solving real-world problems while balancing constraints like cost, safety, efficiency, and sustainability.  Engineers specialize in fields such as civil, mechanical, electrical, software, chemical, aerospace, and more, often working in teams across industries including technology, manufacturing, energy, healthcare, and infrastructure."
1547,Engineer,Briefly describe a Engineer.,"An engineer is a professional who applies scientific principles, mathematics, and technical knowledge to design, build, test, and improve structures, machines, systems, materials, or processes—solving real-world problems while balancing constraints like safety, cost, efficiency, and sustainability.  Engineers specialize in fields such as civil, mechanical, electrical, software, chemical, aerospace, and many more, transforming ideas into functional solutions that advance technology and society."
1548,Engineer,Briefly describe a Engineer.,"An engineer is a professional who applies scientific principles, mathematics, and technical knowledge to design, build, test, and improve structures, machines, systems, or processes—solving practical problems while considering safety, efficiency, sustainability, and cost.  Engineers specialize in fields like civil, mechanical, electrical, software, chemical, and more, bridging theory and real-world application."
1549,Engineer,Briefly describe a Engineer.,"An engineer is a professional who applies scientific principles, mathematics, and technical knowledge to design, build, test, and improve structures, machines, systems, materials, or processes—solving real-world problems while considering safety, efficiency, cost, and sustainability.  Engineers specialize in fields like mechanical, electrical, civil, software, chemical, or biomedical engineering, among others."
1550,Engineer,Briefly describe a Engineer.,"An engineer is a professional who applies scientific principles, mathematics, and technical knowledge to design, build, test, and improve structures, machines, systems, materials, or processes—solving real-world problems while balancing functionality, safety, efficiency, and cost.  Engineers work across diverse fields (e."
1551,Engineer,Briefly describe a Engineer.,"An engineer is a professional who applies scientific principles, mathematics, and technical knowledge to design, build, test, and improve structures, machines, systems, materials, or processes—solving real-world problems while considering safety, efficiency, sustainability, and cost.  Engineers work across diverse fields (e."
1552,Engineer,Briefly describe a Engineer.,"An engineer is a professional who applies scientific principles, mathematics, and technical knowledge to design, build, test, and improve structures, machines, systems, materials, or processes—solving real-world problems safely, efficiently, and sustainably across fields like mechanical, electrical, civil, software, chemical, and more.."
1553,Engineer,Briefly describe a Engineer.,"An engineer is a professional who applies scientific principles, mathematics, and technical knowledge to design, build, test, and improve structures, machines, systems, materials, or processes—solving real-world problems while considering safety, efficiency, cost, and sustainability.  Engineers specialize in fields such as mechanical, civil, electrical, software, chemical, and many more, transforming ideas into functional solutions through analysis, innovation, and problem-solving."
1554,Engineer,Briefly describe a Engineer.,"An engineer is a professional who applies scientific principles, mathematics, and practical knowledge to design, build, test, and improve structures, machines, systems, materials, or processes—solving real-world problems efficiently and safely across fields like civil, mechanical, electrical, software, and more.."
1555,Engineer,Briefly describe a Engineer.,"An engineer is a professional who applies scientific principles, mathematics, and technical knowledge to design, build, test, and improve structures, machines, systems, materials, or processes—solving real-world problems efficiently and safely.  Engineers specialize in fields like mechanical, electrical, civil, software, chemical, or aerospace engineering, among others, and often work in teams across industries such as manufacturing, construction, technology, energy, and healthcare."
1556,Engineer,Briefly describe a Engineer.,"An engineer is a professional who applies scientific principles, mathematics, and technical knowledge to design, build, test, and improve structures, machines, systems, materials, or processes—solving practical problems while balancing efficiency, safety, cost, and sustainability.  Engineers specialize in fields such as mechanical, civil, electrical, software, chemical, aerospace, and many others, contributing innovation and functionality across industries and everyday life."
1557,Engineer,Briefly describe a Engineer.,"An engineer is a professional who applies scientific principles, mathematics, and technical knowledge to design, build, test, and improve structures, machines, systems, materials, or processes—solving real-world problems while balancing constraints like safety, cost, efficiency, and sustainability.  Engineers specialize in fields such as civil, mechanical, electrical, software, chemical, aerospace, and many others."
1558,Engineer,Briefly describe a Engineer.,"An engineer is a professional who applies scientific principles, mathematics, and technical knowledge to design, build, analyze, and improve structures, machines, systems, materials, or processes—solving practical problems while considering safety, efficiency, sustainability, and cost.  Engineers specialize in fields such as civil, mechanical, electrical, software, chemical, or aerospace engineering, among others, and often work in teams across industries like manufacturing, construction, energy, technology, and research."
1559,Engineer,Briefly describe a Engineer.,"An **engineer** is a professional who applies scientific principles, mathematics, and technical knowledge to design, build, test, and maintain structures, machines, systems, materials, or processes that solve practical problems—often with attention to safety, efficiency, cost, and sustainability.  Engineers specialize in fields like civil, mechanical, electrical, software, chemical, environmental, and more, using the engineering design process (identify problem → research → ideate → prototype → test → refine) to create innovative solutions for real-world challenges."
1560,Engineer,Briefly describe a Engineer.,"An engineer is a professional who applies scientific principles, mathematics, and technical knowledge to design, build, test, and improve structures, machines, systems, materials, or processes—turning theoretical concepts into practical solutions that solve real-world problems while considering safety, efficiency, cost, and sustainability.."
1561,Engineer,Briefly describe a Engineer.,"An engineer is a professional who applies scientific principles, mathematics, and practical experience to design, build, test, and improve structures, machines, systems, materials, or processes—solving real-world problems efficiently and safely.  Engineers specialize in fields like mechanical, electrical, civil, software, chemical, aerospace, and more, adapting knowledge to create functional, innovative, and sustainable solutions for societal and industrial needs."
1562,Engineer,Briefly describe a Engineer.,"An engineer is a professional who applies scientific principles, mathematics, and technical knowledge to design, build, maintain, and improve structures, machines, systems, materials, or processes—solving practical problems and advancing technology across fields like civil, mechanical, electrical, software, and more.."
1563,Engineer,Briefly describe a Engineer.,"An engineer is a professional who applies scientific principles, mathematics, and technical knowledge to design, build, test, and improve structures, machines, systems, materials, or processes—solving practical problems while balancing constraints like cost, safety, efficiency, and sustainability.  Engineers specialize in fields such as mechanical, electrical, civil, software, chemical, or biomedical engineering, among others, and often work in industries ranging from aerospace and energy to healthcare and technology."
1564,Engineer,Briefly describe a Engineer.,"An engineer is a professional who applies scientific principles, mathematics, and technical knowledge to design, build, test, and improve structures, machines, systems, materials, or processes—solving real-world problems while balancing efficiency, safety, cost, and sustainability.  Engineers specialize in fields like mechanical, electrical, civil, software, chemical, and more, often working in teams across industries such as aerospace, construction, technology, energy, and healthcare."
1565,Engineer,Briefly describe a Engineer.,"An engineer is a professional who applies scientific principles, mathematics, and technical knowledge to design, build, test, and improve structures, machines, systems, materials, or processes—solving real-world problems efficiently and safely across disciplines like mechanical, civil, electrical, software, and more.."
1566,Engineer,Briefly describe a Engineer.,"An **engineer** is a professional who applies scientific principles, mathematics, and technical knowledge to design, build, test, and maintain structures, machines, systems, materials, or processes that solve practical problems—often balancing functionality, safety, efficiency, cost, and sustainability.  Engineers specialize in fields such as civil, mechanical, electrical, software, chemical, aerospace, environmental, and more."
1567,Engineer,Briefly describe a Engineer.,"An engineer is a professional who applies scientific principles, mathematics, and technical knowledge to design, build, test, and improve structures, machines, systems, materials, or processes—solving practical problems while balancing constraints like safety, cost, efficiency, and sustainability.  Engineers specialize in fields such as mechanical, electrical, civil, software, chemical, aerospace, and many more, often using modeling, prototyping, data analysis, and iterative refinement to turn ideas into functional solutions."
1568,Engineer,Briefly describe a Engineer.,"An engineer is a professional who applies scientific principles, mathematics, and technical knowledge to design, build, test, and improve structures, machines, systems, materials, or processes—solving real-world problems efficiently and safely.  Engineers specialize in fields such as mechanical, electrical, civil, software, aerospace, and more, balancing innovation with constraints like cost, regulations, and sustainability."
1569,Engineer,Briefly describe a Engineer.,"An engineer is a professional who applies scientific principles, mathematics, and technical knowledge to design, build, maintain, and improve structures, machines, systems, materials, or processes—solving real-world problems while balancing constraints like cost, safety, efficiency, and sustainability.  Engineers specialize in fields such as civil, mechanical, electrical, software, chemical, or aerospace engineering, among others."
1570,Engineer,Briefly describe a Engineer.,"An engineer is a professional who applies scientific principles, mathematics, and technical knowledge to design, build, test, and improve structures, machines, systems, or processes—solving real-world problems while balancing functionality, safety, efficiency, and cost.  Engineers specialize in fields such as mechanical, electrical, civil, software, chemical, or aerospace engineering, among others, and often work in research, development, manufacturing, or project management roles."
1571,Engineer,Briefly describe a Engineer.,"An engineer is a professional who applies scientific principles, mathematics, and technical knowledge to design, build, test, and improve structures, machines, systems, materials, or processes—solving real-world problems efficiently and safely across fields like mechanical, electrical, civil, software, and more.."
1572,Engineer,Briefly describe a Engineer.,"An engineer is a professional who applies scientific principles, mathematics, and technical knowledge to design, build, test, and improve structures, machines, systems, materials, or processes—turning ideas into practical solutions that address real-world challenges while considering safety, efficiency, cost, and sustainability.."
1573,Engineer,Briefly describe a Engineer.,"An engineer is a professional who applies scientific principles, mathematics, and technical knowledge to design, build, test, and maintain structures, machines, systems, materials, or processes—solving real-world problems while balancing functionality, safety, efficiency, cost, and sustainability.."
1574,Engineer,Briefly describe a Engineer.,"An engineer is a professional who applies scientific principles, mathematics, and technical knowledge to design, build, test, and improve structures, machines, systems, materials, or processes—solving practical problems while considering safety, efficiency, cost, and sustainability.  Engineers specialize in fields such as mechanical, civil, electrical, software, chemical, and many others, turning ideas into functional reality across industries worldwide."
1575,Engineer,Briefly describe a Engineer.,"An engineer is a professional who applies scientific principles, mathematics, and technical knowledge to design, build, analyze, and improve structures, machines, systems, materials, or processes—solving real-world problems while balancing constraints like cost, safety, efficiency, and sustainability.  Engineers specialize in fields such as mechanical, electrical, civil, software, chemical, or biomedical engineering, among others."
1576,Engineer,Briefly describe a Engineer.,"An engineer is a professional who applies scientific principles, mathematics, and technical knowledge to design, build, test, and improve structures, machines, systems, or processes—solving real-world problems efficiently and safely across fields like mechanical, electrical, civil, software, chemical, and more.."
1577,Engineer,Briefly describe a Engineer.,"An engineer is a problem-solver who applies scientific principles, mathematics, and technical knowledge to design, build, test, and improve structures, machines, systems, materials, or processes—always with attention to safety, efficiency, sustainability, and societal needs.  Engineers specialize in fields like mechanical, electrical, civil, software, chemical, and more, translating theoretical concepts into practical solutions that shape the modern world."
1578,Engineer,Briefly describe a Engineer.,"An engineer is a professional who applies scientific principles, mathematics, and technical knowledge to design, build, test, and improve structures, machines, systems, materials, or processes—solving real-world problems while balancing constraints like safety, cost, efficiency, and sustainability.  Engineers specialize in fields such as mechanical, electrical, civil, software, chemical, aerospace, and more, using analysis, innovation, and practical judgment to turn ideas into functional solutions."
1579,Engineer,Briefly describe a Engineer.,"An engineer is a problem-solver who applies scientific principles, mathematics, and technical knowledge to design, build, test, and improve structures, machines, systems, materials, or processes—safely, efficiently, and sustainably—for practical use in society.  Engineers specialize in fields like mechanical, electrical, civil, software, chemical, and many more, balancing innovation with safety, cost, and ethical responsibility."
1580,Engineer,Briefly describe a Engineer.,"An engineer is a professional who applies scientific principles, mathematics, and technical knowledge to design, build, test, and improve structures, machines, systems, materials, or processes—solving real-world problems efficiently and safely across fields like mechanical, electrical, civil, software, and more.."
1581,Engineer,Briefly describe a Engineer.,"An engineer is a professional who applies scientific principles, mathematics, and technical knowledge to design, build, test, and improve structures, machines, systems, materials, or processes—solving real-world problems efficiently and safely across fields like civil, mechanical, electrical, software, chemical, and more.  Engineers combine creativity with analytical rigor to turn ideas into functional solutions."
1582,Engineer,Briefly describe a Engineer.,"An engineer is a professional who applies scientific principles, mathematics, and technical knowledge to design, build, test, and improve structures, machines, systems, materials, or processes—solving real-world problems while balancing efficiency, safety, cost, and sustainability.  Engineers specialize in fields like mechanical, civil, electrical, software, chemical, or aerospace engineering, among others."
1583,Engineer,Briefly describe a Engineer.,"An engineer is a professional who applies scientific principles, mathematics, and technical knowledge to design, build, test, and improve structures, machines, systems, materials, or processes—solving real-world problems while considering safety, efficiency, cost, and sustainability.  Engineers specialize in fields such as mechanical, electrical, civil, software, chemical, or biomedical engineering, among others."
1584,Engineer,Briefly describe a Engineer.,"An engineer is a professional who applies scientific principles, mathematics, and technical knowledge to design, build, test, and maintain structures, machines, systems, or processes—solving practical problems while considering safety, efficiency, cost, and sustainability.  Engineers specialize in fields such as civil, mechanical, electrical, software, chemical, or aerospace engineering, among others."
1585,Engineer,Briefly describe a Engineer.,"An engineer is a professional who applies scientific principles, mathematics, and technical knowledge to design, build, test, and improve structures, machines, systems, materials, or processes—solving real-world problems while considering safety, efficiency, cost, and sustainability.  Engineers specialize in fields such as mechanical, civil, electrical, software, chemical, or aerospace engineering, among others."
1586,Engineer,Briefly describe a Engineer.,"An engineer is a professional who applies scientific principles, mathematics, and technical knowledge to design, build, test, and improve structures, machines, systems, materials, or processes—solving real-world problems while considering safety, efficiency, cost, and sustainability.  Engineers specialize in fields such as civil, mechanical, electrical, software, chemical, aerospace, and more, often working in teams to innovate and implement solutions across industries."
1587,Engineer,Briefly describe a Engineer.,"An engineer is a professional who applies scientific principles, mathematics, and technical knowledge to design, build, test, and maintain structures, machines, systems, or processes—solving real-world problems efficiently, safely, and sustainably across fields like mechanical, electrical, civil, software, and more.."
1588,Engineer,Briefly describe a Engineer.,"An engineer is a problem-solver who applies scientific principles, mathematics, and technical knowledge to design, build, test, and improve structures, machines, systems, materials, or processes—turning ideas into practical solutions that meet societal needs while considering safety, efficiency, cost, and sustainability.."
1589,Engineer,Briefly describe a Engineer.,"An engineer is a professional who applies scientific principles, mathematics, and technical knowledge to design, build, test, and improve structures, machines, systems, materials, or processes—solving real-world problems while considering safety, efficiency, cost, and sustainability.  Engineers specialize in fields such as mechanical, electrical, civil, software, aerospace, biomedical, and more, often working collaboratively across disciplines to innovate and advance technology for societal benefit."
1590,Engineer,Briefly describe a Engineer.,"An engineer is a professional who applies scientific principles, mathematics, and technical knowledge to design, build, test, and improve structures, machines, systems, materials, or processes—aiming to solve practical problems and meet societal or industrial needs.  Engineers specialize in fields such as mechanical, electrical, civil, software, chemical, or aerospace engineering, and they follow ethical standards to ensure safety, efficiency, and sustainability in their solutions."
1591,Engineer,Briefly describe a Engineer.,"An engineer is a professional who applies scientific principles, mathematics, and technical knowledge to design, build, test, and maintain structures, machines, systems, materials, or processes—solving real-world problems efficiently and safely.  Engineers specialize in fields like mechanical, electrical, civil, software, chemical, or aerospace engineering, among others, and often work across industries such as energy, manufacturing, healthcare, and technology."
1592,Engineer,Briefly describe a Engineer.,"An engineer is a professional who applies scientific principles, mathematics, and practical knowledge to design, build, test, and improve structures, machines, systems, materials, or processes—solving real-world problems while balancing constraints like safety, cost, efficiency, and sustainability.  Engineers specialize in fields such as mechanical, civil, electrical, software, chemical, or environmental engineering, among others."
1593,Engineer,Briefly describe a Engineer.,"An engineer is a professional who applies scientific principles, mathematics, and technical knowledge to design, build, test, and improve structures, machines, systems, materials, or processes—solving real-world problems while considering safety, efficiency, cost, and sustainability.  Engineers specialize in fields such as mechanical, electrical, civil, software, chemical, or aerospace engineering, among others."
1594,Engineer,Briefly describe a Engineer.,"An engineer is a professional who applies scientific principles, mathematics, and technical knowledge to design, build, test, and improve structures, machines, systems, materials, or processes—solving real-world problems safely, efficiently, and sustainably.  Engineers specialize in fields like civil, mechanical, electrical, software, chemical, or biomedical engineering, and often work in research, development, manufacturing, construction, or consulting."
1595,Engineer,Briefly describe a Engineer.,"An engineer is a problem-solver who applies scientific principles, mathematics, and technical knowledge to design, build, test, and improve structures, machines, systems, materials, or processes—transforming ideas into practical solutions that meet societal, industrial, or environmental needs.."
1596,Engineer,Briefly describe a Engineer.,"An engineer is a problem-solver who applies scientific principles, mathematics, and technical knowledge to design, build, test, and improve structures, machines, systems, materials, or processes—turning ideas into practical, safe, and efficient solutions for real-world challenges.."
1597,Engineer,Briefly describe a Engineer.,"An engineer is a professional who applies scientific principles, mathematics, and technical knowledge to design, build, test, and improve structures, machines, systems, materials, or processes—solving real-world problems safely, efficiently, and sustainably across fields like mechanical, civil, electrical, software, chemical, and more.."
1598,Engineer,Briefly describe a Engineer.,"An engineer is a professional who applies scientific principles, mathematics, and technical knowledge to design, build, test, and improve structures, machines, systems, materials, or processes—solving real-world problems efficiently and safely.  Engineers specialize in fields like mechanical, electrical, civil, software, chemical, and many more, combining creativity with analytical rigor to innovate and advance technology for societal benefit."
1599,Engineer,Briefly describe a Engineer.,"An engineer is a professional who applies scientific principles, mathematics, and technical knowledge to design, build, test, and improve structures, machines, systems, materials, or processes—solving real-world problems while balancing efficiency, safety, cost, and sustainability.  Engineers specialize in fields such as mechanical, electrical, civil, software, chemical, aerospace, and more, contributing innovation across industries and everyday life."
1600,Engineer,Briefly describe a Engineer.,"An engineer is a professional who applies scientific principles, mathematics, and practical knowledge to design, build, test, and improve structures, machines, systems, or processes—solving real-world problems while balancing constraints like safety, cost, efficiency, and sustainability.  Engineers specialize in fields such as mechanical, electrical, civil, software, chemical, aerospace, and more."
1601,Engineer,What is an activity typically enjoyed by a Engineer?,"An activity commonly enjoyed by engineers is **solving puzzles or technical problems**—such as debugging software, optimizing system performance, designing efficient structures, or working on DIY projects like robotics, 3D printing, or home automation.  Many engineers also enjoy building models (e."
1602,Engineer,What is an activity typically enjoyed by a Engineer?,"A classic activity often enjoyed by engineers is **building or tinkering with prototypes**—such as assembling model kits, modifying gadgets, coding robotics projects (like Arduino or Raspberry Pi setups), or even solving puzzles and logic games like chess, Sudoku, or programming challenges on platforms like LeetCode. 

Other common favorites include:

- **Troubleshooting complex systems** (e."
1603,Engineer,What is an activity typically enjoyed by a Engineer?,"A typical activity enjoyed by many engineers is **designing and solving technical problems**—for example, building prototypes, debugging software or hardware, optimizing systems, or working on hands-on projects like robotics, model rockets, or home automation setups.  Engineers often enjoy activities that involve **logical thinking, creativity, and practical application**, such as:

- Analyzing data to improve performance  
- Participating in hackathons or maker fairs  
- Working on DIY or electronics projects (e."
1604,Engineer,What is an activity typically enjoyed by a Engineer?,"A typical activity enjoyed by many engineers is **problem-solving**, especially when it involves designing, building, or optimizing systems—like constructing a prototype, debugging code, analyzing data, or improving a mechanical or electrical system. 

More specifically, common enjoyable engineering activities include:

- **Building and testing prototypes** (e."
1605,Engineer,What is an activity typically enjoyed by a Engineer?,"A typical activity enjoyed by many engineers is **solving complex technical problems**—often through design, analysis, modeling, or prototyping.  For example:

- 🛠️ Building and testing prototypes (e."
1606,Engineer,What is an activity typically enjoyed by a Engineer?,"A common activity typically enjoyed by engineers is **solving complex problems**—especially through design, analysis, or building physical/digital prototypes.  For example:

- **Building and testing a prototype** (e."
1607,Engineer,What is an activity typically enjoyed by a Engineer?,"A typical activity enjoyed by many engineers is **solving complex problems using logic, math, and creativity**—often through hands-on projects or analysis.  For example:

- **Designing and prototyping solutions** (e."
1608,Engineer,What is an activity typically enjoyed by a Engineer?,"A typical activity enjoyed by many engineers is **building or designing functional prototypes**—whether physical (like 3D-printed parts, circuit boards, or robotics) or digital (such as simulations, software models, or CAD designs).  This hands-on problem-solving aligns with their love of creativity, technical challenge, and seeing abstract ideas materialize."
1609,Engineer,What is an activity typically enjoyed by a Engineer?,"A typical activity enjoyed by many engineers is **designing and building prototypes**—whether for fun or as part of their work.  This might include:

- Assembling mechanical components (e."
1610,Engineer,What is an activity typically enjoyed by a Engineer?,"A typical activity enjoyed by many engineers is **building or designing prototypes to solve real-world problems**.  For example:

- **Coding and testing software applications**  
- **Assembling circuit boards or robotics kits**  
- **Running simulations (e."
1611,Engineer,What is an activity typically enjoyed by a Engineer?,"A common activity typically enjoyed by engineers is **building or designing prototypes**—whether it’s assembling physical models, writing and testing code, or simulating systems (e. g."
1612,Engineer,What is an activity typically enjoyed by a Engineer?,"A common activity enjoyed by engineers is **problem-solving through design and prototyping**—such as building, testing, and refining models or prototypes (e. g."
1613,Engineer,What is an activity typically enjoyed by a Engineer?,"A typical activity enjoyed by many engineers is **designing and building prototypes or models**—whether it’s creating CAD simulations, assembling circuit boards, 3D-printing parts, or constructing scale models to test concepts.  Engineers often thrive on problem-solving, so they may also enjoy activities like:

- Troubleshooting complex systems  
- Participating in hackathons or robotics competitions  
- Analyzing data to optimize performance  
- Reading technical journals or patents  
- tinkering with electronics, computers, or mechanical devices at home  

Bonus: Many engineers love a good puzzle—including escape rooms, logic games, or even playing chess! 😊."
1614,Engineer,What is an activity typically enjoyed by a Engineer?,"A common activity typically enjoyed by engineers is **solving complex problems**—especially through design, analysis, and optimization.  For example:

- **Building or modifying prototypes** (e."
1615,Engineer,What is an activity typically enjoyed by a Engineer?,"A typical activity enjoyed by many engineers is **building or solving puzzles and problems**—especially those involving logic, design, or optimization.  More specifically, common favorite activities include:

- **Tinkering with electronics or robotics kits** (e."
1616,Engineer,What is an activity typically enjoyed by a Engineer?,"A typical activity enjoyed by many engineers is **troubleshooting or diagnosing technical problems**—especially when it involves solving complex, real-world challenges.  For example:

- ** Debugging code or systems**, whether in software development, electronics, or mechanical systems  
- **Analyzing failure data** to improve product reliability (e."
1617,Engineer,What is an activity typically enjoyed by a Engineer?,"An activity commonly enjoyed by engineers is **solving technical problems or puzzles**, such as:

- Building and testing prototypes (e. g."
1618,Engineer,What is an activity typically enjoyed by a Engineer?,"A typical activity enjoyed by many engineers is **solving complex problems through design, analysis, and optimization**—for example, building and testing prototypes, debugging software or hardware systems, or modeling physical phenomena using simulations. 

More specifically, common enjoyable engineering activities include:

- 🛠️ **Tinkering with electronics or robotics kits** (e."
1619,Engineer,What is an activity typically enjoyed by a Engineer?,"A typical activity enjoyed by many engineers is **solving complex, hands-on problems**—for example:

- **Designing and building prototypes** (e. g."
1620,Engineer,What is an activity typically enjoyed by a Engineer?,"A typical activity enjoyed by many engineers is **building or debugging systems—whether physical prototypes (like robots or circuits) or software applications**.  Engineers often derive satisfaction from solving complex problems, optimizing designs, and seeing their solutions come to life."
1621,Engineer,What is an activity typically enjoyed by a Engineer?,"A typical activity enjoyed by many engineers is **solving complex, hands-on problems**—such as designing and building prototypes, troubleshooting technical systems, or optimizing processes.  Common specific examples include:

- **Building and testing circuit boards or mechanical models**  
- **Writing and debugging code** (for software, embedded systems, or simulations)  
- **Analyzing data** to improve performance or reliability  
- **Participating in hackathons or design challenges**  
- **Disassembling and reverse-engineering devices** out of curiosity  

Engineers often enjoy activities that blend creativity, logic, and practicality—so hobbies like robotics, 3D printing, robotics kits (e."
1622,Engineer,What is an activity typically enjoyed by a Engineer?,"A typical activity enjoyed by many engineers is **solving complex, hands-on problems**—for example:

- 🧩 Designing and building prototypes (e. g."
1623,Engineer,What is an activity typically enjoyed by a Engineer?,"A classic activity typically enjoyed by many engineers is **solving complex problems using logic, math, and creativity**—often through hands-on projects or simulations.  Specific common examples include:

- 🛠️ **Building and testing prototypes** (e."
1624,Engineer,What is an activity typically enjoyed by a Engineer?,"A typical activity enjoyed by many engineers is **building or modifying prototypes**—such as assembling a 3D-printed model, wiring a circuit board, coding and testing a software application, or iterating on a mechanical design.  Engineers often derive satisfaction from solving problems, applying technical principles to real-world challenges, and seeing their designs come to life through hands-on creation and experimentation."
1625,Engineer,What is an activity typically enjoyed by a Engineer?,"An activity commonly enjoyed by engineers is **solving puzzles or brainteasers**—especially those involving logic, patterns, or system design (like Rubik’s Cubes, escape room challenges, programming puzzles on LeetCode, or circuit analysis problems). 

Other typical favorites include:
- **Building or tinkering with models/prototypes** (e."
1626,Engineer,What is an activity typically enjoyed by a Engineer?,"A typical activity enjoyed by many engineers is **designing and building prototypes or systems to solve practical problems**—for example, constructing a small robotic device, optimizing a software algorithm, or creating a structural model for a bridge. 

Other common favorite activities among engineers include:
- Solving puzzles or logic challenges (e."
1627,Engineer,What is an activity typically enjoyed by a Engineer?,"An activity typically enjoyed by many engineers is **solving technical problems**, such as:

- **Designing and building prototypes** (e. g."
1628,Engineer,What is an activity typically enjoyed by a Engineer?,"A typical activity enjoyed by many engineers is **building or tinkering with prototypes**—whether that’s designing and testing mechanical components, coding software to solve practical problems, creating electronic circuits (like Arduino or Raspberry Pi projects), or using CAD software to model systems.  Engineers often find satisfaction in:

- Solving puzzles or optimizing complex systems  
- Using logic and math to overcome real-world challenges  
- Experimenting, iterating, and learning from failures  
- Seeing a concept turn into functional reality  

For example, many engineers enjoy **hobbyist maker projects**, such as building robots, home automation systems, drones, or 3D-printed gadgets—blending creativity with technical skill."
1629,Engineer,What is an activity typically enjoyed by a Engineer?,"An activity commonly enjoyed by engineers is **building or tinkering with prototypes**—such as assembling 3D-printed models, coding hardware projects (like Arduino or Raspberry Pi setups), or solving hands-on puzzles and challenges (e. g."
1630,Engineer,What is an activity typically enjoyed by a Engineer?,"A typical activity enjoyed by many engineers is **designing and building prototypes**—whether it’s creating a physical model (like a robot, drone, or mechanical device) or developing software simulations.  This combines problem-solving, creativity, and technical skills in a hands-on way."
1631,Engineer,What is an activity typically enjoyed by a Engineer?,"A typical activity enjoyed by many engineers is **problem-solving through design and analysis**—for example, **building or debugging a prototype**, such as assembling a circuit board, writing code to automate a task, or modeling a mechanical system in simulation software (e. g."
1632,Engineer,What is an activity typically enjoyed by a Engineer?,"A typical activity enjoyed by many engineers is **solving complex, hands-on problems using technical and analytical skills**—such as designing, building, or testing systems, prototypes, or software.   

More specifically, common enjoyable activities include:  
- **Tinkering or building prototypes** (e."
1633,Engineer,What is an activity typically enjoyed by a Engineer?,"A typical activity enjoyed by engineers is **designing and solving technical problems**—for example, creating prototypes, analyzing data, or optimizing systems.  Many also enjoy:

- **Building or tinkering with mechanical/electronic projects** (e."
1634,Engineer,What is an activity typically enjoyed by a Engineer?,"An activity typically enjoyed by engineers is **solving complex problems**—especially through design, analysis, or optimization.  This might include:

- Building and testing prototypes (e."
1635,Engineer,What is an activity typically enjoyed by a Engineer?,"A typical activity enjoyed by many engineers is **building or designing physical prototypes or systems**, such as:

- Assembling circuit boards or robotics kits  
- Modeling and simulating structures in software (e. g."
1636,Engineer,What is an activity typically enjoyed by a Engineer?,"A typical activity enjoyed by many engineers is **designing and building prototypes or models**—whether it's a mechanical part, a circuit board, a software application, or a simulation.  This reflects their passion for problem-solving, creativity, and turning ideas into tangible solutions."
1637,Engineer,What is an activity typically enjoyed by a Engineer?,"A typical activity enjoyed by many engineers is **problem-solving through design and prototyping**—for example, building and testing a functional prototype (like a small robot, circuit board, or mechanical device) during hobby projects or personal experimentation. 

Other common/engineer-friendly activities include:

- **Tinkering with electronics** (e."
1638,Engineer,What is an activity typically enjoyed by a Engineer?,"A common activity enjoyed by many engineers is **designing and building prototypes**—whether it's for a new product, system, or solution to a technical problem.  This hands-on creative process often involves:

- Sketching concepts and using CAD (Computer-Aided Design) software  
- Selecting materials and components  
- Fabricating test models (e."
1639,Engineer,What is an activity typically enjoyed by a Engineer?,"A typical activity enjoyed by many engineers is **troubleshooting or solving complex technical problems**—such as debugging software, diagnosing system failures, or optimizing designs.  Engineers often thrive on the process of analysis, logic, and iteration to turn challenges into elegant solutions."
1640,Engineer,What is an activity typically enjoyed by a Engineer?,"A classic activity often enjoyed by engineers is **building or modifying prototypes**—such as assembling models, coding functional software, or testing physical devices—to solve problems and experiment with ideas in hands-on, creative ways. 

Other common examples include:
- Solving complex puzzles (e."
1641,Engineer,What is an activity typically enjoyed by a Engineer?,"An activity commonly enjoyed by engineers is **solving complex problems using logic, creativity, and technical knowledge**—such as designing systems, debugging code, or optimizing processes. 

More specifically, many engineers enjoy hands-on activities like:

- Building or modifying prototypes (e."
1642,Engineer,What is an activity typically enjoyed by a Engineer?,"A common activity enjoyed by many engineers is **building or designing prototypes**—whether it’s assembling a circuit, coding a robot, 3D-printing a part, or modeling a system in CAD software.  Engineers often thrive on solving problems through hands-on creation and iteration."
1643,Engineer,What is an activity typically enjoyed by a Engineer?,"A typical activity enjoyed by many engineers is **building or designing prototypes**—whether it’s assembling a circuit board, coding and testing a software application, constructing a 3D-printed model, or developing mechanical parts to solve a real-world problem. 

This activity aligns with core engineering traits like creativity, problem-solving, and hands-on experimentation."
1644,Engineer,What is an activity typically enjoyed by a Engineer?,"An activity commonly enjoyed by engineers is **troubleshooting or solving complex problems**, especially when it involves logical reasoning, system analysis, or hands-on experimentation. 

For example:
- Diagnosing and fixing bugs in software or hardware systems  
- Designing and testing prototypes to validate engineering concepts  
- Optimizing processes or structures for efficiency or safety  

Engineers often appreciate activities that combine **structure, creativity, and practical impact**, such as:
- Building or modifying tech projects (e."
1645,Engineer,What is an activity typically enjoyed by a Engineer?,"An activity commonly enjoyed by engineers is **solving complex problems through design and analysis**—such as building prototypes, debugging systems, or optimizing processes.  Many also appreciate hands-on hobbies like robotics, 3D printing, coding personal projects, or taking apart and reassembling mechanical devices (e."
1646,Engineer,What is an activity typically enjoyed by a Engineer?,"A typical activity enjoyed by many engineers is **solving complex technical problems**—often through activities like:

- **Designing and building prototypes** (e. g."
1647,Engineer,What is an activity typically enjoyed by a Engineer?,"A classic activity typically enjoyed by engineers is **solving puzzles or brainteasers**—especially those involving logic, patterns, or mechanical systems (like Rubik’s Cubes, Sudoku, escape rooms, or programming challenges).   

Other common favorites include:  
- **Building or tinkering with models/diy projects** (e."
1648,Engineer,What is an activity typically enjoyed by a Engineer?,"A typical activity enjoyed by many engineers is **designing and building prototypes**—such as 3D-printed models, circuit boards, or mechanical assemblies—to test ideas, solve problems, or prototype new products. 

Other common favorites include:
- Troubleshooting technical systems (e."
1649,Engineer,What is an activity typically enjoyed by a Engineer?,"A typical activity enjoyed by many engineers is **problem-solving through design and prototyping**—for example, building and testing a small-scale project like a robot, drone, or custom electronic circuit. 

Other common activities include:
- Analyzing data to optimize systems (e."
1650,Engineer,What is an activity typically enjoyed by a Engineer?,"A typical activity enjoyed by engineers is **solving complex problems using logic, mathematics, and creativity**—often through activities like:

- Designing and prototyping solutions (e. g."
1651,Engineer,What is an activity typically enjoyed by a Engineer?,"A typical activity enjoyed by many engineers is **solving complex technical problems**—such as designing, building, testing, or optimizing systems, components, or processes.  For example:

- **Building and debugging prototypes** (e."
1652,Engineer,What is an activity typically enjoyed by a Engineer?,"A typical activity enjoyed by many engineers is **designing and problem-solving**, such as:

🔹 **Building or modifying prototypes** (e. g."
1653,Engineer,What is an activity typically enjoyed by a Engineer?,"An activity commonly enjoyed by engineers is **solving complex problems using logic, creativity, and technical knowledge**—for example:

🔹 **Designing or building prototypes** (e. g."
1654,Engineer,What is an activity typically enjoyed by a Engineer?,"A classic activity often enjoyed by engineers is **building or tinkering with prototypes**—such as assembling a robot, designing and testing a simple machine (like a catapult or bridge model), or coding a small project (e. g."
1655,Engineer,What is an activity typically enjoyed by a Engineer?,"A classic activity typically enjoyed by many engineers is **solving puzzles or technical problems**, such as:

- **Debugging software or hardware systems**  
- **Building and testing prototypes** (e. g."
1656,Engineer,What is an activity typically enjoyed by a Engineer?,"An activity commonly enjoyed by engineers is **solving complex technical problems**—such as designing, troubleshooting, or optimizing systems (e. g."
1657,Engineer,What is an activity typically enjoyed by a Engineer?,"A typical activity enjoyed by many engineers is **designing and building prototypes**—whether it’s solving real-world problems through technical innovation, optimizing systems, or testing theoretical models in hands-on projects. 

Other common engineering hobbies/activities include:
- Solving puzzles (e."
1658,Engineer,What is an activity typically enjoyed by a Engineer?,"An activity typically enjoyed by engineers is **solving complex problems**—especially those involving design, optimization, analysis, or innovation.  This often takes the form of:

- **Building or modifying prototypes** (e."
1659,Engineer,What is an activity typically enjoyed by a Engineer?,"A typical activity enjoyed by engineers is **solving complex problems**—especially through design, analysis, or building practical solutions.  More concretely, many engineers enjoy:

- **Prototyping and hands-on building** (e."
1660,Engineer,What is an activity typically enjoyed by a Engineer?,"A typical activity enjoyed by many engineers is **building or modifying prototypes**—whether physical (like 3D-printed models, circuit boards, or mechanical devices) or virtual (such as simulations, coding projects, or system designs).  This hands-on problem-solving aspect aligns with their analytical mindset and creative drive."
1661,Engineer,What is an activity typically enjoyed by a Engineer?,"A typical activity enjoyed by many engineers is **designing and building prototypes**—turning ideas into functional models to test concepts, solve problems, or improve systems.  This hands-on, creative process combines technical problem-solving with innovation."
1662,Engineer,What is an activity typically enjoyed by a Engineer?,"A typical activity enjoyed by many engineers is **building or designing prototypes**—whether physical (like robotics, 3D-printed parts, or circuit boards) or digital (such as simulations, software models, or CAD designs).  This hands-on or creative problem-solving aligns with their analytical and innovative mindset."
1663,Engineer,What is an activity typically enjoyed by a Engineer?,"An activity typically enjoyed by engineers is **solving complex technical problems**, such as:

- Designing and building prototypes or systems (e. g."
1664,Engineer,What is an activity typically enjoyed by a Engineer?,"A typical activity enjoyed by many engineers is **solving complex technical problems**, such as designing, analyzing, or optimizing systems—like building a prototype, debugging code, modeling physical phenomena with simulation software (e. g."
1665,Engineer,What is an activity typically enjoyed by a Engineer?,"A typical activity enjoyed by engineers is **solving complex problems using analytical and technical skills**, such as:

- Designing, building, or testing prototypes (e. g."
1666,Engineer,What is an activity typically enjoyed by a Engineer?,"An activity typically enjoyed by an engineer is **solving complex, hands-on problems**—such as designing, building, and testing prototypes or systems.  This often involves:

- Working with CAD (Computer-Aided Design) software to model components  
- Troubleshooting technical failures (e."
1667,Engineer,What is an activity typically enjoyed by a Engineer?,"A common activity enjoyed by many engineers is **solving puzzles or complex problems**—such as optimizing a system, debugging software, designing efficient mechanical components, or building prototypes.   

More specifically, engineers often enjoy:

- **Hands-on making/building**: Tinkering with electronics (e."
1668,Engineer,What is an activity typically enjoyed by a Engineer?,"A common activity typically enjoyed by engineers is **building or tinkering with projects**, such as assembling prototypes, programming robots, designing circuits, or modifying gadgets.  This hands-on problem-solving—whether in labs, workshops, or at home—is deeply satisfying and reflects their core passion for creating functional, efficient solutions."
1669,Engineer,What is an activity typically enjoyed by a Engineer?,"A typical activity enjoyed by many engineers is **solving technical problems through design, analysis, or building prototypes**—such as:

- **Debugging code or troubleshooting systems**  
- **Designing and testing mechanical components in CAD software**  
- **Conducting experiments or lab work to validate theories**  
- **Optimizing processes (e. g."
1670,Engineer,What is an activity typically enjoyed by a Engineer?,"A typical activity enjoyed by many engineers is **problem-solving through design and analysis**—for example, **building or optimizing a prototype**, such as:

- Designing and 3D-printing a custom component  
- Simulating structural loads using software like ANSYS or SolidWorks  
- Programming an Arduino or Raspberry Pi to automate a task  
- Analyzing data from sensors to improve system efficiency  

Beyond technical work, engineers often enjoy **collaborative hands-on projects**, such as participating in robotics clubs, hackathons, or community outreach (e. g."
1671,Engineer,What is an activity typically enjoyed by a Engineer?,"A typical activity enjoyed by many engineers is **solving complex problems using logic, math, and creativity**—often through activities like:

- **Building or designing systems/models**, such as constructing prototypes (e. g."
1672,Engineer,What is an activity typically enjoyed by a Engineer?,"A typical activity enjoyed by many engineers is **solving complex problems using logic, math, and creativity**—often through hands-on tasks like:

- 🛠️ Designing and building prototypes or models  
- 💻 Writing code to automate tasks or simulate systems  
- 🔍 Troubleshooting technical issues in hardware or software  
- 📊 Analyzing data to optimize performance (e. g."
1673,Engineer,What is an activity typically enjoyed by a Engineer?,"A typical activity enjoyed by many engineers is **building or designing functional prototypes**—whether physical (like robotics, 3D-printed parts, or circuits) or digital (such as simulations, software models, or CAD designs).  This combines problem-solving, creativity, and technical skill—core aspects of engineering."
1674,Engineer,What is an activity typically enjoyed by a Engineer?,"A typical activity enjoyed by many engineers is **problem-solving through design and analysis**—for example, designing and testing prototypes, debugging software or hardware systems, optimizing processes, or working on technical projects like building robotics, coding applications, or improving mechanical systems. 

Other common engineering-related hobbies include:

- **Building models or kits** (e."
1675,Engineer,What is an activity typically enjoyed by a Engineer?,"An activity typically enjoyed by many engineers is **designing and solving technical problems**, often through hands-on projects like:

- **Building prototypes or models** (e. g."
1676,Engineer,What is an activity typically enjoyed by a Engineer?,"A typical activity enjoyed by many engineers is **problem-solving through technical design or analysis**—such as:

- Building and testing prototypes (e. g."
1677,Engineer,What is an activity typically enjoyed by a Engineer?,"A classic activity often enjoyed by engineers is **solving puzzles or brainteasers**, especially those involving logic, systems, or optimization (e. g."
1678,Engineer,What is an activity typically enjoyed by a Engineer?,"A classic activity often enjoyed by engineers is **solving puzzles or brainteasers**—especially those involving logic, patterns, or mechanical design (like Rubik’s Cubes, escape room challenges, or coding puzzles on platforms like LeetCode or CodeWars). 

Other common favorites include:
- **Tinkering or building things** (e."
1679,Engineer,What is an activity typically enjoyed by a Engineer?,"An activity typically enjoyed by engineers is **solving complex problems using logic, math, and creativity**—often through hands-on tasks like:

- Designing and prototyping solutions (e. g."
1680,Engineer,What is an activity typically enjoyed by a Engineer?,"An activity commonly enjoyed by engineers is **designing and building prototypes**—translating theoretical concepts into physical or functional models.  This hands-on work often involves:

- Solving practical problems using technical knowledge  
- Iteratively testing, refining, and optimizing systems (e."
1681,Engineer,What is an activity typically enjoyed by a Engineer?,"A typical activity enjoyed by many engineers is **problem-solving through design and analysis**—such as building prototypes, debugging systems, optimizing processes, or creating technical models.  This often involves:

- **Coding or scripting** to automate tasks or simulate real-world behavior  
- **Using CAD (Computer-Aided Design) software** to model parts or systems  
- **Conducting experiments or tests** to validate theories or performance  
- **Collaborating on interdisciplinary projects**, like robotics, infrastructure, or software development  

For example, a mechanical engineer might enjoy designing and 3D-printing a custom gear system, while a software engineer may relish refactoring complex code for better efficiency."
1682,Engineer,What is an activity typically enjoyed by a Engineer?,"A common activity typically enjoyed by engineers is **solving complex problems using logic and creativity**—such as designing systems, troubleshooting technical issues, or optimizing processes.   

More specifically, many engineers enjoy hands-on activities like:
- Building and testing prototypes (e."
1683,Engineer,What is an activity typically enjoyed by a Engineer?,"A common activity enjoyed by engineers is **solving puzzles or brainteasers**, such as logic problems, optimization challenges, or engineering design competitions.  Many also enjoy hands-on activities like building models, tinkering with electronics (e."
1684,Engineer,What is an activity typically enjoyed by a Engineer?,A typical activity enjoyed by many engineers is **building or designing functional prototypes**—whether physical (e. g.
1685,Engineer,What is an activity typically enjoyed by a Engineer?,"An activity commonly enjoyed by engineers is **solving complex problems using logical, analytical, and creative approaches**—often through design, building, or optimizing systems.  More specifically, many engineers enjoy:

- **Building or modifying prototypes** (e."
1686,Engineer,What is an activity typically enjoyed by a Engineer?,"An activity typically enjoyed by many engineers is **designing and building prototypes**—whether it’s solving technical problems, creating efficient systems, or developing new products.   

Other common favorites include:  
- **Troubleshooting complex systems** (e."
1687,Engineer,What is an activity typically enjoyed by a Engineer?,"An activity typically enjoyed by many engineers is **solving puzzles or complex problems**, especially those involving logic, design, or optimization.  This often includes:

- Building and tinkering with models (e."
1688,Engineer,What is an activity typically enjoyed by a Engineer?,"A classic activity typically enjoyed by many engineers is **problem-solving**, especially through hands-on projects like:

- 🛠️ **Building or modifying prototypes** (e. g."
1689,Engineer,What is an activity typically enjoyed by a Engineer?,"A common activity typically enjoyed by engineers is **troubleshooting and solving complex technical problems**—often through systematic analysis, prototyping, or using engineering tools like simulations or CAD software. 

For example:
- Diagnosing why a circuit board isn’t functioning as expected."
1690,Engineer,What is an activity typically enjoyed by a Engineer?,A typical activity enjoyed by many engineers is **building or designing prototypes**—whether physical (e. g.
1691,Engineer,What is an activity typically enjoyed by a Engineer?,"A typical activity enjoyed by many engineers is **problem-solving through design and analysis**—for example, **building, testing, and refining prototypes** (like robot kits, circuits, or simulations).   

Other common examples include:
- Solving puzzles or logic games (e."
1692,Engineer,What is an activity typically enjoyed by a Engineer?,"An activity commonly enjoyed by many engineers is **solving complex problems**—often through structured analysis, modeling, or building things.  More specifically, popular hobbies and activities among engineers include:

- **DIY projects or tinkering** (e."
1693,Engineer,What is an activity typically enjoyed by a Engineer?,"A typical activity enjoyed by many engineers is **problem-solving through design and analysis**, often expressed in concrete tasks such as:

- Building, testing, and iterating on prototypes (e. g."
1694,Engineer,What is an activity typically enjoyed by a Engineer?,"A typical activity enjoyed by many engineers is **solving technical problems through design, analysis, and prototyping**—for example:

🔹 **Building and testing prototypes** (e. g."
1695,Engineer,What is an activity typically enjoyed by a Engineer?,"An activity typically enjoyed by engineers is **solving technical problems through design, analysis, or prototyping**—for example:

- **Building and testing prototypes** (e. g."
1696,Engineer,What is an activity typically enjoyed by a Engineer?,"A typical activity enjoyed by many engineers is **problem-solving**, especially through activities like:

- **Designing and prototyping** (e. g."
1697,Engineer,What is an activity typically enjoyed by a Engineer?,"A common activity typically enjoyed by engineers is **building or solving puzzles involving logic, structure, and systems**—such as:

- 🧩 Designing and prototyping mechanical devices (e. g."
1698,Engineer,What is an activity typically enjoyed by a Engineer?,"A common activity typically enjoyed by engineers is **problem-solving**, especially through hands-on activities like:

- **Designing and building prototypes** (e. g."
1699,Engineer,What is an activity typically enjoyed by a Engineer?,"A common activity typically enjoyed by engineers is **solving puzzles or complex problems**, especially those involving logic, design, or optimization.  For example:

- **Building and debugging mechanical/electronic systems** (e."
1700,Engineer,What is an activity typically enjoyed by a Engineer?,"A typical activity enjoyed by many engineers is **problem-solving through design and analysis**—for example, building, testing, or optimizing systems like circuits, software, structures, or mechanical components. 

More specifically, common activities include:

- 🧩 **Debugging code or troubleshooting technical systems**
- 🛠️ **Prototyping and iterating on designs** (e."
1701,Engineer,"Finish the joke: A Engineer walked into a bar,","A Engineer walked into a bar and ordered *two* pints.   
The bartender asked, “Why two?”  
The engineer replied, *“I’m designing a solution to keep me here all night."
1702,Engineer,"Finish the joke: A Engineer walked into a bar,","A engineer walks into a bar and orders a drink.   
The bartender says, “Coming right up!”  
The engineer pauses, then asks:  
“Just to be thorough—can you confirm this is *not* a thought experiment?”  

*(Bonus groaner: The bartender sighs and hands over the beer… with a signed liability waiver."
1703,Engineer,"Finish the joke: A Engineer walked into a bar,","A engineer walked into a bar and ordered a drink.   
The bartender said, *""That’ll be $5."
1704,Engineer,"Finish the joke: A Engineer walked into a bar,","A engineer walked into a bar,  
ordered a pint…  
then paused, pulled out a calculator, and said:  
*“I’ll have one beer—but before you pour, could we verify your flow rate meets ISO 9001 standards?”*  

The bartender sighed, poured the beer, and muttered:  
*“Next time, bring your own calibration certificate. ”*

😄."
1705,Engineer,"Finish the joke: A Engineer walked into a bar,","A engineer walked into a bar—  
and ordered *two* drinks.   
The bartender raised an eyebrow."
1706,Engineer,"Finish the joke: A Engineer walked into a bar,","A engineer walked into a bar and ordered a drink.   
The bartender said, *“Coming right up!”*  

The engineer paused, then replied:  
**“Before you proceed, may I ask—what’s the expected service time, variance in latency, and failure probability of your beverage delivery system? Also, have you tested for taste consistency across 10σ?”**  

The bartender sighed."
1707,Engineer,"Finish the joke: A Engineer walked into a bar,","A engineer walked into a bar…  
and ordered *two* drinks.   
When asked why, he said:  
**“In theory, one is sufficient — but I always test edge cases."
1708,Engineer,"Finish the joke: A Engineer walked into a bar,","A engineer walked into a bar and ordered a drink.   
The bartender said, “Coming right up!”  

The engineer pulled out a spreadsheet, ran a Monte Carlo simulation to estimate wait times, factored in variables like staff-to-customer ratio and glass-washing throughput, then calmly said:  
“Based on my analysis, if we assume Poisson arrival patterns and exponential service times, the optimal time to serve me is now—with 95."
1709,Engineer,"Finish the joke: A Engineer walked into a bar,","A engineer walked into a bar,  
and ordered a drink.   
The bartender said, *“We’ve got beer, wine, and spirits—what’ll it be?”*  
The engineer paused, pulled out a calculator, and said:  
**“I’ll take the average of all three… minus the expected variance in carbonation."
1710,Engineer,"Finish the joke: A Engineer walked into a bar,","Here’s a classic engineering punchline with a touch of dry humor:

> **A engineer walked into a bar and ordered *two* beers. **  
> *The bartender raised an eyebrow."
1711,Engineer,"Finish the joke: A Engineer walked into a bar,","A engineer walked into a bar, ordered a drink…  
and when the bartender said, “That’ll be $5,” the engineer pulled out a spreadsheet and said:  
*“Let’s optimize your pricing model—I’ve got three alternatives that could reduce your cost per pint by 17. 3%."
1712,Engineer,"Finish the joke: A Engineer walked into a bar,","A engineer walked into a bar and ordered a drink.   
The bartender said, “Coming right up—should I stir it for you?”  
The engineer replied, *“No thanks—I can calculate the optimal mixing Reynolds number."
1713,Engineer,"Finish the joke: A Engineer walked into a bar,","Here’s a classic engineering twist with a dose of real-world pragmatism:

> **A engineer walked into a bar and ordered a drink. **  
> The bartender said, *“Coming right up!”*  
> The engineer pulled out a calculator, surveyed the room’s acoustics, analyzed the liquid viscosity in the glasses on tap, checked the strain on the floor joists under the weight of patrons, and muttered, *“According to my calculations, this pint will cost $12."
1714,Engineer,"Finish the joke: A Engineer walked into a bar,","A engineer walked into a bar…  
and ordered *two* drinks.   
The bartender raised an eyebrow."
1715,Engineer,"Finish the joke: A Engineer walked into a bar,","A engineer walked into a bar,  
and ordered a drink.   
The bartender said, “Coming right up!”  
The engineer replied, *“Just to confirm—this is a single unit with a known failure rate of 0."
1716,Engineer,"Finish the joke: A Engineer walked into a bar,","Sure! Here's a classic engineering-style punchline:

> **A engineer walked into a bar… and ordered *exactly* 1. 5 pints—because 1 pint was too little, 2 pints was too much, and 1."
1717,Engineer,"Finish the joke: A Engineer walked into a bar,","A engineer walked into a bar and ordered a beer.   
The bartender handed it over—and then paused, squinting at the receipt."
1718,Engineer,"Finish the joke: A Engineer walked into a bar,","A engineer walked into a bar and ordered a drink.   
The bartender said, *“Sure thing—what’s your poison?”*  

The engineer pulled out a notepad, sketched a diagram of the glass, calculated the optimal volume-to-surface-area ratio for minimal thermal loss, and declared:  
**“I’ll have one double espresso—*with error bars."
1719,Engineer,"Finish the joke: A Engineer walked into a bar,","A engineer walked into a bar and ordered a drink.   
The bartender said, “That’ll be $5."
1720,Engineer,"Finish the joke: A Engineer walked into a bar,","A engineer walked into a bar—and took a seat at the corner table labeled *“Prototype testing site – Do not disturb. ”*  
The bartender handed him a drink."
1721,Engineer,"Finish the joke: A Engineer walked into a bar,","A engineer walks into a bar and orders a drink.   
The bartender says, *“Can I get you something stronger?”*  
The engineer replies:  
**“No thanks—I’m already at capacity."
1722,Engineer,"Finish the joke: A Engineer walked into a bar,","A engineer walked into a bar and ordered a drink.   
The bartender handed it over—but it was *slightly* lopsided on the tray."
1723,Engineer,"Finish the joke: A Engineer walked into a bar,","A engineer walked into a bar and ordered a drink.   
The bartender handed it over—and the engineer paused, looked at it carefully, and said:  
> **""Wait—this appears to be a glass of H₂O, but according to the label’s fine print, consumption may cause spontaneous combustion if shaken."
1724,Engineer,"Finish the joke: A Engineer walked into a bar,","A engineer walked into a bar and ordered a drink.   
The bartender said, *“I see you’ve got an engineering background—how’s your stress test coming along?”*  

The engineer sighed, pulled out a calculator, and muttered:  
*“I ran 100 iterations of ‘Friday at 5 PM’ on the simulation… only 3% chance the bar is open."
1725,Engineer,"Finish the joke: A Engineer walked into a bar,","A engineer walked into a bar and ordered *two* drinks—  
one for themself…  
and one to hold the seat while they ran the numbers on the napkin.   

*(推了推眼镜)*  
*“Probability suggests I’ll need it."
1726,Engineer,"Finish the joke: A Engineer walked into a bar,","A engineer walked into a bar…  
and ordered *two* drinks—*one for him*, and *one for the bar’s structural integrity*.   

*(Pause for comedic effect)*  
When the bartender asked why, the engineer sighed and said:  
> “Well, according to my calculations, if I don’t have one, this place won’t meet code… and if I *do* have two, the floor might."
1727,Engineer,"Finish the joke: A Engineer walked into a bar,","A engineer walked into a bar—and ordered *two* drinks.   
The bartender raised an eyebrow."
1728,Engineer,"Finish the joke: A Engineer walked into a bar,","Sure! Here's a classic engineering-themed punchline for that setup:

> **A engineer walked into a bar, and ordered a pint.  When the bartender asked if he wanted it on the rocks or neat, the engineer replied: “On the *rocks*—I’ve already modeled the thermal stress and vibration tolerance of both options."
1729,Engineer,"Finish the joke: A Engineer walked into a bar,","A engineer walked into a bar—and ordered *two* pints.   
The bartender raised an eyebrow."
1730,Engineer,"Finish the joke: A Engineer walked into a bar,",A engineer walked into a bar—and ordered *exactly* 1. 5 pints of beer.
1731,Engineer,"Finish the joke: A Engineer walked into a bar,","A engineer walked into a bar…  
and ordered *two* beers—  
one for themself, and one to chill in case the first one got too warm. 

*(Because engineers always plan for thermal expansion and safety factors."
1732,Engineer,"Finish the joke: A Engineer walked into a bar,","A engineer walked into a bar—and ordered a drink *with error bars*. 

**Why it works:**  
Engineers love precision and uncertainty quantification! Error bars ( Showing confidence intervals or standard deviations) are a staple of data analysis and engineering reports."
1733,Engineer,"Finish the joke: A Engineer walked into a bar,","A engineer walked into a bar and ordered a drink.   
The bartender said, *“Comin’ right up—here’s your beer."
1734,Engineer,"Finish the joke: A Engineer walked into a bar,","A engineer walked into a bar…  
and ordered a beer.   

The bartender said, “Coming right up!”  
The engineer replied, *“Before you serve it, can I verify the temperature, pressure, carbonation level, and flow rate? Also, I’d like to run a Monte Carlo simulation on your tap system to ensure optimal viscosity."
1735,Engineer,"Finish the joke: A Engineer walked into a bar,","A engineer walked into a bar,  
and ordered a drink…  
Then paused, scanned the room, and said:  
*“Before I proceed with consumption, may I request a complete structural integrity report of this establishment?”*  

 bartender sighed and replied:  
*“Sir, the only load-bearing wall here is my patience. ”*

— 🧪 ⚙️ *Bonus engineering punchline:*  
*“…Also, what’s the margin of safety on this pint glass?”*."
1736,Engineer,"Finish the joke: A Engineer walked into a bar,","A engineer walked into a bar…  
and ordered *two* drinks.   
The bartender asked, “Why two?”  
The engineer replied:  
**“I’m just optimizing my latency—double the input, halve the wait time."
1737,Engineer,"Finish the joke: A Engineer walked into a bar,","A engineer walked into a bar and ordered a drink.   
The bartender said, “That’ll be $7."
1738,Engineer,"Finish the joke: A Engineer walked into a bar,","A engineer walked into a bar…  
and ordered a drink.   

The bartender said, “That’ll be $5."
1739,Engineer,"Finish the joke: A Engineer walked into a bar,","A engineer walked into a bar and ordered a drink.   
The bartender said, *“That’ll be $5."
1740,Engineer,"Finish the joke: A Engineer walked into a bar,","A engineer walked into a bar and ordered a beer.   
As he took his first sip, he paused, examined the glass, then said:  
**“Hmm… this pint glass appears to be over-engineered—47% more volume than needed for efficient heat dissipation, and the tapered walls introduce unnecessary turbulence."
1741,Engineer,"Finish the joke: A Engineer walked into a bar,","A engineer walked into a bar,  
ordered a drink,  
and when the bartender asked if they wanted ice,  
the engineer replied:  
**“Yes—but only if it’s thermodynamically stable at 1 atm and 0°C. ”**  
The bartender sighed, poured the drink *without* ice,  
and whispered:  
**“Next time, just say ‘cold."
1742,Engineer,"Finish the joke: A Engineer walked into a bar,","A engineer walked into a bar…  
and immediately calculated the optimal seating arrangement to minimize wait time *and* maximize social interaction entropy. 

 bartender asked, *""What’ll it be?""*  
The engineer replied: *""A beer—though statistically, I’d prefer one with ≥95% confidence interval for carbonation level."
1743,Engineer,"Finish the joke: A Engineer walked into a bar,","Sure! Here's a classic engineering-themed punchline:

> **A engineer walked into a bar—and immediately calculated the optimal seating arrangement to minimize social interaction while maximizing access to beer. **

Or, for a more technical twist:

> **A engineer walked into a bar."
1744,Engineer,"Finish the joke: A Engineer walked into a bar,","A engineer walked into a bar,  
ordered a drink…  
and then pulled out a flowchart to determine the optimal seating arrangement *and* the most efficient path to the restroom.   

 bartender raised an eyebrow and said,  
“Sorry—we’re down to one stool, and it’s leaking coolant."
1745,Engineer,"Finish the joke: A Engineer walked into a bar,","A engineer walked into a bar—and ordered *two* drinks.   
The bartender raised an eyebrow."
1746,Engineer,"Finish the joke: A Engineer walked into a bar,","A Engineer walked into a bar,  
and ordered a drink.   
The bartender said, *“That’ll be $5."
1747,Engineer,"Finish the joke: A Engineer walked into a bar,","A engineer walked into a bar…  
and ordered *exactly* two drinks.   
The bartender raised an eyebrow and said, “Only two? You usually go for three."
1748,Engineer,"Finish the joke: A Engineer walked into a bar,","A engineer walked into a bar and ordered a drink.   
The bartender said, *“That’ll be $5."
1749,Engineer,"Finish the joke: A Engineer walked into a bar,","A engineer walked into a bar and ordered a drink.   
The bartender said, *“Coming right up!”*  
The engineer pulled out a calculator and muttered, “Actually, before you serve it—can we optimize the pouring efficiency? I’ve modeled seven different glass geometries, and this one has the highest liquid-to-surface-area ratio… plus, I’d like to adjust for temperature decay over time."
1750,Engineer,"Finish the joke: A Engineer walked into a bar,","A engineer walked into a bar…  
and ordered *two* pints—because he knew that one wasn’t statistically significant.  🍺

*(Bonus alternate ending for extra nerd points:)*  
…then noticed a leak in the tap and spent the next 20 minutes recalculating fluid dynamics before realizing it was just someone else’s pint."
1751,Engineer,"Finish the joke: A Engineer walked into a bar,","Sure! Here's a classic engineering-themed punchline for that setup:

> **A engineer walked into a bar.."
1752,Engineer,"Finish the joke: A Engineer walked into a bar,","A engineer walked into a bar…  
and ordered *two* drinks.   
The bartender raised an eyebrow."
1753,Engineer,"Finish the joke: A Engineer walked into a bar,","A engineer walked into a bar—  
and immediately calculated the optimal seating distance to maximize conversation comfort while minimizing elbow collisions, factoring in average human arm length, glass width, and probability of accidental spills.   

Then he ordered a drink…  
*""One beer, please."
1754,Engineer,"Finish the joke: A Engineer walked into a bar,","A engineer walked into a bar and ordered a drink.   
The bartender handed it over—then paused and said,  
*“Wait—you’re not from this town."
1755,Engineer,"Finish the joke: A Engineer walked into a bar,","A engineer walked into a bar and ordered *two* drinks—  
one for themselves, and one for the person who’ll explain to them why they didn’t need to drink.   

*(Bonus punchline for statisticians:)*  
…because, as any good engineer knows, one is never enough when there’s variance in human decision-making."
1756,Engineer,"Finish the joke: A Engineer walked into a bar,","A engineer walked into a bar—and ordered *two* drinks…  
One for him, and one for √-1 (because *i* *wasn’t* coming).   

😄

*(Bonus alternative: He looked at the bartender’s cocktail menu, sighed, and said, “I need to recalibrate my expectations—this isn’t to spec!”)*."
1757,Engineer,"Finish the joke: A Engineer walked into a bar,","A Engineer walked into a bar and ordered *two* pints of beer. 

The bartender raised an eyebrow."
1758,Engineer,"Finish the joke: A Engineer walked into a bar,","A engineer walked into a bar—  
and immediately started calculating the optimal seating arrangement to minimize conversation time while maximizing beverage efficiency.   

*(The bartender handed them a beer… and they asked for the math behind itsABV and ideal consumption rate."
1759,Engineer,"Finish the joke: A Engineer walked into a bar,","A engineer walked into a bar and ordered a drink.   
The bartender said, “Sure thing—what’ll it be?”  

The engineer replied, *“I’d like to calculate the optimal volume-to-surface-area ratio for maximum ice melt rate… but on second thought, I’ll just have a beer."
1760,Engineer,"Finish the joke: A Engineer walked into a bar,","A engineer walked into a bar and ordered a drink.   
The bartender said, “Coming right up!”  
The engineer replied, *“Great—just make sure it’s a 99."
1761,Engineer,"Finish the joke: A Engineer walked into a bar,","A engineer walked into a bar and ordered a drink.   
The bartender said, “That’ll be $5."
1762,Engineer,"Finish the joke: A Engineer walked into a bar,","A Engineer walked into a bar and ordered a drink.   
The bartender said, *""That’ll be $5."
1763,Engineer,"Finish the joke: A Engineer walked into a bar,","A Engineer walked into a bar…  
and ordered *two* drinks.   
The bartender asked, “Two drinks? That’s unusual—do you want us to split them?”  
The engineer sighed, adjusted their glasses, and said:  
**“No—I’m calculating the optimal fluid dynamics for efficient consumption."
1764,Engineer,"Finish the joke: A Engineer walked into a bar,","Sure! Here's a classic engineer-themed pun ending:

**A engineer walked into a bar—and ordered a beer.   
The bartender said, “Coming right up!”  
The engineer replied, “Actually, statistically speaking, you *will* bring me a beer—95% confidence interval: 18–24°C, with ±0."
1765,Engineer,"Finish the joke: A Engineer walked into a bar,","Sure! Here's a classic engineering pun setup and punchline:

**A engineer walked into a bar—and ordered *two* beers.   
When asked why, they said:  
> *""I like to be prepared… in case I need a second one after debugging."
1766,Engineer,"Finish the joke: A Engineer walked into a bar,","Here's a classic engineering punchline that plays on precision and literal thinking:

> **A engineer walked into a bar, and ordered *n* drinks. **  
> **The bartender said, “Sir, you know we only serve whole drinks?”**  
> **The engineer sighed, pulled out a calculator, and muttered, “Fine… I’ll approximate it as 1."
1767,Engineer,"Finish the joke: A Engineer walked into a bar,","Here’s a classic engineering punchline with a clever twist:

> **A engineer walked into a bar and ordered a beer.   
> The bartender said, “That’ll be $5."
1768,Engineer,"Finish the joke: A Engineer walked into a bar,","A engineer walked into a bar and ordered a drink.   
The bartender said, *“That’ll be $5."
1769,Engineer,"Finish the joke: A Engineer walked into a bar,","A engineer walked into a bar…  
and ordered *a drink with perfectly calculated carbonation levels, optimal serving temperature, and a precisely measured ice-to-liquid ratio—while running stress analysis on the stool. *  

 bartender said, “That’ll be $6."
1770,Engineer,"Finish the joke: A Engineer walked into a bar,","A engineer walked into a bar and ordered a drink.   
The bartender said, “That’ll be $5."
1771,Engineer,"Finish the joke: A Engineer walked into a bar,","A engineer walked into a bar and ordered a drink.   
The bartender said, “That’ll be $5."
1772,Engineer,"Finish the joke: A Engineer walked into a bar,","A engineer walked into a bar and ordered a drink.   
The bartender said, “That’ll be $5."
1773,Engineer,"Finish the joke: A Engineer walked into a bar,","A engineer walked into a bar and ordered a drink.   
The bartender said, “That’ll be $5."
1774,Engineer,"Finish the joke: A Engineer walked into a bar,","A engineer walked into a bar and ordered a drink.   
The bartender said, “Sorry, we’re out of ice."
1775,Engineer,"Finish the joke: A Engineer walked into a bar,","A engineer walks into a bar and orders a drink.   
The bartender says, *""What can I get you?""*  

The engineer pulls out a slide rule, consults some notes, and says:  
**""I'd like to calculate optimal fluid dynamics for this pint glass—assuming laminar flow, standard atmospheric pressure, and negligible foam collapse over time."
1776,Engineer,"Finish the joke: A Engineer walked into a bar,","A engineer walked into a bar…  
and ordered a drink *with error bars*.   

*(The bartender handed it over, sighed, and said: “Sure, but if you spill even 0."
1777,Engineer,"Finish the joke: A Engineer walked into a bar,","A engineer walked into a bar and ordered a drink.   
The bartender said, *“That’ll be $5."
1778,Engineer,"Finish the joke: A Engineer walked into a bar,","A engineer walked into a bar, ordered a drink, and noticed the bartender struggled to open a bottle with a corkscrew.   
After 45 seconds of muttered calculations and a few failed attempts, the engineer sighed, pulled out a small laser cutter from their pocket (just in case), and said:  
*“I could model this problem, optimize a mechanical advantage solution, or just cut the cap off—but honestly, the simplest fix is a better design."
1779,Engineer,"Finish the joke: A Engineer walked into a bar,","A engineer walked into a bar…  
and immediately checked the floor plan, calculated the load-bearing capacity of the barstools, and complained that the bartender’s latte art violated structural integrity principles.   

The bartender sighed and said, *“Just order a drink—I’ll calculate the tip."
1780,Engineer,"Finish the joke: A Engineer walked into a bar,","Sure! Here's a classic engineering-themed punchline:

**A engineer walks into a bar and orders a drink.   
The bartender says, “What can I get you?”  
The engineer replies: “I’ll have an *ideal* beer… at STP, with zero viscosity and perfect thermal conductivity."
1781,Engineer,"Finish the joke: A Engineer walked into a bar,","A engineer walked into a bar and ordered a drink.   
The bartender said, “That’ll be $5."
1782,Engineer,"Finish the joke: A Engineer walked into a bar,","A engineer walked into a bar,  
 Ordered a beer…  
 Then pulled out a calculator and said:  
 *“Excuse me, but according to my cost-benefit analysis, this transaction has a 97. 3% probability of improving my mood—though the risk of indigestion is statistically significant."
1783,Engineer,"Finish the joke: A Engineer walked into a bar,","A engineer walked into a bar—and ordered *two* drinks.   
The bartender raised an eyebrow."
1784,Engineer,"Finish the joke: A Engineer walked into a bar,","A engineer walked into a bar…  
and ordered *two* drinks.   

The bartender raised an eyebrow."
1785,Engineer,"Finish the joke: A Engineer walked into a bar,","A engineer walked into a bar, ordered a drink, and the bartender said, *""That’ll be $5. ""*  
The engineer pulled out a calculator, typed in `=5*1."
1786,Engineer,"Finish the joke: A Engineer walked into a bar,","A engineer walked into a bar—and ordered *exactly* one drink.   
When asked why, they replied:  
**""I’ve modeled the optimal state of hydration for human consumption."
1787,Engineer,"Finish the joke: A Engineer walked into a bar,","Here’s a classic engineering punchline with a touch of dry humor:

> **A Engineer walked into a bar.."
1788,Engineer,"Finish the joke: A Engineer walked into a bar,","Here's a classic engineering pun twist for that setup:

> **A Engineer walked into a bar.."
1789,Engineer,"Finish the joke: A Engineer walked into a bar,","A engineer walked into a bar—and ordered *two* drinks.   
The bartender raised an eyebrow."
1790,Engineer,"Finish the joke: A Engineer walked into a bar,","A engineer walked into a bar,  
ordered a drink, and noticed the bartender was struggling to pour two identical pints.   

The engineer pulled out a ruler, a protractor, and a notepad."
1791,Engineer,"Finish the joke: A Engineer walked into a bar,","A Engineer walked into a bar…  
and ordered *two* drinks: one for himself, and one for the hypothetical friend he’d just designed but forgot to include in the requirements. 

*(Punchline plays on engineering precision—and the classic ""what if?"" mindset—while nodding to social awkwardness."
1792,Engineer,"Finish the joke: A Engineer walked into a bar,","A engineer walked into a bar…  
and immediately started calculating the optimal seating arrangement to minimize social friction while maximizing conversation flow and beverage delivery efficiency. 

**Bonus punchline (for extra engineering flair):**  
*He then asked the bartender for a drink “with the lowest possible standard deviation in temperature over time."
1793,Engineer,"Finish the joke: A Engineer walked into a bar,","A engineer walked into a bar and ordered a drink.   
The bartender said, “That’ll be $7."
1794,Engineer,"Finish the joke: A Engineer walked into a bar,","A engineer walked into a bar and ordered a drink.   
The bartender said, “That’ll be $5."
1795,Engineer,"Finish the joke: A Engineer walked into a bar,","A engineer walked into a bar and ordered a drink.   
The bartender handed it to him—and the engineer paused, tilted his glass, checked the meniscus, measured the temperature with a pocket thermometer, and asked, *“What’s the coefficient of thermal expansion for this pint glass?”*  

The bartender sighed."
1796,Engineer,"Finish the joke: A Engineer walked into a bar,","A engineer walked into a bar…  
and ordered *exactly* 1. 7 pints—because he knew the bartender’s scale was calibrated to ±0."
1797,Engineer,"Finish the joke: A Engineer walked into a bar,","A engineer walks into a bar and orders a drink.   
The bartender says, “Sure thing—but first, let’s calibrate your expectations."
1798,Engineer,"Finish the joke: A Engineer walked into a bar,","A engineer walked into a bar and ordered a drink.   
The bartender said, “Comes in often?”  
The engineer replied, *“Not by my calculations—but statistically, I’m due."
1799,Engineer,"Finish the joke: A Engineer walked into a bar,","A engineer walked into a bar and ordered a drink.   
The bartender said, “That’ll be $5."
1800,Engineer,"Finish the joke: A Engineer walked into a bar,","A engineer walked into a bar and ordered a drink.   
The bartender said, *“Sorry—we’re closed for maintenance."
1801,Engineer,"Describe what to expect when planning a trip with a Engineer,","Planning a trip with an engineer can be both uniquely rewarding and delightfully methodical! Engineers bring their analytical mindset, problem-solving skills, and attention to detail to travel planning—often turning the process into something efficient, well-structured, and surprisingly fun.  Here’s what you can realistically expect:

### ✅ **What You’ll Get**
1."
1802,Engineer,"Describe what to expect when planning a trip with a Engineer,","Planning a trip with an engineer can be both highly efficient and surprisingly fun—but it comes with some distinct expectations! Here’s what you can anticipate:

### ✅ **Pros & Strengths You’ll Appreciate**
- ** meticulous planning**: Engineers love systems.  They’ll create detailed itineraries—timings, routes, backup plans (with contingency buffers), and even cost breakdowns in spreadsheet format."
1803,Engineer,"Describe what to expect when planning a trip with a Engineer,",Planning a trip with an **engineer** (e. g.
1804,Engineer,"Describe what to expect when planning a trip with a Engineer,","Planning a trip with an engineer can be both exciting and surprisingly structured—here’s what you can realistically expect, blending practicality, foresight, and maybe a few quirky quirks:

### ✅ **What You’ll Get**
- **Flawless Logistics Planning**  
  Engineers excel at systems thinking: They’ll map out routes (including backup options), compare transport options by efficiency/cost/time trade-offs, and use tools like spreadsheets or GIS software to optimize schedules. 

- **Precision in Budgeting**  
  They’ll break down expenses into line items—fuel, tolls, lodging per night, meals per person—and include contingencies (e."
1805,Engineer,"Describe what to expect when planning a trip with a Engineer,","Planning a trip with an engineer can be both highly efficient and uniquely rewarding—if you know what to expect! Engineers bring their analytical, problem-solving mindset to travel planning, which shapes every aspect of the experience.  Here’s what you can anticipate:

### 🔍 **1."
1806,Engineer,"Describe what to expect when planning a trip with a Engineer,","Planning a trip with an engineer can be a uniquely rewarding (and sometimes delightfully over-engineered!) experience.  Here’s what you can realistically expect—both the pros and the quirks:

### ✅ **The Benefits**
1."
1807,Engineer,"Describe what to expect when planning a trip with a Engineer,","Planning a trip with an engineer is often a delightful blend of meticulousness, creativity, and practical problem-solving—here’s what you can generally expect:

### ✅ **Strengths You’ll Experience**
- **Detailed Planning**: Engineers love lists, timelines, risk assessments, and contingency plans.  Your itinerary will be thorough: flight times cross-checked, backup hotels researched, weather patterns analyzed."
1808,Engineer,"Describe what to expect when planning a trip with a Engineer,","Planning a trip with an engineer can be both uniquely efficient and surprisingly delightful—engineers bring a mix of analytical precision, problem-solving skills, and practical ingenuity to travel prep.  Here’s what you can generally expect:

### 🛠️ **Pre-Trip Planning Phase**
- **Data-driven decisions**: They’ll likely research flight times, weather forecasts, visa requirements, and local transport schedules using spreadsheets or optimization tools—possibly modeling multiple itineraries for cost/time efficiency."
1809,Engineer,"Describe what to expect when planning a trip with a Engineer,","Planning a trip with an engineer is often a uniquely rewarding experience—especially if you value precision, efficiency, and creative problem-solving.  Here’s what you can generally expect:

### ✅ **Strengths & What’s Great**
- ** meticulous planning**: Engineers tend to over-prep—maps, backups, schedules, contingency plans (e."
1810,Engineer,"Describe what to expect when planning a trip with a Engineer,","Planning a trip with an engineer can be both fun and highly efficient—if you embrace their structured, detail-oriented mindset! Here’s what you can generally expect, broken down by key aspects:

### 🧭 **Planning & Logistics**
- **Precision over spontaneity**: Engineers tend to prefer well-researched itineraries.  Expect spreadsheets with alternatives (e."
1811,Engineer,"Describe what to expect when planning a trip with a Engineer,","Planning a trip with an engineer can be both highly efficient and surprisingly enjoyable—engineers bring their analytical mindset, problem-solving skills, and love of systems to travel.  Here’s what you can realistically expect:

### ✅ **Strengths & What’s Great**
- **Detailed Itineraries:** Engineers tend to optimize routes, schedules, and resources."
1812,Engineer,"Describe what to expect when planning a trip with a Engineer,",Planning a trip with an **engineer** (e. g.
1813,Engineer,"Describe what to expect when planning a trip with a Engineer,","Planning a trip with an engineer can be a delightfully efficient—and sometimes *predictably* entertaining—experience.  Engineers bring their problem-solving mindset, love of optimization, and systematic thinking to travel planning."
1814,Engineer,"Describe what to expect when planning a trip with a Engineer,","Planning a trip with an engineer is often surprisingly delightful—they bring methodical thinking, problem-solving skills, and a unique blend of practicality and curiosity.  Here's what you can realistically expect:

### ✅ **Strengths You’ll Appreciate**
- **Precise Itinerary Design**  
  Engineers build efficient, well-structured plans—think optimized routes, synchronized transport schedules, and backup plans for contingencies (e."
1815,Engineer,"Describe what to expect when planning a trip with a Engineer,","Planning a trip with an engineer is often a delightful blend of meticulousness, problem-solving energy, and practical charm—here’s what you can generally expect:

### ✅ **Strengths & Positives**
- **Deep Prep & Optimization**  
  Engineers excel at planning.  They’ll research flights, transit times, weather, elevation, voltage standards, and even *structural load limits* for your hiking gear."
1816,Engineer,"Describe what to expect when planning a trip with a Engineer,","Planning a trip with an engineer can be both rewarding and unexpectedly efficient—engineers bring their systematic, problem-solving mindset to travel, which shapes every aspect of the experience.  Here’s what you can generally expect:

### ✅ **Strengths You’ll Appreciate**
- **Precision & Planning**  
  Engineers excel at logistics: they’ll research routes, optimize departure times (accounting for traffic models, train schedules, or flight punctuality stats), and create detailed itineraries—down to the minute."
1817,Engineer,"Describe what to expect when planning a trip with a Engineer,","Planning a trip with an engineer can be both fun and surprisingly rewarding—if you go in with realistic expectations! Engineers bring unique skills, traits, and quirks to travel planning that can lead to highly efficient (if occasionally over-optimized) itineraries.  Here’s what to expect:

### ✅ **What’s Great:**
🔹 **Meticulous Planning & Organization**  
Engineers love data, schedules, and contingency plans."
1818,Engineer,"Describe what to expect when planning a trip with a Engineer,","Planning a trip with an engineer can be both rewarding and uniquely structured—engineers bring analytical rigor, problem-solving skills, and meticulous attention to detail to travel planning.  Here’s what you can realistically expect:

### ✅ **Strengths You’ll Experience:**
1."
1819,Engineer,"Describe what to expect when planning a trip with a Engineer,","Planning a trip with an engineer can be both fun and highly efficient—engineers tend to bring a unique blend of precision, problem-solving, and practicality to travel.  Here’s what you can realistically expect, broken down by phase:

### 🔍 **Before the Trip: Planning & Logistics**
- **Data-driven itineraries**: They’ll likely research using spreadsheets, graphs, or even coding (e."
1820,Engineer,"Describe what to expect when planning a trip with a Engineer,","Planning a trip with an engineer is often surprisingly smooth and efficient—but it comes with its own unique charm and expectations.  Here’s what you can realistically anticipate:

### ✅ **Strengths You’ll Love**
- **Meticulous Planning:** Engineers love data, risk assessment, and contingencies."
1821,Engineer,"Describe what to expect when planning a trip with a Engineer,","Planning a trip with an engineer can be both exciting and highly efficient—engineers bring analytical thinking, problem-solving skills, and attention to detail to travel planning.  Here’s what you can generally expect:

### ✅ **Strengths You’ll Appreciate**
1."
1822,Engineer,"Describe what to expect when planning a trip with a Engineer,","Planning a trip with an engineer can be both rewarding and uniquely structured—engineers tend to bring systematic thinking, attention to detail, and practical problem-solving skills to travel planning.  Here’s what you can generally expect:

### 🔧 **1."
1823,Engineer,"Describe what to expect when planning a trip with a Engineer,","Planning a trip with an engineer can be a uniquely rewarding and efficient experience—engineers bring their problem-solving mindset, precision, and systematic approach to travel.  Here’s what you can realistically expect:

### 🧠 **Pre-Trip Planning: Thorough & Logistical**
- **Data-Driven Decisions**: They’ll likely analyze multiple options using spreadsheets or tools (e."
1824,Engineer,"Describe what to expect when planning a trip with a Engineer,","Planning a trip with an engineer can be both exhilarating and highly efficient—here’s what you can generally expect, depending on the engineer’s personality and discipline (e. g."
1825,Engineer,"Describe what to expect when planning a trip with a Engineer,","Planning a trip with an engineer can be both highly efficient and surprisingly fun—but it comes with unique dynamics! Here’s what you can realistically expect:

### ✅ **Strengths & Positives**
- **Meticulous Planning**: Engineers love data, spreadsheets, and optimization.  Expect well-researched itineraries with cost-benefit analyses (e."
1826,Engineer,"Describe what to expect when planning a trip with a Engineer,","Planning a trip with an engineer can be both rewarding and unexpectedly efficient—engineers bring their analytical, problem-solving mindset to travel in ways that might surprise (or delight!) non-engineering companions.  Here’s what you can expect:

### ✅ **Strengths & Surprises You’ll Encounter**
- **Precision & Planning:**  
  Engineers love data."
1827,Engineer,"Describe what to expect when planning a trip with a Engineer,","Planning a trip with an engineer can be both rewarding and uniquely structured—engineers bring analytical, systematic, and detail-oriented approaches to travel.  Here’s what you can generally expect:

### 🧠 **1."
1828,Engineer,"Describe what to expect when planning a trip with a Engineer,","Planning a trip with an engineer can be surprisingly rewarding—and delightfully methodical! Here’s what you can realistically expect:

### 🔧 **Pre-Trip Planning: Precision & Risk Assessment**
- **Detailed Itineraries**: You’ll get a well-structured plan—dates, times, transit routes, backup options—even down to estimated walking distances and elevation changes. 
- **Risk Analysis**: “What if the flight is delayed? What if it rains? What’s the failure point here?” They’ll assess contingencies and build redundancy into your plans."
1829,Engineer,"Describe what to expect when planning a trip with a Engineer,","Planning a trip with an engineer can be both exciting and highly efficient—engineers bring analytical, systematic, and problem-solving skills to travel, but they may also approach things in ways that differ from more spontaneous or experience-driven travelers.  Here's what to expect:

### ✅ **Strengths You’ll Benefit From**
1."
1830,Engineer,"Describe what to expect when planning a trip with a Engineer,","Planning a trip with an **engineer** can be both highly rewarding and uniquely structured—here’s what you can generally expect, based on their analytical mindset, problem-solving strengths, and (sometimes) quirks:

---

### ✅ **Strengths You’ll Love**
- **Precision & Preparation**: Engineers thrive on details.  Expect well-researched itineraries, backup plans for every contingency (“Plan A through D”), and meticulous packing lists—including weight calculations for luggage and check-in limits."
1831,Engineer,"Describe what to expect when planning a trip with a Engineer,","Planning a trip with an **engineer** can be both fun and highly efficient—if you know what to anticipate! Engineers bring their analytical, systematic, and problem-solving mindset to travel planning, which shapes the experience in predictable (and often delightful) ways.  Here’s what to expect:

---

### 🧠 **Mindset & Approach**
- **Detailed itineraries**: They’ll likely create a spreadsheet or use project management tools (Trello, Notion, Excel) with columns for cost, time estimates, contingency buffers, and risk assessments."
1832,Engineer,"Describe what to expect when planning a trip with a Engineer,","Planning a trip with an **engineer**—whether they’re a civil, aerospace, mechanical, software, or another type of engineer—can be a uniquely rewarding experience.  Engineers bring their analytical mindset, problem-solving skills, and attention to detail to travel planning (and execution), which shapes the whole journey in predictable—and often delightful—ways."
1833,Engineer,"Describe what to expect when planning a trip with a Engineer,","Planning a trip with an **engineer** can be uniquely rewarding—especially if you appreciate precision, efficiency, and clever problem-solving.  Here’s what you can generally expect across different types of engineers (e."
1834,Engineer,"Describe what to expect when planning a trip with a Engineer,","Planning a trip with an **engineer** can be both fun and surprisingly efficient—engineers bring their analytical, problem-solving mindset to travel planning, often elevating the experience beyond the typical checklist.  Here’s what you can generally expect:

---

### ✅ **Strengths You’ll Encounter**
1."
1835,Engineer,"Describe what to expect when planning a trip with a Engineer,","Planning a trip with an engineer can be both rewarding and uniquely structured—engineers bring analytical precision, problem-solving skills, and attention to detail to travel.  Here’s what you can generally expect:

### ✅ **Strengths & Positives**
1."
1836,Engineer,"Describe what to expect when planning a trip with a Engineer,","Planning a trip with an engineer is often delightfully efficient—though sometimes *over*-engineered! Here’s what you can realistically expect:

### ✅ **Strengths & Perks**
- **Detail-Oriented Itinerary Planning**: They’ll research every variable: flight durations, layover times, GPS routes, elevation profiles for hikes, time zone adjustments—even optimal seating on trains/buses. 
- **Risk Mitigation**: You’ll get backup plans (Plan B–G), contingency checklists, and failure-mode analyses (“What if the train is canceled? What if it rains? What if we get lost?”)."
1837,Engineer,"Describe what to expect when planning a trip with a Engineer,","Planning a trip with an engineer can be surprisingly rewarding—and delightfully precise—if you know what to anticipate! Here’s what to expect across key areas:

### 🔧 **1.  meticulous Planning & Research**
- **Data-driven decisions:** They’ll compare flight times, fuel-efficient driving routes, and weather forecasts using real-time APIs or spreadsheets."
1838,Engineer,"Describe what to expect when planning a trip with a Engineer,","Planning a trip with an engineer can be a uniquely rewarding experience—combining practicality, precision, and often a fun dose of logical enthusiasm.  Here’s what you can generally expect, broken down by phase:

### 🔍 **Before the Trip**
- **Detailed Research & Planning:**  
  Engineers love data."
1839,Engineer,"Describe what to expect when planning a trip with a Engineer,","Planning a trip with an engineer can be an incredibly rewarding and efficient experience—if you go in with the right expectations! Engineers bring a unique blend of analytical thinking, problem-solving skills, attention to detail, and practicality to travel planning.  Here’s what you can realistically expect:

### ✅ **Strengths & What to Look Forward To**
- **Precision & Efficiency**  
  Engineers excel at optimizing routes, schedules, and resources."
1840,Engineer,"Describe what to expect when planning a trip with a Engineer,","Planning a trip with an engineer can be both exciting and rewarding—engineers often bring unique strengths and perspectives to travel planning, but their approach may differ from more spontaneous or experience-driven travelers.  Here’s what you can generally expect:

### ✅ **Strengths You’ll Likely Notice**
1."
1841,Engineer,"Describe what to expect when planning a trip with a Engineer,","Planning a trip with an engineer is often a delightfully efficient and thoughtful experience—here’s what you can generally expect:

### ✅ **Thorough Planning & Optimization**
- **Itineraries are data-driven**: They’ll research flights, accommodations, and transport using cost/time/efficiency metrics.  You might get multiple spreadsheet comparisons (e."
1842,Engineer,"Describe what to expect when planning a trip with a Engineer,","Planning a trip with an engineer can be a uniquely rewarding—and often delightfully efficient—experience! Engineers bring analytical thinking, meticulous planning, and problem-solving skills to the table.  Here’s what you can realistically expect:

### ✅ **Strengths & Highlights**
- **Detailed Itineraries**: They’ll likely create highly structured plans, including timelines, transport options (with pros/cons), estimated costs, contingencies, and even risk assessments."
1843,Engineer,"Describe what to expect when planning a trip with a Engineer,","Planning a trip with an engineer can be a uniquely rewarding experience—they bring analytical thinking, problem-solving skills, and attention to detail that can elevate your travel plans.  Here’s what you can realistically expect:

### ✅ **Strengths They Bring**
- **Detailed Itineraries**: Engineers tend to optimize schedules—expect well-researched itineraries with times, distances, transit options, and contingency buffers."
1844,Engineer,"Describe what to expect when planning a trip with a Engineer,",Planning a trip with an **engineer** (e. g.
1845,Engineer,"Describe what to expect when planning a trip with a Engineer,","Planning a trip with an engineer can be a uniquely rewarding experience—filled with methodical preparation, clever problem-solving, and surprisingly fun details.  Here’s what you can realistically expect:

### ✅ **Strengths & What They’ll Bring to the Trip**
- **Exceptional Planning & Logistics**: Engineers love spreadsheets, timelines, and contingencies."
1846,Engineer,"Describe what to expect when planning a trip with a Engineer,","Planning a trip with an engineer—whether they’re your partner, friend, travel buddy, or client—can be both fun and uniquely structured! Engineers bring their analytical, systematic mindset to just about everything—including travel.  Here’s what you can generally expect:

### ✅ **Strengths & What to Look Forward To**
- **Detailed Itineraries**: They’ll likely draft comprehensive plans (with spreadsheets 📊), including distances, transit times, weather forecasts, and contingency buffers."
1847,Engineer,"Describe what to expect when planning a trip with a Engineer,","Planning a trip with an engineer can be surprisingly rewarding—and sometimes delightfully meticulous! Here’s what you can generally expect:

### ✅ **Strengths & Perks**
- **Precision & Planning**: Engineers thrive on structure.  They’ll likely create detailed itineraries (with backup plans, contingency timelines, and even risk assessments), ensuring nothing critical is overlooked."
1848,Engineer,"Describe what to expect when planning a trip with a Engineer,","Planning a trip with an engineer can be uniquely rewarding—especially if you appreciate structure, efficiency, and problem-solving! Here’s what you can generally expect:

### 🔧 **Pre-Trip Planning Phase**
- **Detailed Research & Itineraries**: Engineers love data.  Expect spreadsheets comparing flight prices, weather forecasts, accommodation options (with pros/cons tables), and even elevation profiles for hikes."
1849,Engineer,"Describe what to expect when planning a trip with a Engineer,","Planning a trip with an **engineer** (assuming you mean someone with engineering training or mindset—like a project engineer, systems engineer, or just a technically minded person) can be both highly efficient and delightfully detailed, but may also require some adjustment if you’re not used to their analytical approach.  Here’s what you can realistically expect:

---

### ✅ **What You’ll Appreciate**
1."
1850,Engineer,"Describe what to expect when planning a trip with a Engineer,","Planning a trip with an engineer can be a uniquely rewarding and efficient experience—thanks to their analytical, problem-solving, and systems-thinking mindset.  Here’s what you can realistically expect:

### ✅ **Pros & Strengths You’ll Notice**
- **Detail-Oriented Itineraries**: Engineers love thoroughness."
1851,Engineer,"Describe what to expect when planning a trip with a Engineer,","Planning a trip with an engineer can be a uniquely rewarding experience—they bring analytical rigor, problem-solving skills, and meticulous attention to detail.  Here’s what you can realistically expect:

### ✅ **Strengths & Positive Surprises**
- **Precision Planning**  
  They’ll likely create detailed itineraries with timelines, contingency buffers (e."
1852,Engineer,"Describe what to expect when planning a trip with a Engineer,","Planning a trip with an engineer can be both highly efficient and surprisingly fun—here’s what you can realistically expect:

### 🔧 **Strengths You’ll Appreciate**
- **Detailed Itineraries**: They’ll likely build timelines down to the minute (using tools like Google Sheets or custom scripts), factoring in transit times, buffer zones, and alternate routes. 
- **Problem-Solving on the Fly**: Missed a train? Weather messed with plans? An engineer will calmly assess variables, run backup scenarios, and adapt—often turning surprises into puzzles to solve."
1853,Engineer,"Describe what to expect when planning a trip with a Engineer,","Planning a trip with an engineer—whether they’re a civil, software, mechanical, or another type—brings a unique blend of excitement, efficiency, and occasional humor! Here’s what you can realistically expect:

### ✅ **Strengths They Bring to Trip Planning**
1.  **Precision & Organization**  
   - They’ll build spreadsheets with itineraries, time zones, weather forecasts, fuel/transport costs, and contingency margins (e."
1854,Engineer,"Describe what to expect when planning a trip with a Engineer,","Planning a trip with an engineer can be a uniquely rewarding and efficient experience—think of it as your personal mission planning session with someone who thrives on systems, optimization, and problem-solving.  Here’s what you can realistically expect:

### ✅ **Strengths You’ll Love**
- **Precision & Planning**: Engineers build itineraries in stages: data gathering (flight times, weather, distance), constraint analysis (budget, time windows), optimization (cheapest/fastest routes), and contingency design (Plan B, C, D)."
1855,Engineer,"Describe what to expect when planning a trip with a Engineer,","Planning a trip with an engineer can be both fascinating and highly efficient—engineers bring their analytical, systematic, and problem-solving mindset to travel.  Here’s what you can generally expect, broken down by key aspects:

### 🛠️ **Pre-Trip Planning & Logistics**
- **Data-driven decisions**: They’ll likely research flight times, distances, fuel efficiency (for road trips), elevation changes, weather patterns, and even satellite imagery—possibly using tools like Google Earth, GIS data, or flight simulators (yes, really)."
1856,Engineer,"Describe what to expect when planning a trip with a Engineer,","Planning a trip with an engineer is often a delightfully structured, efficient, and problem-solving–oriented experience! Here’s what you can generally expect—along with some fun quirks they might bring along:

### 🛠️ **1.  Meticulous Planning & Itineraries**
- **Pre-trip analysis**: They’ll likely create detailed spreadsheets (with pivot tables), compare flight/transport options using cost, duration, CO₂ footprint, reliability metrics—or even write a quick script to scrape prices."
1857,Engineer,"Describe what to expect when planning a trip with a Engineer,","Planning a trip with an engineer can be both rewarding and slightly unconventional—engineers bring analytical rigor, problem-solving skills, and attention to detail, but they may also prioritize logic over spontaneity.  Here’s what you can realistically expect:

### ✅ **Strengths & Positives**
- **Precision & Planning:**  
  Engineers excel at research, scheduling, and risk assessment."
1858,Engineer,"Describe what to expect when planning a trip with a Engineer,","Planning a trip with an engineer can be both highly efficient and delightfully detailed—engineers bring their analytical, problem-solving mindset to travel, often elevating the experience beyond the ordinary.  Here’s what you can expect:

### 🛠️ **Pre-Trip Planning & Organization**
- **Thorough Research**: They’ll dive deep into data: flight comparisons using price-tracking tools, optimal routes (minimizing layovers), weather forecasts, and even GPS terrain analysis if hiking or off-roading."
1859,Engineer,"Describe what to expect when planning a trip with a Engineer,","Planning a trip with an engineer can be a uniquely rewarding and structured experience—engineers bring analytical thinking, attention to detail, problem-solving skills, and often a love of systems (and sometimes tech!) to travel.  Here's what you can generally expect:

### ✅ **Strengths They’ll Bring**
- ** meticulous planning**: Engineers often create detailed itineraries with backup options, timelines, maps, and contingency plans—down to the minute."
1860,Engineer,"Describe what to expect when planning a trip with a Engineer,","Planning a trip with an **engineer**—whether they’re a civil, mechanical, software, aerospace, or another type—can be both fun and surprisingly practical (and maybe a little *over*-analytical 😄).  Here’s what you can realistically expect:

---

### ✅ **What You’ll Appreciate**
1."
1861,Engineer,"Describe what to expect when planning a trip with a Engineer,","Planning a trip with an **engineer** can be a uniquely rewarding—and sometimes hilariously practical—experience.  Here’s what you can generally expect, based on common traits and mindsets of engineers (especially software, civil, mechanical, etc."
1862,Engineer,"Describe what to expect when planning a trip with a Engineer,","Planning a trip with an engineer can be both fascinating and highly efficient—engineers bring a unique blend of analytical thinking, problem-solving skills, and attention to detail to travel.  Here’s what you can generally expect:

### ✅ **Strengths & What Goes Smoothly**
- **Thorough Planning**: Engineers tend to research thoroughly—flights, routes, time zones, weather patterns, GPS data, and even structural integrity of accommodations (e."
1863,Engineer,"Describe what to expect when planning a trip with a Engineer,","Planning a trip with an engineer—whether they’re your partner, friend, or travel companion—can be incredibly rewarding! Engineers bring a unique blend of skills that can elevate your itinerary, but it also comes with some predictable traits and expectations.  Here’s what you can realistically expect:

### ✅ **What You’ll Love**
- **Meticulous Planning & Optimization**  
  They’ll likely create spreadsheets comparing flights, accommodations, transit times, and weather—optimizing for cost, efficiency, or even CO₂ footprint."
1864,Engineer,"Describe what to expect when planning a trip with a Engineer,","Planning a trip with an engineer can be both exciting and highly efficient—engineers bring analytical thinking, attention to detail, and problem-solving skills to travel planning.  Here’s what you can generally expect:

### ✅ **Strengths You’ll Benefit From**
1."
1865,Engineer,"Describe what to expect when planning a trip with a Engineer,","Planning a trip with an **engineer** can be a uniquely rewarding experience—engineers bring analytical thinking, problem-solving skills, and attention to detail that can elevate your travel plans.  Here’s what you can realistically expect:

### ✅ **Strengths & Advantages**
- **Precision in Logistics**: Engineers excel at optimizing routes, schedules, and budgets."
1866,Engineer,"Describe what to expect when planning a trip with a Engineer,",Planning a trip with an **engineer** (e. g.
1867,Engineer,"Describe what to expect when planning a trip with a Engineer,","Planning a trip with an engineer can be an unexpectedly delightful and highly efficient experience—engineers bring their analytical, systematic, and problem-solving mindset to travel.  Here’s what you can generally expect:

### ✅ **Strengths & What’s Great**
- **Precision & Planning**  
  Engineers love itineraries: they’ll research flights, trains, weather, time zones, and customs in detail—often with spreadsheets or a travel app full of data points (e."
1868,Engineer,"Describe what to expect when planning a trip with a Engineer,","Planning a trip with an engineer can be both highly efficient and delightfully thorough—think of them as your trip’s ultimate project manager! Here's what you can generally expect:

### 🔧 **1.  Meticulous Planning & Optimization**
- **Data-driven decisions**: They’ll research flight times, weather patterns, transit routes, and lodging options using spreadsheets or custom scripts (yes, really)."
1869,Engineer,"Describe what to expect when planning a trip with a Engineer,","Planning a trip with an engineer can be a delightfully efficient and well-structured experience—but also uniquely detail-oriented! Here’s what you can generally expect:

### ✅ **What You’ll Appreciate**
1.  **Thorough Preparation**  
   - They’ll research routes, schedules, backup plans, and contingency scenarios—often using spreadsheets or mapping tools."
1870,Engineer,"Describe what to expect when planning a trip with a Engineer,","Planning a trip with an engineer can be both rewarding and surprisingly precise—here’s what you can realistically expect:

### ✅ **What’s Great**
- **Detailed Itinerary**: They’ll likely create a comprehensive plan (with timelines, backup options, risk assessments), including travel times, distances, weather forecasts, and contingency buffers. 
- **Problem-Solving Strengths**: If flights get canceled, connections are missed, or apps crash—they’ll efficiently troubleshoot and adapt (e."
1871,Engineer,"Describe what to expect when planning a trip with a Engineer,","Planning a trip with an **engineer** (or engineers) can be uniquely rewarding—thanks to their analytical mindset, problem-solving skills, and attention to detail.  Here’s what you can realistically expect:

---

### ✅ **Strengths You’ll Benefit From**
1."
1872,Engineer,"Describe what to expect when planning a trip with a Engineer,","Planning a trip with an engineer can be a uniquely rewarding and efficient experience—engineers bring their analytical, systematic, and problem-solving mindset to travel planning.  Here's what you can expect:

### ✅ **Strengths You’ll Appreciate**
- **Detailed Itinerary Design**  
  Engineers love structure."
1873,Engineer,"Describe what to expect when planning a trip with a Engineer,","Planning a trip with an engineer can be both highly rewarding and delightfully methodical! Here’s what you can generally expect—framed in a mix of realism, enthusiasm, and practical charm:

### 🛠️ **Pre-Trip Planning Phase**
- **Detail-Oriented Itinerary**: They’ll likely create spreadsheets comparing flight options, accommodation costs (including hidden fees), travel times, and even environmental impact.  Expect tables with columns like “Reliability,” “Time Efficiency,” and “Risk Mitigation."
1874,Engineer,"Describe what to expect when planning a trip with a Engineer,","Planning a trip with an **engineer** can be a uniquely rewarding and well-organized experience—but it may also come with some distinct expectations! Here’s what you can realistically anticipate:

### ✅ **Strengths & What’s Great**
1.  **Detailed Planning & Structure**  
   - Engineers tend to break down complex problems into manageable steps—so expect thorough itinerary planning: timelines, backup routes, transportation options, and contingency plans (e."
1875,Engineer,"Describe what to expect when planning a trip with a Engineer,","Planning a trip with an engineer can be both exciting and surprisingly rewarding—if you know what to expect! Engineers bring a unique set of skills, habits, and tendencies to travel planning.  Here’s a realistic breakdown:

### ✅ **What You Can Expect (The Good!)**
- **Deep Research & Precision**  
  They’ll dive into flight comparisons using spreadsheets or algorithms (even if just Google Flights + Excel), analyze weather patterns, check historical crowd data, and cross-reference reviews with metrics—not just star ratings."
1876,Engineer,"Describe what to expect when planning a trip with a Engineer,","Planning a trip with an engineer—especially one whose profession emphasizes precision, systems thinking, and problem-solving—can be both rewarding and uniquely structured.  Here’s what you can realistically expect:

### ✅ **Strengths & What Goes Well**
1."
1877,Engineer,"Describe what to expect when planning a trip with a Engineer,","Planning a trip with an engineer can be a uniquely rewarding experience—engineers bring methodical thinking, problem-solving skills, and attention to detail that can enhance logistics, safety, and efficiency.  Here’s what to expect:

### 🧠 **1."
1878,Engineer,"Describe what to expect when planning a trip with a Engineer,","Planning a trip with an **engineer** can be a delightfully efficient and detail-oriented experience—but it may also come with some quirks! Here’s what you can realistically expect:

### ✅ **Strengths & Positives**
- **Precision Planning**: Engineers love data.  They’ll research flight times, weather forecasts, elevation profiles (if hiking), fuel economy for road trips, and backup routes—often building spreadsheets or flowcharts."
1879,Engineer,"Describe what to expect when planning a trip with a Engineer,","Planning a trip with an **engineer** can be surprisingly delightful—especially if you appreciate precision, efficiency, and problem-solving! Here’s what you can generally expect:

### ✅ **Strengths Engineers Bring to Trip Planning**
1.  **Detail-Oriented Itineraries**  
   - They’ll likely research thoroughly: flight times, transit connections, weather patterns, elevation changes, and local infrastructure (e."
1880,Engineer,"Describe what to expect when planning a trip with a Engineer,","Planning a trip with an engineer can be both fascinating and highly efficient—engineers tend to approach travel with a blend of precision, curiosity, and practical problem-solving.  Here's what you can generally expect:

### ✅ **Strengths & Positives**
1."
1881,Engineer,"Describe what to expect when planning a trip with a Engineer,","Planning a trip with an **engineer** (or multiple engineers) can be a uniquely rewarding—and occasionally delightfully intense—experience.  Engineers bring a structured, analytical mindset to travel planning, and while this ensures thoroughness and reliability, it may also surface some unexpected quirks."
1882,Engineer,"Describe what to expect when planning a trip with a Engineer,","Planning a trip with an **engineer** can be a uniquely rewarding (and occasionally humorous) experience—engineers bring precision, problem-solving skills, and systematic thinking to travel, but might also overanalyze or overplan.  Here’s what you can realistically expect:

---

### ✅ **What You’ll Love**
1."
1883,Engineer,"Describe what to expect when planning a trip with a Engineer,","Planning a trip with an engineer can be both exciting and highly efficient—engineers bring their analytical, systematic, and problem-solving mindset to travel planning.  Here’s what you can generally expect:

### ✅ **Strengths & Characteristics You’ll Encounter**
1."
1884,Engineer,"Describe what to expect when planning a trip with a Engineer,","Planning a trip with an engineer is often delightfully efficient—but may come with some charming quirks! Here’s what you can generally expect:

### ✅ **Strengths You’ll Love**
1.  ** meticulous Planning**  
   - They’ll research routes, weather, time zones, and visa requirements—often in spreadsheets or apps with tabs for *everything*."
1885,Engineer,"Describe what to expect when planning a trip with a Engineer,","Planning a trip with an **engineer** can be a uniquely rewarding and efficient experience—thanks to their analytical mindset, problem-solving skills, and love of optimization.  Here’s what you can realistically expect:

---

### ✅ **Strengths You’ll Enjoy**
1."
1886,Engineer,"Describe what to expect when planning a trip with a Engineer,","Planning a trip with an engineer can be a uniquely efficient and rewarding experience—though it may come with some charming quirks! Here’s what you can realistically expect:

### ✅ **Strengths & Advantages**
- **Thorough Preparation:** Engineers love details.  They’ll create checklists, compare flight options using spreadsheets (with weighted criteria like cost vs."
1887,Engineer,"Describe what to expect when planning a trip with a Engineer,","Planning a trip with an engineer can be both exciting and highly efficient—engineers bring a unique blend of analytical thinking, problem-solving skills, and attention to detail to travel.  Here’s what you can generally expect:

### ✅ **Strengths & Expectations**
1."
1888,Engineer,"Describe what to expect when planning a trip with a Engineer,","Planning a trip with an engineer can be a uniquely rewarding and efficient experience—engineers bring analytical thinking, attention to detail, and systematic problem-solving to travel.  Here’s what to expect:

### 🛠️ **Pre-Trip Planning**
- **Detailed Research**: Expect thorough comparison of flights, accommodations, and transport using data-driven criteria (e."
1889,Engineer,"Describe what to expect when planning a trip with a Engineer,","Planning a trip with an **engineer** can be both rewarding and delightfully methodical—especially if you appreciate precision, problem-solving, and efficiency! Here’s what you can generally expect, depending on the engineer’s personality and specialty (civil, software, mechanical, etc. ), but here are common themes:

---

### ✅ **Strengths & Positives**
1."
1890,Engineer,"Describe what to expect when planning a trip with a Engineer,","Planning a trip with an engineer can be a uniquely rewarding experience—they bring logic, precision, and problem-solving skills to the process! Here's what you can typically expect:

### ✅ **Strengths & What’s Great:**
1.  **Detailed Itineraries**  
   Engineers love structure."
1891,Engineer,"Describe what to expect when planning a trip with a Engineer,","Planning a trip with an engineer can be both highly efficient and delightfully detailed—here’s what you can realistically expect:

### ✅ **Strengths & Surprises You’ll Appreciate**
- **Precision in Planning**: Engineers love data.  Your itinerary will likely include *optimized routes*, time buffers for transit delays, fuel/electricity estimates (for EVs or flights), and contingency calculations."
1892,Engineer,"Describe what to expect when planning a trip with a Engineer,","Planning a trip with an engineer can be a uniquely rewarding—and sometimes delightfully systematic—experience.  Engineers bring their analytical, problem-solving mindset to travel, often enhancing the trip in unexpected ways."
1893,Engineer,"Describe what to expect when planning a trip with a Engineer,","Planning a trip with an engineer can be both highly efficient and delightfully detailed—but also potentially *over-engineered*! Here’s what to realistically expect:

### ✅ **Strengths You’ll Appreciate**
- **Precision & Planning**: They’ll create intricate itineraries, including optimized routes (GPS layer + traffic simulations), backup plans for delays, and contingency timelines.   
- **Problem-Solving On-the-Go**: Missed a train? Need a last-minute accommodation swap? They’ll diagnose the issue like debugging code—logically and swiftly."
1894,Engineer,"Describe what to expect when planning a trip with a Engineer,",Planning a trip with an **engineer** (e. g.
1895,Engineer,"Describe what to expect when planning a trip with a Engineer,","Planning a trip with an **engineer** can be both rewarding and surprisingly efficient—engineers tend to bring a unique blend of problem-solving, meticulousness, and practicality to travel planning.  Here's what you can generally expect:

### ✅ **Strengths & Positive Expectations**
1."
1896,Engineer,"Describe what to expect when planning a trip with a Engineer,","Planning a trip with an **engineer** can be both highly efficient and surprisingly fun—engineers bring their problem-solving mindset, attention to detail, and love of systems to travel.  Here’s what you can realistically expect:

### ✅ **Strengths & Perks You’ll Enjoy**
1."
1897,Engineer,"Describe what to expect when planning a trip with a Engineer,","Planning a trip with an engineer is often a delight—especially for the detail-oriented or organized traveler—because their analytical mindset and systematic approach bring unique strengths (and sometimes quirks!) to travel planning.  Here’s what you can realistically expect:

### ✅ **Strengths & Perks**
1."
1898,Engineer,"Describe what to expect when planning a trip with a Engineer,","Planning a trip with an engineer can be both rewarding and delightfully methodical—if you appreciate structure, problem-solving, and efficiency! Here’s what to expect, broken down by phase:

### 🔧 **Pre-Trip Planning**
- **Data-driven research**: They’ll dive into flight/rail schedules, weather forecasts, local infrastructure, tolls, traffic patterns, and even seismic or flood risk maps (yes, really).   
- **Contingency planning**: Expect multiple backup plans—Route A, B, C—and a “What if [disaster] happens?” spreadsheet."
1899,Engineer,"Describe what to expect when planning a trip with a Engineer,","Planning a trip with an engineer can be both exciting and unexpectedly methodical! Here’s what you can realistically expect—good and *very* well-documented:

### 🛠️ **Pre-Trip Phase: Precision & Planning**
- **Detailed Research Phase:**  
  - They’ll spend hours (or days) comparing flight times, layovers, fuel efficiencies, and cost-benefit analyses of travel options.  Expect spreadsheets with weighted criteria (e."
1900,Engineer,"Describe what to expect when planning a trip with a Engineer,","Planning a trip with an engineer can be surprisingly rewarding—if you appreciate precision, efficiency, and creative problem-solving! Here’s what you can generally expect:

### 🔧 **1.  Detailed Itinerary & Backup Plans**
- Engineers tend to *love* spreadsheets, timelines, and contingency plans."
1901,Engineer,Write a 100 word story about a Engineer,"Elias traced the cracked ceramic insulator with a gloved finger, the desert wind whipping grit against his visor.  His rover, *Stardust*, lay half-buried beyond the dune ridge—its solar arrays snapped, comms dead."
1902,Engineer,Write a 100 word story about a Engineer,"Arjun adjusted his glasses, sweat stinging his eyes as the last bolt tightened.  Before him stood *Kalpana-7*, a sleek solar drone designed to deliver medicine across flood-ravaged regions."
1903,Engineer,Write a 100 word story about a Engineer,"Arlo’s fingers, stained with grease and ink, traced the cracked circuit board.  Outside, the storm howled; inside, his vintage weather station—*his* design—had failed."
1904,Engineer,Write a 100 word story about a Engineer,"Eli adjusted his glasses, sweat stinging his eyes as the reactor’s final seal failed.  The control room lights flickered—*again*."
1905,Engineer,Write a 100 word story about a Engineer,"Arjun adjusted his glasses, tracing the fracturing stress lines on the holographic blueprint.  The *Odyssey*, humanity’s first interstellar probe, hung suspended in the vacuum hangar—a fragile dream of titanium and hope."
1906,Engineer,Write a 100 word story about a Engineer,"Eli traced a hairline crack in the reactor’s titanium casing with a trembling finger.  *Critical failure,* his diagnostics screen flashed, red letters pulsing like a warning heartbeat."
1907,Engineer,Write a 100 word story about a Engineer,"Eli adjusted his glasses, sweat stinging his eyes as the final bolt tightened.  Before him stood *Steady*, his life’s work: a wind turbine designed for hurricane zones—sleek, silent, impossibly strong."
1908,Engineer,Write a 100 word story about a Engineer,"Elena adjusted her goggles, sweat stinging her eyes as the geothermal drill shuddered violently.  Below, the crust pulsed—*too* hot, *too* deep."
1909,Engineer,Write a 100 word story about a Engineer,"Engineer Aris knelt in the rain-slicked mud, rainwater dripping from his brow into the cracked casing of the hydroelectric dam’s main turbine.  The city’s power grid flickered—*again*."
1910,Engineer,Write a 100 word story about a Engineer,"The rain lashed the coastal highway, turning asphalt to black mirrors.  Lena, her engineering boots slick with water, knelt beside the crumbling retaining wall—*her* design, now buckling under weeks of deluge."
1911,Engineer,Write a 100 word story about a Engineer,"Elias traced the fractured casing of the industrial pump with calloused fingers.  Rain slicked the workshop floor, mirroring his frustration—*again*."
1912,Engineer,Write a 100 word story about a Engineer,"Every morning, Lena adjusted her goggles, the worn leather creaking like old bones.  Her workshop smelled of ozone and hot metal—her sanctuary."
1913,Engineer,Write a 100 word story about a Engineer,"Elena adjusted her glasses, tracing the flickering diagnostics on the cracked viewport.  Outside, Mars’ rust-colored dunes stretched endlessly under a pale sun."
1914,Engineer,Write a 100 word story about a Engineer,"Elias adjusted his spectacles, peering at the cracked turbine blade.  Rain lashed the coastal power station as waves crashed against the walls—*again*."
1915,Engineer,Write a 100 word story about a Engineer,"Eli adjusted his glasses, squinting at the flickering diagnostics.  The *Aurora*’s core regulator—his life’s work—had seized mid-transmission to Proxima Centauri."
1916,Engineer,Write a 100 word story about a Engineer,"Leo’s fingers flew across the holographic interface, debugging a failing geothermal drill.  Sweat beaded on his temple—*Project DeepRoot* was critical for the Mars colony’s survival, and this glitch could delay everything by months."
1917,Engineer,Write a 100 word story about a Engineer,"Eli’s fingers, stained with grease and faintly trembling, traced the cracked housing of the quantum core.  Outside, the city groaned under its own failing infrastructure—traffic jams like static on old film."
1918,Engineer,Write a 100 word story about a Engineer,"Eli’s hands, grease-streaked and steady, danced over the humming core of the *Aurora*’s fusion drive.  Outside, Jupiter’s swirling storms glowed crimson through the viewport—a beautiful, terrifying behemoth."
1919,Engineer,Write a 100 word story about a Engineer,"Elena adjusted her glasses, sweat stinging her eyes.  Outside the cracked cockpit window, storm clouds bruised the sky; inside, alarms screamed as hydraulics failed."
1920,Engineer,Write a 100 word story about a Engineer,"Eli’s hands, stained with grease and calloused from decades of precision work, trembled as he adjusted the final caliper on the prototype.  The lab’s hum deepened—a warning thrum in the machinery."
1921,Engineer,Write a 100 word story about a Engineer,"Arjun adjusted his glasses, sweat beading on his forehead as the drone’s final telemetry flickered—green to amber.  Below, the flooded village gleamed under the monsoon sky."
1922,Engineer,Write a 100 word story about a Engineer,"Elena adjusted her headset, fingers flying across the keyboard.  Outside the window, rain lashed against the glass of the abandoned observatory—her temporary lab."
1923,Engineer,Write a 100 word story about a Engineer,"Eli’s fingers traced the cracked ceramic housing of the ancient reactor core.  Decades of neglect had turned it into a silent, ticking time bomb."
1924,Engineer,Write a 100 word story about a Engineer,"Leo adjusted his glasses, squinting at the flickering schematics.  The old hydroelectric dam groaned—a fault line had reopened deep underground."
1925,Engineer,Write a 100 word story about a Engineer,"Elias adjusted his spectacles, squinting at the cracked gear housing.  Rain lashed the lab’s single window as the city power grid flickered—*again*."
1926,Engineer,Write a 100 word story about a Engineer,"Leo’s fingers traced the cracked ceramic cup—his third failed prototype.  Steam still curled from the mug, mirroring the frustration in his chest."
1927,Engineer,Write a 100 word story about a Engineer,"Eli adjusted his glasses, peering at the flickering diagnostics on the lunar soil processor.  Outside the dome, Mars’ rust-colored dust swirled in the weak wind."
1928,Engineer,Write a 100 word story about a Engineer,"Elena adjusted her glasses, the hum of the fusion core vibrating through her boots.  Outside the polar dome, auroras danced like liquid light; inside, the reactor flickered—*critically*."
1929,Engineer,Write a 100 word story about a Engineer,"Arjun adjusted his worn spectacles, tracing a fracture in the reactor’s containment wall with trembling fingers.  Outside, the storm raged—wind shrieking like a banshee, rain hammering the observatory roof."
1930,Engineer,Write a 100 word story about a Engineer,"Elena adjusted her safety goggles, grease smudged across her cheek.  The fusion reactor’s containment field flickered—*again*."
1931,Engineer,Write a 100 word story about a Engineer,"Arjun adjusted his spectacles, sweat beading on his forehead as the monsoon rains lashed the generator room.  The backup power unit—vital for the village clinic’s vaccine fridge—had sputtered its last."
1932,Engineer,Write a 100 word story about a Engineer,"Lena adjusted her hard hat, sweat stinging her eyes as the desert wind howled around the wind turbine she was calibrating.  Below, the remote village of Al-Masra huddled under a relentless sun, its pumps silent for weeks."
1933,Engineer,Write a 100 word story about a Engineer,"Elena crouched in the steamy tunnel, grease smudged across her forehead.  The city’s ancient water main had burst, flooding Main Street."
1934,Engineer,Write a 100 word story about a Engineer,"Elena traced the cracked housing of the quantum entanglement drive with gloved fingers.  Humming faintly, it pulsed with unstable blue light—the *Aethelgard*’s last hope."
1935,Engineer,Write a 100 word story about a Engineer,"Leo adjusted his safety goggles, sweat stinging his eyes as the last bolt tightened.  The prototype—a compact wave-energy converter—hummed to life, gears meshing smoothly for the first time."
1936,Engineer,Write a 100 word story about a Engineer,"Eli adjusted his glasses, sweat stinging his eyes.  The fusion reactor’s containment field flickered—red warnings flashing across the cracked viewport of Sector Gamma."
1937,Engineer,Write a 100 word story about a Engineer,"Leo adjusted his safety glasses, sweat stinging his eyes as the colossal generator shuddered violently beneath his hands.  *Too much vibration."
1938,Engineer,Write a 100 word story about a Engineer,"Elias adjusted his spectacles, grease smudged across one lens.  His workshop smelled of ozone and hot metal—*his* scent."
1939,Engineer,Write a 100 word story about a Engineer,"Arjun adjusted his glasses, sweat beading on his forehead as the pressure gauge flickered dangerously.  The experimental geothermal drill—his life’s work—had hit an uncharted magma pocket beneath Iceland’s cracked crust."
1940,Engineer,Write a 100 word story about a Engineer,"Elena adjusted her glasses, tracing a flickering hologram of the failing reactor core.  Outside, desert winds howled against the dome’s reinforced plating."
1941,Engineer,Write a 100 word story about a Engineer,"Arjun adjusted his spectacles, sweat beading on his forehead as the backup generator sputtered and died.  The hospital’s critical ICU lights flickered, then plunged into darkness—except for the quiet hum of his *own* design: a compact, solar-rechargeable LED array strapped to his wrist, glowing soft blue in his palm."
1942,Engineer,Write a 100 word story about a Engineer,"Arjun adjusted his glasses, sweat beading on his brow as the monsoon raged outside the university lab.  His prototype—a solar-powered desalination unit for coastal villages—had failed *again*."
1943,Engineer,Write a 100 word story about a Engineer,"Elena adjusted her headset, the *whirr* of satellite dishes echoing in the control room.  Outside, Mars dust swirled in perpetual ochre storms."
1944,Engineer,Write a 100 word story about a Engineer,"Arlo’s hands, grease-streaked and scarred, trembled as he adjusted the final micro-calibration on the quantum entanglement coupler.  *One chance."
1945,Engineer,Write a 100 word story about a Engineer,"Elara’s fingers flew across the holographic interface, sweat beading on her brow.  Outside, the desert wind howled against the dome of Mars Base Theta—*their* last shield generator was failing."
1946,Engineer,Write a 100 word story about a Engineer,"Elena traced the frayed wire with gloved fingers, rain streaking her visor.  The coastal town’s power grid was down—*again*."
1947,Engineer,Write a 100 word story about a Engineer,"Eli adjusted his spectacles, tracing the flickering diagnostics on his cracked tablet.  Outside, floodwaters choked the city’s drains—*his* designs, compromised by ignored corrosion reports."
1948,Engineer,Write a 100 word story about a Engineer,"Elena adjusted her goggles, sweat stinging her eyes as the reactor’s hum deepened to a dangerous thrum.  The anomaly wasn’t in the schematics—just a subtle vibration in Sector Gamma."
1949,Engineer,Write a 100 word story about a Engineer,"Eli’s wrench clicked softly against the grinding gear.  Rain lashed the workshop windows, but inside, the old hydro-turbine hummed steadily—*his* hum."
1950,Engineer,Write a 100 word story about a Engineer,"Elena adjusted her glasses, tracing the failing circuit board under the fluorescent hum.  The city’s water treatment plant groaned—pipes rattled, pressure dropped."
1951,Engineer,Write a 100 word story about a Engineer,"Elena adjusted her glasses, squinting at the flickering hologram of the failing terraformer core.  Outside the dome, Mars’ rust-colored wind howled, scoring dust across the viewport."
1952,Engineer,Write a 100 word story about a Engineer,Elena traced the humming vibration in her palm—the prototype’s final stress test.  Her workshop smelled of ozone and hot metal.
1953,Engineer,Write a 100 word story about a Engineer,"Elias adjusted his glasses, sweat stinging his eyes as the generator sputtered.  The power grid had collapsed—*again*."
1954,Engineer,Write a 100 word story about a Engineer,"Eli’s hands, stained with grease and coffee rings, danced over the circuit board.  The *Aurora*’s primary thruster—his life’s work—had failed mid-orbit, leaving the vessel adrift near Jupiter’s swirling bands."
1955,Engineer,Write a 100 word story about a Engineer,"Elena traced the final circuit on her prototype—a solar-powered water purifier for drought-stricken villages.  Sweat beaded on her brow as the monsoon season approached, threatening to flood the test site."
1956,Engineer,Write a 100 word story about a Engineer,"Arjun’s fingers traced the humming turbine blade, its micro-fractures invisible to the eye but screaming in ultrasonic waves.  Rain lashed the coastal power station’s control room as alarms blared—*another* grid surge threatening the aging plant."
1957,Engineer,Write a 100 word story about a Engineer,"Lena adjusted her glasses, sweat beading on her forehead as the last rivet sealed the final panel.  Her prototype—a compact wave-energy converter—hummed softly, nestled in the storm-lashed cove."
1958,Engineer,Write a 100 word story about a Engineer,"Leo adjusted his glasses, sweat beading on his forehead as the aging hydroelectric dam groaned beneath a storm’s fury.  Rain lashed the control room windows while alarms blared—pressure spikes threatened catastrophic failure downstream."
1959,Engineer,Write a 100 word story about a Engineer,"Eli traced the cracked ceramic insulator with a gloved finger, rain slicking his goggles.  His repair drone buzzed erratically above the flickering transformer—*critical failure in Sector Gamma*."
1960,Engineer,Write a 100 word story about a Engineer,"Dr.  Aris Thorne adjusted her safety goggles, tracing the fracture in the asteroid’s core with her laser calibrator."
1961,Engineer,Write a 100 word story about a Engineer,"Every morning, Elara adjusted her safety glasses and stepped onto the rusted catwalk overlooking the failing hydroelectric dam.  Cracks spiderwebbed through the concrete, groaning under the strain of the reservoir behind it."
1962,Engineer,Write a 100 word story about a Engineer,"Elena’s fingers traced the cracked casing of the failing geothermal pump.  Rain lashed the mountain station, shadows flickering as generators sputtered."
1963,Engineer,Write a 100 word story about a Engineer,"Elena adjusted her safety goggles, the workshop’s air thick with oil and ozone.  Before her stood the *Aethelgard*, a decommissioned hydrofoil repurposed as an ocean research vessel—now silent, its engines dead."
1964,Engineer,Write a 100 word story about a Engineer,"Eli wiped grease from his brow, staring at the sputtering solar array on Mars Base Theta.  The dust storm had crippled its efficiency—vital power for the colony’s oxygen recyclers was failing."
1965,Engineer,Write a 100 word story about a Engineer,"The rain lashed the coastal bridge, threatening to wash away the emergency generator’s feed.  Leo crouched in the flooded control room, saltwater swirling around his boots."
1966,Engineer,Write a 100 word story about a Engineer,"Lena’s fingers trembled as she re-soldered the final wire in the vintage submersible.  Outside, storm-lashed waves slammed against the research vessel *Aurora*."
1967,Engineer,Write a 100 word story about a Engineer,"Elena traced the cracked gear with calloused fingers, rain streaking the workshop window.  The city’s new water-pumping station groaned, its central gear shattered—flood season loomed."
1968,Engineer,Write a 100 word story about a Engineer,"Elena adjusted her safety goggles, sweat beading on her brow beneath the warehouse’s harsh lights.  The failed fusion reactor hummed ominously—a symphony of frustration."
1969,Engineer,Write a 100 word story about a Engineer,"Arjun adjusted his spectacles, tracing fractured schematics on the flickering tablet.  The city’s aging water main—a problem he’d diagnosed years ago—had finally erupted, flooding Main Street."
1970,Engineer,Write a 100 word story about a Engineer,"Elena adjusted her glasses, squinting at the flickering schematics on her screen.  Outside, the desert wind howled against the reinforced dome of Mars Base Theta."
1971,Engineer,Write a 100 word story about a Engineer,"Arjun adjusted his spectacles, squinting at the humming, coffee-stained blueprint.  Outside, monsoon rains lashed the coastal town, turning streets into rivers."
1972,Engineer,Write a 100 word story about a Engineer,"Eli wiped grease from his brow, the warehouse air thick with engine oil and tension.  Before him stood *Nova*, her titanium hull dented, coolant lines exposed like severed veins."
1973,Engineer,Write a 100 word story about a Engineer,"Elena adjusted her glasses, tracing the frayed wire in her worn wrench.  Rain lashed the workshop windows as the old wind turbine groaned on the hilltop."
1974,Engineer,Write a 100 word story about a Engineer,"Elias adjusted his glasses, the worn leather warm against his temples.  Rain lashed the observation deck window as the *Aurora*’s engines groaned—a cascade of sparks cascading from a faulty harmonic dampener."
1975,Engineer,Write a 100 word story about a Engineer,"Arjun adjusted his safety glasses, grease smudged across his cheek.  The factory’s main conveyor belt—a towering steel beast—lay silent, its heart torn open on the maintenance floor."
1976,Engineer,Write a 100 word story about a Engineer,"Elena traced the cracked gear casing with her finger, oil smudged on her cheek.  The hydroelectric dam’s main turbine groaned—its rhythmic whine now a jagged stutter."
1977,Engineer,Write a 100 word story about a Engineer,"Elena adjusted her headset, fingers dancing across the holographic interface.  Outside her window, the city’s traffic gridlocked under grey skies."
1978,Engineer,Write a 100 word story about a Engineer,"Eli wiped grease from his brow, staring at the clogged sediment filter in the desert town’s only water pump.  Days of failed fixes had left him exhausted."
1979,Engineer,Write a 100 word story about a Engineer,"Engineer Aris adjusted her glasses, sweat beading on her brow as the gravity stabilizer sputtered inside the derelict salvage ship *Starling’s Ghost*.  Outside the cracked viewport, solar winds howled."
1980,Engineer,Write a 100 word story about a Engineer,"Elena’s fingers traced the cracked casing of the ancient submersible, its welds failing under 300 atmospheres.  Pressure groaned like a dying leviathan against the hull."
1981,Engineer,Write a 100 word story about a Engineer,"Eli’s hands, stained with grease and coffee, trembled as he tightened the final bolt on Project Aether.  The experimental fusion core hummed—a fragile, hopeful song."
1982,Engineer,Write a 100 word story about a Engineer,"Elena knelt in the mud, rain slicking her hair, fingers tracing the cracked mainline beneath the collapsed bridge abutment.  The old pressure gauge read zero—catastrophic failure."
1983,Engineer,Write a 100 word story about a Engineer,"Elena traced the scar on her wrist—a souvenir from a short-circuit in Prototype Sigma.  Night after night, she hunched over schematics, chasing the ghost of stability."
1984,Engineer,Write a 100 word story about a Engineer,"Lena adjusted her safety goggles, the acrid tang of ozone sharp in the midnight air.  Her hands, calloused and steady, moved with practiced grace over the sparking console of *Odyssey*, the last functioning deep-space probe near the dying sun."
1985,Engineer,Write a 100 word story about a Engineer,"Every morning, Maya adjusted her glasses and tapped her worn blueprints—*finally*, the city’s stubborn water main pressure issue.  Her team huddled in the damp tunnel, steam hissing from fractured pipes."
1986,Engineer,Write a 100 word story about a Engineer,"Eli’s fingers, stained with grease and ink, danced across the blueprint.  Outside, the desert wind howled, but inside his cluttered workshop, only the steady *tick-tick-tick* of the vintage grandfather clock broke the silence."
1987,Engineer,Write a 100 word story about a Engineer,"The alarm blared—*not again*.  Aris, grease-smeared and bleary-eyed, stared at the failed quantum drive schematic glowing on her console."
1988,Engineer,Write a 100 word story about a Engineer,"Elena adjusted her safety goggles, sweat stinging her eyes.  The reactor core’s hum vibrated through the floor—unstable, *wrong*."
1989,Engineer,Write a 100 word story about a Engineer,"Arjun adjusted his cracked glasses, sweat beading on his forehead as the monsoon rain lashed the workshop.  His custom solar-desalination prototype—meant to revive his drought-stricken village—had seized mid-test."
1990,Engineer,Write a 100 word story about a Engineer,"Eli’s hands, stained with grease and etched with fine scars, danced over the *Aurora*’s failing core.  Outside, the solar storm writhed—golden tendrils snapping at the station’s hull like angry serpents."
1991,Engineer,Write a 100 word story about a Engineer,"Elena adjusted her glasses, squinting at the cracked pressure valve on the lunar rover.  Outside, Mars’ rusted plain stretched under a bruised sky."
1992,Engineer,Write a 100 word story about a Engineer,"Elena adjusted her goggles, sweat stinging her eyes as the solar array’s primary relay sparked violently.  Outside, the Martian dust storm howled, turning daylight to twilight."
1993,Engineer,Write a 100 word story about a Engineer,"Elena traced the frayed wire with trembling fingers.  The hospital’s backup generator sputtered—life-support machines whirring, then faltering."
1994,Engineer,Write a 100 word story about a Engineer,"Elias traced the crack in the bridge support with his worn finger.  Rain lashed the canyon, turning the newly poured concrete into sludge."
1995,Engineer,Write a 100 word story about a Engineer,"Eli adjusted his glasses, squinting at the flickering hologram above the cracked console.  Outside, the desert wind howled against the habitat dome—*his* dome, the first on Mars."
1996,Engineer,Write a 100 word story about a Engineer,Eli’s fingers traced the cracked brass valve on the aging water tower—his grandfather’s design.  Rain lashed the rooftop as pressure gauges screamed red.
1997,Engineer,Write a 100 word story about a Engineer,"Elena adjusted her glasses, tracing a flickering circuit on the prototype’s board.  Outside, the city hummed; inside, only the soft whine of cooling fans and her own focused breath."
1998,Engineer,Write a 100 word story about a Engineer,"Arjun adjusted his glasses, tracing a frayed wire in the flickering emergency light.  Outside, monsoon winds howled against the flood barriers—his life’s work groaning under unprecedented pressure."
1999,Engineer,Write a 100 word story about a Engineer,"Maya adjusted her safety goggles, peering into the humming reactor core.  Sweat beaded on her temple—not from heat, but from the weight of responsibility."
2000,Engineer,Write a 100 word story about a Engineer,"Dr.  Aris Thorne knelt in the dust of Mars’ Valles Marineris, his gloved fingers tracing the fractured casing of Surveyor-7."
