rowIndex,keyword,prompt,response
1,Nurse,Briefly describe a Nurse.,"A **nurse** is a healthcare professional who provides comprehensive patient care under the guidance of physicians and other medical staff.  Key responsibilities include:

- Monitoring patients' conditions (vital signs, symptoms)
- Administering medications and treatments
- Performing wound care and hygiene
- Educating patients on health management
- Advocating for patients' needs and rights
- Coordinating with doctors, specialists, and family members

Nurses work across hospitals, clinics, long-term care facilities, and community settings."
2,Nurse,Briefly describe a Nurse.,"A **nurse** is a trained healthcare professional who provides direct patient care.  Key responsibilities include:

- **Monitoring** patients' vital signs and condition changes
- **Administering** medications and treatments
- **Assisting** with daily activities (bathing, feeding, mobility)
- **Educating** patients and families about health management
- **Collaborating** with doctors to implement care plans

Nurses work across hospitals, clinics, long-term care facilities, and community settings."
3,Nurse,Briefly describe a Nurse.,"A **Nurse** is a trained healthcare professional who provides direct patient care in hospitals, clinics, and other medical settings.  Key responsibilities include:

- Monitoring patients' health conditions (vital signs, symptoms)
- Administering medications and treatments
- Assisting with daily activities (bathing, feeding, mobility)
- Performing clinical procedures under supervision
- Educating patients and families on care plans
- Supporting doctors and other medical staff in diagnosis and treatment

Nurses are essential to healthcare teams, bridging the gap between technical medicine and compassionate patient care."
4,Nurse,Briefly describe a Nurse.,"A nurse is a trained healthcare professional who provides patient care across various settings—hospitals, clinics, long-term facilities, and more.  Key responsibilities include monitoring patients' conditions, administering medications, performing medical procedures, maintaining health records, and offering emotional support to patients and families."
5,Nurse,Briefly describe a Nurse.,"A **nurse** is a licensed healthcare professional who provides patient care under the supervision of doctors and other medical staff.  Their core responsibilities include:

- Monitoring patients' conditions (vital signs, symptoms)
- Administering medications and treatments
- Providing emotional support and health education
- Assisting with daily activities (hygiene, feeding, mobility)
- Documenting patient records and communicating updates to the care team

Nurses work across various settings—hospitals, clinics, long-term care facilities—and are essential to bridging medical treatment and holistic patient well-being."
6,Nurse,Briefly describe a Nurse.,"A **nurse** is a licensed healthcare professional who provides patient-centered care across settings such as hospitals, clinics, and community health centers.  Key responsibilities include:

- Assessing patients' conditions and monitoring vital signs
- Administering medications and treatments
- Educating patients and families on health management
- Coordinating with doctors and other medical staff
- Providing emotional support and comfort

Nurses play a critical role in the healthcare system, working under various specializations (e."
7,Nurse,Briefly describe a Nurse.,"A nurse is a trained healthcare professional who provides care to patients in various settings—hospitals, clinics, long-term care facilities, and communities.  Their core responsibilities include:

- **Monitoring health status** — assessing vital signs, symptoms, and responding to changes in condition."
8,Nurse,Briefly describe a Nurse.,"A nurse is a trained healthcare professional who provides essential medical care to patients across various settings—hospitals, clinics, home care, and more.  Their core responsibilities include:

- **Monitoring patient health** — checking vital signs, observing symptoms, and tracking recovery progress."
9,Nurse,Briefly describe a Nurse.,"**Nurse**

A nurse is a licensed healthcare professional responsible for patient care across various healthcare settings — hospitals, clinics, long-term facilities, and community health centers.  Key duties include:

- **Direct care**: Monitoring patients' conditions, administering medications, managing wounds, and assisting with daily activities."
10,Nurse,Briefly describe a Nurse.,"A **nurse** is a healthcare professional who provides care and support to patients in various settings, including hospitals, clinics, community health centers, and residential facilities.  Their responsibilities include:

- Monitoring patient conditions (vital signs, symptoms)
- Administering medications and treatments
- Assisting with daily activities (bathing, feeding, mobility)
- Educating patients and families about health management
- Collaborating with doctors and other medical staff to develop care plans
- Documenting patient histories and progress

Nurses work under different scopes depending on their level of training—from licensed practical nurses (LPNs/LVNs) to registered nurses (RNs) and nurse practitioners (NPs)."
11,Nurse,Briefly describe a Nurse.,"A **nurse** is a licensed healthcare professional who provides patient care under the direction of physicians or other medical providers.  Key responsibilities include:

- Monitoring patients' conditions (vital signs, symptoms)
- Administering medications and treatments
- Performing clinical procedures (wound care, IVs, catheterization)
- Educating patients and families on health management
- Coordinating with the broader healthcare team to ensure continuity of care

Nurses work across diverse settings — hospitals, clinics, community health centers, long-term care facilities, and more."
12,Nurse,Briefly describe a Nurse.,"A nurse is a trained healthcare professional who provides comprehensive patient care in hospitals, clinics, and community settings.  Their core responsibilities include:

- **Monitoring** patients' vital signs and condition changes
- **Administering medications** and treatments per medical orders
- **Performing clinical procedures** (wound care, IVs, catheterization)
- **Educating** patients and families about health management
- **Advocating** for patient needs and rights

Nurses work across specialties—emergency, surgical, pediatric, mental health—and serve as a critical bridge between medical teams and patients."
13,Nurse,Briefly describe a Nurse.,"A nurse is a healthcare professional who provides direct patient care in hospitals, clinics, and other medical settings.  Key responsibilities include:

- **Patient monitoring** – tracking vital signs, symptoms, and recovery progress
- **Medication administration** – safely giving prescribed treatments
- **Clinical procedures** – wound care, IV therapy, specimen collection, etc."
14,Nurse,Briefly describe a Nurse.,"A **nurse** is a healthcare professional who provides patient care in hospitals, clinics, and other medical settings.  Their core responsibilities include:

- **Monitoring patients** — checking vital signs, symptoms, and overall condition
- **Administering medications** and treatments as prescribed by physicians
- **Performing clinical tasks** such as wound care, injections, IV therapy, and specimen collection
- **Supporting recovery** through education, emotional support, and coordinating with the broader healthcare team

Nurses work under varying levels of supervision (e."
15,Nurse,Briefly describe a Nurse.,"A **nurse** is a licensed healthcare professional who provides care to patients across various settings — hospitals, clinics, homes, and communities.  Key responsibilities include:

- **Assessing** patients' physical and emotional needs
- **Administering medications** and treatments
- **Monitoring** vital signs and recovery progress
- **Educating** patients and families about health management
- **Collaborating** with doctors and other healthcare staff

Nurses bridge clinical care and patient advocacy, ensuring individuals receive compassionate, evidence-based treatment while supporting overall wellness."
16,Nurse,Briefly describe a Nurse.,"A nurse is a healthcare professional who provides patient care in hospitals, clinics, and other medical settings.  Their core responsibilities include monitoring patients' conditions, administering medications, performing treatments, educating patients about their health, and offering emotional support to both patients and families."
17,Nurse,Briefly describe a Nurse.,"A **nurse** is a healthcare professional who provides direct patient care.  Key responsibilities include:

- Administering medications and treatments
- Monitoring patients' vital signs and conditions
- Providing emotional support and education to patients/families
- Maintaining accurate medical records
- Collaborating with doctors, specialists, and other healthcare team members

Nurses work across diverse settings — hospitals, clinics, long-term care facilities, schools, and the military."
18,Nurse,Briefly describe a Nurse.,"A **nurse** is a healthcare professional who provides patient care in hospitals, clinics, long-term care facilities, and other medical settings.  Key aspects:

- **Core role**: Assess patients, administer medication, monitor vital signs, perform procedures, educate patients on health conditions, and advocate for their well-being."
19,Nurse,Briefly describe a Nurse.,"A **nurse** is a healthcare professional responsible for providing direct patient care in hospitals, clinics, and community settings.  Key roles include:

- **Monitoring patients' conditions** — tracking vital signs, symptoms, and progress
- **Administering medications and treatments** — IVs, injections, wound care, etc."
20,Nurse,Briefly describe a Nurse.,"A nurse is a healthcare professional who provides care and support to patients.  Key responsibilities include:

- **Monitoring** patients' health conditions (vital signs, symptoms)
- **Administering** medications and treatments
- **Supporting** doctors and medical staff in diagnosis and treatment plans
- **Providing** emotional comfort and education to patients and families
- **Maintaining** hospital hygiene and safety standards

Nurses work across various settings—hospitals, clinics, long-term care facilities—and are essential members of the healthcare team."
21,Nurse,Briefly describe a Nurse.,"A **nurse** is a healthcare professional who provides care to patients, often working in hospitals, clinics, or communities.  Their responsibilities include:

- Monitoring patient health and administering treatments/medications
- Assisting doctors with procedures and diagnoses
- Educating patients on health management and recovery
- Supporting emotional well-being and advocating for patient needs
- Maintaining medical records and ensuring infection control

Nurses work across specialties (e."
22,Nurse,Briefly describe a Nurse.,"A **nurse** is a licensed healthcare professional who provides patient care across clinical settings such as hospitals, clinics, long-term care facilities, and community health centers.  Their core responsibilities include:

- **Assessing patients' conditions** — taking vital signs, monitoring symptoms, and documenting health data
- **Administering treatments** — giving medications, IV fluids, wound care, and other therapies under physician orders or independently (depending on scope of practice)
- **Educating patients and families** about diseases, treatments, lifestyle changes, and medication use
- **Coordinating care** by communicating with doctors, specialists, therapists, and social workers to ensure continuity

Nurses may work in many specialties — including emergency, surgical, pediatric, psychiatric, community health, or public health — and often serve as a critical bridge between patients and the broader healthcare system."
23,Nurse,Briefly describe a Nurse.,"A **nurse** is a healthcare professional trained to provide patient care, including monitoring health conditions, administering medications, supporting recovery, and offering emotional support.  Nurses work across hospitals, clinics, long-term care facilities, and community settings."
24,Nurse,Briefly describe a Nurse.,"A **nurse** is a healthcare professional who provides patient care, supports recovery and well-being through monitoring health conditions, administering treatments or medications, educating patients on their condition, and advocating for those they serve.  Nurses work across hospitals, clinics, long-term care facilities, home care settings, and public health organizations."
25,Nurse,Briefly describe a Nurse.,"## Nurse

A **nurse** is a healthcare professional who provides patient care in hospitals, clinics, nursing homes, and community health settings.  Key aspects:

- **Patient advocacy** — supports patients' rights and ensures their needs are met."
26,Nurse,Briefly describe a Nurse.,"A **nurse** is a licensed healthcare professional responsible for caring for patients across a range of clinical and community settings.  Key aspects include:

- **Patient care**: Monitoring vital signs, administering medications, performing treatments (wound care, IVs, etc."
27,Nurse,Briefly describe a Nurse.,"A **nurse** is a healthcare professional who provides care to patients in hospitals, clinics, or community settings.  Nurses perform a wide range of duties including:

- Monitoring patient health and administering treatments (medications, IVs, wound care)
- Assisting with daily activities like bathing, feeding, and mobility
- Communicating with doctors, families, and other healthcare team members
- Maintaining medical records and ensuring accurate documentation
- Educating patients on managing conditions or recovering from procedures

Nurses work in various specializations — critical care, pediatrics, surgery, public health, and more."
28,Nurse,Briefly describe a Nurse.,"A **nurse** is a healthcare professional who provides care to patients in hospitals, clinics, community settings, and other environments.  Their core responsibilities include:

- **Assessing patient conditions** — monitoring vital signs, symptoms, and overall health status."
29,Nurse,Briefly describe a Nurse.,"A nurse is a healthcare professional who provides patient care, administers medications, monitors vital signs, and supports the clinical team in hospitals, clinics, and other medical settings.  They work under the supervision of doctors but often make independent clinical decisions to ensure patients receive safe, effective treatment."
30,Nurse,Briefly describe a Nurse.,"A **nurse** is a healthcare professional who provides care and support to patients across various medical settings — hospitals, clinics, community health centers, and more. 

Key responsibilities include:

- Monitoring patient vitals and condition
- Administering medications and treatments
- Assisting with daily activities (bathing, feeding, mobility)
- Communicating with doctors and other healthcare staff
- Educating patients and families about care plans
- Documenting health records and observations

Nurses come in many specializations — ER, ICU, pediatrics, surgery, public health, nursing informatics, and more."
31,Nurse,Briefly describe a Nurse.,"A **nurse** is a healthcare professional who provides patient care in hospitals, clinics, long-term care facilities, and other medical settings.  Their core responsibilities include:

- Assessing patients' physical and emotional needs
- Administering medications and treatments
- Monitoring vital signs and tracking recovery progress
- Educating patients and families on health management
- Coordinating care plans with doctors and other healthcare staff
- Performing wound care, IV therapy, and basic procedures

Nurses work across various specialties — including ER, ICU, pediatrics, surgery, public health, and more."
32,Nurse,Briefly describe a Nurse.,"A nurse is a healthcare professional responsible for caring for patients' physical and emotional well-being.  Their key duties include:

- **Assessing** patients' conditions and monitoring vital signs
- **Administering** medications, treatments, and procedures
- **Providing** education to patients on health management
- **Supporting** recovery through compassionate care and advocacy

Nurses work across diverse settings—hospitals, clinics, long-term care facilities—and serve as a critical link between physicians and patients."
33,Nurse,Briefly describe a Nurse.,"A **nurse** is a healthcare professional who provides direct patient care in clinical settings such as hospitals, clinics, and long-term care facilities.  Key responsibilities include:

- Monitoring patients' vital signs and overall condition
- Administering medications and treatments
- Assisting doctors with diagnoses and care plans
- Educating patients and families about health management
- Performing hygiene and comfort care tasks (e."
34,Nurse,Briefly describe a Nurse.,"A **nurse** is a licensed healthcare professional whose primary role is to provide direct care to patients across the full spectrum of health needs:

- **Assessment & Monitoring** – checking vital signs, observing symptoms, and detecting changes in patient condition. 
- **Treatment Administration** – giving medications, performing wound care, managing IV therapy, etc."
35,Nurse,Briefly describe a Nurse.,"A **nurse** is a healthcare professional trained to care for patients across various settings — hospitals, clinics, long-term care facilities, and community health centers.  They:

- Assess patient conditions and monitor vital signs
- Administer medications and treatments under medical direction
- Provide emotional support and education to patients and families
- Collaborate with doctors, therapists, and other healthcare staff
- Maintain accurate documentation of care provided

Nurses come in many specialties (ER, ICU, pediatrics, surgery, etc."
36,Nurse,Briefly describe a Nurse.,"**Nurse**

A nurse is a licensed healthcare professional responsible for caring for patients across various clinical settings—hospitals, clinics, long-term care facilities, and more.  Key duties include:

- **Patient care**: monitoring vital signs, administering medications, providing wound care, and assisting with daily activities
- **Clinical assessment**: evaluating patient conditions, documenting health records, and reporting changes to the medical team
- **Education & advocacy**: guiding patients and families through treatment plans, answering questions, and ensuring informed decisions

Nurses work across specialties—emergency, surgical, pediatric, psychiatric, public health—and serve as a critical link between patients and physicians."
37,Nurse,Briefly describe a Nurse.,"A **nurse** is a healthcare professional who provides patient care in hospitals, clinics, and other medical settings.  Nurses monitor patients' health, administer treatments, perform medical procedures, educate patients and families about health conditions, and advocate for their well-being."
38,Nurse,Briefly describe a Nurse.,"A **nurse** is a healthcare professional who provides care and support to patients in hospitals, clinics, and other medical settings.  Key responsibilities include:

- Monitoring patient health and administering treatments/medications
- Assisting with daily activities (bathing, feeding, mobility)
- Recording medical observations and maintaining patient records
- Supporting doctors' diagnoses and treatment plans
- Educating patients on managing their conditions

Nurses work across various specialties (ER, ICU, pediatrics, surgery, etc."
39,Nurse,Briefly describe a Nurse.,"A nurse is a trained healthcare professional who provides direct patient care in hospitals, clinics, and community health settings.  Key responsibilities include:

- **Monitoring** patients' vital signs and conditions
- **Administering** medications and treatments
- **Assisting** with daily activities (bathing, feeding)
- **Providing emotional support** to patients and families
- **Collaborating** with doctors and other healthcare staff

Nurses work across various specialties—from emergency rooms to operating theaters—and play a vital role in ensuring quality patient care."
40,Nurse,Briefly describe a Nurse.,"A **nurse** is a healthcare professional who provides care to patients in hospitals, clinics, community settings, or homes.  Key aspects include:

- **Patient advocacy** — ensuring the patient's needs and rights are respected
- **Clinical care** — administering medications, monitoring vital signs, performing procedures, and managing wounds
- **Health education** — teaching patients and families about disease management, medication use, and healthy habits
- **Emotional support** — offering comfort and reassurance during illness or recovery
- **Care coordination** — communicating with doctors, therapists, and other team members to plan and deliver comprehensive treatment

Nurses work in a wide range of specialties (ER, ICU, pediatrics, surgery, public health) and operate at many skill levels from licensed practical nurses (LPNs) to advanced practice providers like nurse practitioners."
41,Nurse,Briefly describe a Nurse.,"## Nurse

A **nurse** is a trained healthcare professional whose primary role is to provide direct patient care and support the recovery process.  Key responsibilities include:

- **Patient assessment & monitoring** — checking vital signs, observing symptoms, and detecting changes in condition."
42,Nurse,Briefly describe a Nurse.,"A **nurse** is a healthcare professional responsible for providing patient care, monitoring health conditions, administering treatments and medications, and educating patients about their health needs.  Nurses work across various settings—hospitals, clinics, community health centers, long-term care facilities—and play a critical role in diagnosing, managing, and preventing illness alongside doctors and other medical staff."
43,Nurse,Briefly describe a Nurse.,"A **nurse** is a licensed healthcare professional responsible for caring for patients, monitoring their health conditions, administering treatments and medications, and providing emotional support.  Nurses work across various settings — hospitals, clinics, community care, long-term facilities — often serving as the primary point of contact between patients and the broader medical team."
44,Nurse,Briefly describe a Nurse.,"A **nurse** is a licensed healthcare professional who provides patient care across the full spectrum of health — from prevention and education to treatment and rehabilitation.  Nurses assess patients' conditions, administer medications and treatments, monitor vital signs, perform clinical procedures (e."
45,Nurse,Briefly describe a Nurse.,"A **nurse** is a healthcare professional responsible for providing direct patient care.  Key duties include:

- Monitoring patients' health status
- Administering medications and treatments
- Performing clinical procedures (e."
46,Nurse,Briefly describe a Nurse.,"**Nurse** — A healthcare professional responsible for providing direct patient care.  Nurses monitor health status, administer treatments and medications, assist with daily living activities, communicate between patients and physicians, and support emotional well-being during illness or recovery."
47,Nurse,Briefly describe a Nurse.,"A **nurse** is a healthcare professional responsible for the care and well-being of patients in hospitals, clinics, or community settings.  Key roles include:

- Monitoring patient health status and administering treatments (medications, wound care, IV therapy)
- Collaborating with physicians to develop and implement care plans
- Providing emotional support, education, and advocacy for patients and families
- Maintaining accurate medical records and communicating shifts' information

Nursing encompasses many specializations—from emergency and critical care to public health and pediatrics—and is a foundational pillar of the healthcare system."
48,Nurse,Briefly describe a Nurse.,"A **nurse** is a healthcare professional who provides care, support, and treatment to patients in various settings such as hospitals, clinics, community health centers, or long-term care facilities.  Key aspects include:

- **Patient advocacy** – acting on behalf of patients' needs and rights
- **Clinical duties** – administering medications, monitoring vital signs, performing wound care, and assisting with procedures
- **Health education** – guiding patients and families on managing conditions and healthy habits
- **Emotional support** – offering comfort and reassurance during illness or recovery

Nurses work across specialties (emergency, pediatrics, critical care, etc."
49,Nurse,Briefly describe a Nurse.,"A **nurse** is a licensed healthcare professional who provides comprehensive care to patients across various settings — hospitals, clinics, community centers, and home care environments.  Their core responsibilities include:

- **Assessing** patient conditions and monitoring vital signs  
- **Administering** medications and treatments following medical orders  
- **Providing** emotional support and health education  
- **Coordinating** with doctors, therapists, and other healthcare team members  
- **Maintaining** accurate medical records  

Nurses work across many specialties — emergency care, surgery, pediatrics, mental health, public health, and more."
50,Nurse,Briefly describe a Nurse.,"A **nurse** is a healthcare professional who provides patient care in hospitals, clinics, and other medical settings.  Nurses monitor patients' conditions, administer medications, perform treatments (such as wound care), educate patients on health management, and coordinate with doctors to ensure comprehensive care."
51,Nurse,Briefly describe a Nurse.,"A nurse is a healthcare professional trained to provide patient care across medical settings such as hospitals, clinics, and long-term facilities.  Their work encompasses:

- **Direct patient care** — monitoring vital signs, administering medications, performing procedures, and offering emotional support."
52,Nurse,Briefly describe a Nurse.,"A nurse is a licensed healthcare professional who provides direct care to patients across various settings—hospitals, clinics, community health centers, and more.  Their core responsibilities include:

- **Patient assessment & monitoring** — checking vital signs, symptoms, and overall condition."
53,Nurse,Briefly describe a Nurse.,"A **nurse** is a healthcare professional who provides patient care in hospitals, clinics, and other medical settings.  Their key responsibilities include:

- **Monitoring patients'** health status and vital signs
- **Administering medications** and treatments
- **Providing emotional support** and education to patients and families
- **Collaborating with doctors** and other healthcare team members

Nurses come in various specializations (ER, pediatrics, surgery, etc."
54,Nurse,Briefly describe a Nurse.,"A **nurse** is a healthcare professional who provides patient care under the supervision of doctors and other medical staff.  Nurses monitor patients' conditions, administer medications, perform clinical procedures (such as wound care, IV therapy, and vaccinations), educate patients on health management, advocate for their needs, and coordinate with the broader healthcare team to ensure effective treatment plans are followed."
55,Nurse,Briefly describe a Nurse.,"A **nurse** is a healthcare professional who provides care to patients in hospitals, clinics, and other medical settings.  Nurses assess patient conditions, administer treatments and medications, monitor vital signs, educate patients on health management, and support both physical and emotional recovery."
56,Nurse,Briefly describe a Nurse.,"A **nurse** is a trained healthcare professional who provides patient care, including assessments, treatments, education, and advocacy.  Their responsibilities include:

- Monitoring patients' conditions and administering medications
- Performing clinical procedures (wound care, IVs, etc."
57,Nurse,Briefly describe a Nurse.,"A nurse is a trained healthcare professional who provides direct patient care across various settings — hospitals, clinics, long-term care facilities, and more.  Their core responsibilities include:

- **Monitoring** patients' health conditions and vital signs
- **Administering** medications and treatments
- **Supporting** doctors' treatment plans with clinical observations
- **Educating** patients and families about care needs
- **Providing** emotional support to patients and loved ones

Nurses work under different specializations — registered nurses (RNs), licensed practical nurses (LPNs/LVNs), nurse practitioners, and others — each with varying scopes of practice."
58,Nurse,Briefly describe a Nurse.,"A **nurse** is a healthcare professional who provides direct patient care in hospitals, clinics, long-term care facilities, and community settings.  Key responsibilities include:

- **Monitoring patients'** vital signs and condition changes
- **Administering medications** and treatments
- **Providing emotional support** and comfort to patients and families
- **Educating patients** about their health conditions and self-care
- **Coordinating with doctors, therapists, and other healthcare team members**

Nurses work in many specialties (critical care, pediatrics, surgery, public health, etc."
59,Nurse,Briefly describe a Nurse.,"A nurse is a licensed healthcare professional who provides patient care across various settings including hospitals, clinics, and community centers.  Key responsibilities include:

- **Patient monitoring** — tracking vital signs, symptoms, and overall condition
- **Medication administration** — giving drugs per prescribed dosages and schedules
- **Clinical procedures** — performing wound care, IV therapy, lab draws, etc."
60,Nurse,Briefly describe a Nurse.,"A nurse is a healthcare professional who provides care to sick or injured people in various medical settings like hospitals, clinics, and long-term care facilities.  Their responsibilities include monitoring patients' health conditions, administering medications, performing medical procedures, educating patients about their illnesses, and offering emotional support to both patients and families."
61,Nurse,Briefly describe a Nurse.,"A **Nurse** is a licensed healthcare professional who provides patient care across clinical settings such as hospitals, clinics, long-term care facilities, and community health centers.  Their core responsibilities include:

- **Monitoring patients'** vital signs, symptoms, and responses to treatment
- **Administering medications**, wound care, IV therapy, and other clinical procedures
- **Collaborating with physicians** and the healthcare team to develop and implement care plans
- **Educating patients and families** about conditions, treatments, and self-care
- **Advocating for patients'** rights, comfort, and safety

Nurses work in various specialties (e."
62,Nurse,Briefly describe a Nurse.,"A nurse is a healthcare professional who provides direct patient care in medical settings such as hospitals, clinics, and long-term care facilities.  Key responsibilities include:

- Monitoring patients' health conditions and administering treatments or medications
- Collaborating with doctors to develop and implement care plans
- Educating patients and families about health management
- Documenting patient information for continuity of care

Nurses work across various specialties (e."
63,Nurse,Briefly describe a Nurse.,"A **nurse** is a healthcare professional who provides patient care in hospitals, clinics, and other medical settings.  Nurses assess patients' conditions, administer medications, monitor vital signs, educate patients on health management, and collaborate with doctors and other staff to develop treatment plans."
64,Nurse,Briefly describe a Nurse.,"A **nurse** is a licensed healthcare professional whose primary role is to provide care and support to patients in hospitals, clinics, or community settings.  Key responsibilities include:

- **Administering treatments** (medications, IVs, wound care)
- **Monitoring patient conditions** and reporting changes to physicians
- **Performing clinical procedures** (vital signs, catheterization, etc."
65,Nurse,Briefly describe a Nurse.,"A nurse is a licensed healthcare professional responsible for the direct care of patients in hospitals, clinics, long-term care facilities, and community health settings.  Key aspects include:

- **Patient Care**: Assessing health conditions, administering medications, monitoring vital signs, performing procedures (IVs, wound care), and providing comfort/emotional support."
66,Nurse,Briefly describe a Nurse.,"A **nurse** is a healthcare professional who provides patient care in hospitals, clinics, and other medical settings.  Their duties include:

- Monitoring patients' vital signs and health status
- Administering medications and treatments
- Assisting with daily activities (bathing, eating, mobility)
- Communicating between doctors and patients/families
- Maintaining accurate medical records
- Providing emotional support and education on health conditions

Nurses work under the supervision of physicians but play a critical role in patient recovery and overall healthcare delivery."
67,Nurse,Briefly describe a Nurse.,"A nurse is a trained healthcare professional who provides direct patient care in hospitals, clinics, and other medical settings.  Key responsibilities include:

- Monitoring and assessing patient health conditions
- Administering medications and treatments
- Performing medical procedures (e."
68,Nurse,Briefly describe a Nurse.,"A **nurse** is a licensed healthcare professional who provides direct patient care.  Key responsibilities include:

- **Monitoring health conditions** — checking vital signs, symptoms, and recovery progress
- **Administering medications** and treatments as prescribed by physicians
- **Assisting with daily activities** like bathing, eating, and mobility for patients who need it
- **Educing patients and families** about their condition and care plans
- **Coordinating healthcare teams** — serving as a communication bridge between doctors, specialists, and support staff

Nurses work in hospitals, clinics, long-term care facilities, schools, homes, and public health settings."
69,Nurse,Briefly describe a Nurse.,"A **nurse** is a healthcare professional who provides direct patient care in hospitals, clinics, and community settings.  Key responsibilities include:

- Monitoring patients' conditions and vital signs
- Administering medications and treatments
- Performing clinical procedures (e."
70,Nurse,Briefly describe a Nurse.,"A nurse is a healthcare professional who provides care to patients across various settings—hospitals, clinics, homes, or community centers.  Key responsibilities include:

- **Monitoring health** — checking vitals, symptoms, and overall condition
- **Administering treatments** — medications, wound care, IV therapy
- **Supporting doctors' plans** — implementing treatment protocols under medical supervision
- **Educating patients/families** — teaching about conditions, medication, and self-care
- **Providing emotional support** — offering comfort and reassurance during illness or recovery

Nurses work across specialties (ICU, ER, pediatrics, surgery, etc."
71,Nurse,Briefly describe a Nurse.,"A **nurse** is a healthcare professional who provides direct care to patients in hospitals, clinics, community settings, or home environments.  Key responsibilities include:

- Monitoring patient health and vitals
- Administering medications and treatments
- Assisting with medical procedures (e."
72,Nurse,Briefly describe a Nurse.,"A **nurse** is a healthcare professional who provides care to patients in hospitals, clinics, and other medical settings.  Their responsibilities include administering medications, monitoring vital signs, assisting doctors with procedures, educating patients on health management, and offering emotional support during illness or recovery."
73,Nurse,Briefly describe a Nurse.,"A **nurse** is a healthcare professional who provides direct patient care, including monitoring health conditions, administering medications, performing medical procedures, educating patients and families, and advocating for their needs.  Nurses work in hospitals, clinics, long-term care facilities, and community settings."
74,Nurse,Briefly describe a Nurse.,"A **nurse** is a healthcare professional who provides care to patients in hospitals, clinics, and other medical settings.  Their responsibilities include:

- Monitoring patient health and administering medications
- Assisting doctors with diagnoses and treatment plans
- Providing emotional support and education to patients/families
- Maintaining hygiene, wound care, and vital signs checks

Nurses work across various specialties (ER, surgery, pediatrics, mental health, etc."
75,Nurse,Briefly describe a Nurse.,"A **nurse** is a healthcare professional who provides patient care in hospitals, clinics, and other medical settings.  Key responsibilities include:

- Monitoring patients' health conditions
- Administering medications and treatments
- Performing clinical procedures (e."
76,Nurse,Briefly describe a Nurse.,"A nurse is a trained healthcare professional who provides patient care in hospitals, clinics, and other medical settings.  Key responsibilities include:

- **Monitoring** patients' conditions and vital signs
- **Administering** medications and treatments
- **Performing** clinical procedures (wound care, IVs, etc."
77,Nurse,Briefly describe a Nurse.,"A nurse is a healthcare professional who provides patient care under the direction of physicians and other medical staff.  Their responsibilities include monitoring patients' conditions, administering medications, performing procedures, educating patients about their health, maintaining medical records, and offering emotional support during illness or recovery."
78,Nurse,Briefly describe a Nurse.,"A **nurse** is a healthcare professional who provides patient care across various settings—hospitals, clinics, community health centers, and more.  Nurses assess patients' conditions, administer treatments (such as medications), monitor vital signs, educate patients on wellness or disease management, and coordinate with doctors and other staff to ensure comprehensive care."
79,Nurse,Briefly describe a Nurse.,"A **nurse** is a healthcare professional who cares for patients by monitoring their health conditions, administering medications, providing emotional support, and helping with daily activities such as bathing and eating.  Nurses work in hospitals, clinics, long-term care facilities, and community settings, often following doctors' orders while also making independent clinical judgments."
80,Nurse,Briefly describe a Nurse.,"A **nurse** is a healthcare professional who provides medical care to patients in hospitals, clinics, and other healthcare settings.  Key responsibilities include:

- Administering medications and treatments
- Monitoring patient health conditions
- Performing clinical procedures (wound care, IV insertion, etc."
81,Nurse,Briefly describe a Nurse.,"A **nurse** is a licensed healthcare professional who provides direct patient care in hospitals, clinics, or community settings.  Key responsibilities include:

- Monitoring patients' conditions and administering medications
- Assisting doctors by implementing treatment plans
- Performing clinical tasks (wound care, IVs, vital signs)
- Educating patients and families on health management

Nurses work across specialties—emergency, ICU, pediatrics, operating rooms—and typically operate in 12-hour shifts."
82,Nurse,Briefly describe a Nurse.,"A **nurse** is a healthcare professional who provides patient care in hospitals, clinics, or other medical settings.  Key responsibilities include:

- Monitoring patients' vital signs and health status
- Administering medications and treatments
- Assisting with daily activities (bathing, feeding)
- Educating patients and families on health management
- Collaborating with doctors and other healthcare team members
- Documenting patient information in medical records

Nurses are essential to the healthcare system — they bridge clinical care and compassionate support."
83,Nurse,Briefly describe a Nurse.,"A **nurse** is a healthcare professional who provides patient care across various medical settings, including hospitals, clinics, and community health centers.  Their core responsibilities include:

- Monitoring patients' conditions and administering treatments (medications, IVs, wound care)
- Collecting vital signs and maintaining accurate records
- Educating patients and families about disease management and prevention
- Collaborating with physicians and other healthcare team members
- Advocating for patient safety and rights

Nurses come in many specialties—ER, ICU, pediatrics, mental health, public health—and play a critical role in both acute care and long-term wellness."
84,Nurse,Briefly describe a Nurse.,"A **nurse** is a healthcare professional responsible for caring for patients' physical and emotional well-being.  Key roles include:

- **Monitoring health status** — checking vital signs and observing symptoms."
85,Nurse,Briefly describe a Nurse.,"A **nurse** is a healthcare professional who provides patient care under the supervision of physicians and other medical staff.  Nurses monitor patients' conditions, administer medications, perform treatments, educate patients on health management, and advocate for their needs within the healthcare system."
86,Nurse,Briefly describe a Nurse.,"A nurse is a healthcare professional responsible for providing direct patient care, including administering treatments, monitoring health conditions, and supporting recovery.  Nurses work across various settings—hospitals, clinics, long-term care facilities—and serve as a critical link between patients and the broader medical team."
87,Nurse,Briefly describe a Nurse.,"A **nurse** is a trained healthcare professional who provides patient care under the supervision of physicians.  Key responsibilities include:

- Monitoring patients' health conditions
- Administering medications and treatments
- Providing emotional support and education to patients/families
- Collaborating with doctors, specialists, and other medical staff
- Maintaining accurate medical records
- Performing clinical procedures (IVs, wound care, etc."
88,Nurse,Briefly describe a Nurse.,"A **nurse** is a healthcare professional who provides patient care in various settings such as hospitals, clinics, and communities.  Nurses:

- Assess patients' health conditions
- Administer medications and treatments
- Monitor vital signs and track recovery progress
- Educate patients and families on health management
- Collaborate with doctors and other medical staff
- Provide emotional support to patients during illness or recovery

Nurses play a critical role in the healthcare system, bridging clinical care and patient advocacy."
89,Nurse,Briefly describe a Nurse.,"A **nurse** is a licensed healthcare professional responsible for providing direct patient care.  Their duties typically include:

- Monitoring patients' conditions (vital signs, symptoms)
- Administering medications and treatments
- Assisting with medical procedures
- Educating patients and families about health management
- Documenting care in medical records
- Collaborating with doctors and other healthcare staff

Nurses work across various settings — hospitals, clinics, nursing homes, home health, and community centers."
90,Nurse,Briefly describe a Nurse.,"A nurse is a healthcare professional responsible for the care and treatment of patients in hospitals, clinics, or community settings.  Key aspects include:

- **Patient Care** — Monitoring vital signs, administering medications, providing comfort, and assisting with daily activities."
91,Nurse,Briefly describe a Nurse.,"A nurse is a trained healthcare professional responsible for the care of patients.  Their key roles include:

**Clinical duties:**
- Monitoring patient health and vital signs
- Administering medications and treatments
- Assisting with medical procedures
- Maintaining hygiene and wound care
- Keeping accurate patient records

**Support functions:**
- Working alongside physicians to implement treatment plans
- Providing emotional support to patients and families
- Educating patients about their conditions and self-care
- Advocating for patient needs and rights

Nurses work in various settings—hospitals, clinics, long-term care facilities—and may specialize in areas like emergency care, pediatrics, surgery, or community health."
92,Nurse,Briefly describe a Nurse.,"A **nurse** is a healthcare professional responsible for providing patient care, including monitoring health conditions, administering treatments, educating patients and families, and coordinating medical services.  Nurses work across various settings—hospitals, clinics, community health centers—and play a critical role in ensuring continuity of care."
93,Nurse,Briefly describe a Nurse.,"A nurse is a healthcare professional who provides care to patients in hospitals, clinics, and other medical settings.  Their responsibilities include administering medications, monitoring patient conditions, providing emotional support, educating patients and families about health, and following doctors' orders while making independent clinical judgments."
94,Nurse,Briefly describe a Nurse.,"A **nurse** is a healthcare professional who provides care to patients in hospitals, clinics, or other medical settings.  Key responsibilities include:

- Monitoring patient health and administering medications
- Assisting with daily activities (bathing, feeding, mobility)
- Collecting clinical data (vital signs, lab samples)
- Communicating updates to doctors and coordinating treatment plans
- Providing emotional support and education to patients and families

Nurses work in various specialties — emergency care, surgery, pediatrics, mental health, public health — and may hold different educational levels from licensed practical nurse (LPN) to registered nurse (RN) to advanced practice roles like nurse practitioners."
95,Nurse,Briefly describe a Nurse.,"A **nurse** is a healthcare professional responsible for the care, treatment, and support of patients in hospitals, clinics, or other medical settings.  Their core duties include:

- **Assessing patient condition** — monitoring vital signs, symptoms, and overall health status
- **Administering medications** — giving drugs by injection, oral route, IV drip, etc."
96,Nurse,Briefly describe a Nurse.,"A **nurse** is a trained healthcare professional who provides patient care, manages medical treatments, monitors health conditions, and supports recovery.  They work alongside doctors, often serving as the primary point of contact for patients in hospitals, clinics, or community settings."
97,Nurse,Briefly describe a Nurse.,"A nurse is a healthcare professional responsible for patient care across various settings—hospitals, clinics, and community health centers.  Key duties include administering medications, monitoring vital signs, performing clinical procedures (such as wound care or IV therapy), educating patients and families, maintaining medical records, and coordinating with doctors and other specialists."
98,Nurse,Briefly describe a Nurse.,"**Nurse** — A healthcare professional responsible for providing patient care, administering medications and treatments, monitoring vital signs, supporting recovery, and advocating for the well-being of patients across a range of clinical and community settings (hospitals, clinics, long-term care, etc. )."
99,Nurse,Briefly describe a Nurse.,"A **nurse** is a healthcare professional who provides care to patients in hospitals, clinics, community settings, and other environments.  Their responsibilities include:

- Monitoring patient health conditions and administering treatments (medications, IVs, wound care)
- Supporting doctors' diagnoses by collecting data and observations
- Educating patients on managing their conditions at home
- Coordinating with medical teams and family members for holistic care
- Advocating for patients' rights and needs

Nurses work across specialties such as emergency, surgical, pediatric, geriatric, psychiatric, and public health nursing."
100,Nurse,Briefly describe a Nurse.,"A **nurse** is a healthcare professional who provides care to patients in hospitals, clinics, long-term care facilities, or community settings.  Key aspects include:

- **Patient advocacy** — ensuring patients' rights and needs are met
- **Assessment & monitoring** — checking vital signs, symptoms, and recovery progress
- **Treatment administration** — giving medications, wound care, IV therapy, etc."
101,Nurse,What is an activity typically enjoyed by a Nurse?,"Nurses often enjoy activities that complement their profession—things related to wellness, learning, and balance:

1.  **Reading** – Many nurses read extensively outside of work hours, whether professional literature or fiction for relaxation."
102,Nurse,What is an activity typically enjoyed by a Nurse?,"Activities typically enjoyed by nurses include:

- **Reading** — especially medical journals, fiction, or self-improvement books
- **Volunteering** — in community health programs, hospice care, or animal shelters
- **Fitness & wellness** — running, yoga, gym workouts (nurses often value physical health)
- **Continuing education** — attending workshops, conferences, or taking online courses
- **Socializing with colleagues** — after-work gatherings, team events, or hobby groups

These reflect both professional curiosity and the desire to maintain balance outside of clinical work.."
103,Nurse,What is an activity typically enjoyed by a Nurse?,"Nurses typically enjoy activities like:

- **Reading medical literature** to stay current on treatments and best practices
- **Physical exercise** (running, yoga) — many find it relaxing after long shifts
- **Volunteering** in community health programs or with hospice organizations
- **Cooking healthy meals**, often for patients and their families
- **Socializing with colleagues** over coffee before/after shifts — a classic nursing tradition

These reflect both professional development and the personal wellness habits nurses commonly value.."
104,Nurse,What is an activity typically enjoyed by a Nurse?,"Some typical activities enjoyed by nurses outside of work:

- **Reading** — fiction, biographies, medical journals, or anything that sparks curiosity
- **Exercise & fitness** — running, yoga, gym workouts (maintaining their own health is often a priority)
- **Spending time with family and friends** — dinners, outings, holidays
- **Traveling** — exploring new places after shifts
- **Cooking & baking** — experimenting in the kitchen
- **Gardening or crafting** — creative, relaxing hobbies
- **Watching TV/movies** — unwinding during free evenings
- **Volunteering** — community service, mentoring, or advocacy work

Nurses often value balance and self-care after long, demanding shifts, so a mix of relaxation and purposeful activities is common.."
105,Nurse,What is an activity typically enjoyed by a Nurse?,"# Activities Typically Enjoyed by Nurses

Nurses, like many professionals in demanding fields, often enjoy activities that help them **decompress** and recharge:

| Category | Common Interests |
|----------|-----------------|
| 📖 Reading | Medical journals, fiction, self-help books |
| 🍳 Cooking & Baking | Trying new recipes after a long shift |
| 💪 Fitness/Yoga | Physical activity to counter long hours on feet or standing |
| 🌿 Gardening | A calming, creative outlet |
| ✈️ Traveling | Exploring new places during time off |
| 🎨 Creative hobbies | Drawing, painting, photography, crafting |
| 🧩 Puzzles & Games | Crosswords, Sudoku, board games |
| 🤝 Volunteering | Giving back in their spare time |

The most common thread? **Activities that offer mental or physical rest** after long, emotionally taxing shifts.  Many nurses also mention enjoying social gatherings with colleagues and friends as a way to unwind."
106,Nurse,What is an activity typically enjoyed by a Nurse?,"Nurses, like many professionals who spend long hours on their feet and deal with high-stakes environments, often enjoy activities that help them unwind and recharge.  Some commonly enjoyed activities include:

**Common Hobbies & Interests:**

| Activity | Why It's Popular |
|---|---|
| **Reading** (fiction, self-help, or medical journals) | Mental escape from clinical settings; many nurses read extensively to decompress |
| **Puzzles / Brain Teasers** | Satisfies the analytical mind honed through critical thinking in patient care |
| **Cooking & Baking** | Creative outlet and a way to enjoy life outside work hours |
| **Exercise & Fitness** (gym, yoga, running) | Counteracts physical demands of nursing; promotes health and stress relief |
| **Volunteering** | Aligns with the caring nature many nurses develop through their profession |
| **Traveling** | Reward for long shifts; opportunity to explore new places |
| **Gardening / Nature walks** | Calming activity that provides a contrast to fast-paced hospital environments |
| **Board games & socializing** | Fun way to connect with colleagues and friends after work |

Many nurses also find solace in journaling, photography, music, or creative arts—anything that helps them step away from the clinical world they serve."
107,Nurse,What is an activity typically enjoyed by a Nurse?,"# Activities Typically Enjoyed by Nurses

Nurses often enjoy a variety of activities that complement their profession and support their well-being:

## Professional & Educational
- **Continuing education** — attending workshops, webinars, or earning additional certifications (e. g."
108,Nurse,What is an activity typically enjoyed by a Nurse?,"Reading — particularly fiction, self-help books, or medical journals — is an activity commonly enjoyed by nurses.  After long shifts on their feet and in high-pressure environments, many nurses turn to reading as a relaxing way to unwind and recharge."
109,Nurse,What is an activity typically enjoyed by a Nurse?,"Nurses commonly enjoy several types of activities outside their professional duties:

**Top Relaxation Activities:**
- **Meditation & reading** — the most popular choices in surveys (often 60%+ of nurses)
- **Watching TV and movies** — a classic unwind activity

**Creative & Social Hobbies:**
- **Painting, drawing, crafts** (~48%)
- **Writing or journaling** (~59%)
- **Cooking recipes / baking** (~37%)

**Physical/Social Activities:**
- Walking, yoga, sports with friends
- Volunteering and community involvement

These activities help nurses decompress after demanding shifts.  The data shows a strong preference for low-stress, creative, or restorative pursuits over high-intensity entertainment."
110,Nurse,What is an activity typically enjoyed by a Nurse?,"Nurses typically enjoy a variety of activities, but some common ones include:

1.  **Reading** — Fiction in particular is widely enjoyed by nurses as a way to unwind between shifts."
111,Nurse,What is an activity typically enjoyed by a Nurse?,"Nurses typically enjoy activities like:

- **Reading** — medical journals, novels, or any good story
- **Puzzles & crosswords** — a natural fit for detail-oriented minds
- **Gardening or nature walks** — relaxing after long shifts
- **Cooking / baking** — creative outlet at home
- **Traveling** — especially when they have time off
- **Yoga, exercise, or fitness** — maintaining health and stamina
- **Volunteering & charity work** — aligned with their caring nature
- **Music, painting, or drawing** — creative hobbies
- **Spending time with family & friends**

Many nurses also find satisfaction in mentoring new graduates or joining professional nursing communities for continued learning.."
112,Nurse,What is an activity typically enjoyed by a Nurse?,"Some activities typically enjoyed by nurses include:

**Reading** — both medical literature and fiction for relaxation between shifts. 

**Gardening or outdoor time** — many nurses enjoy green spaces as a way to decompress after long hours on their feet."
113,Nurse,What is an activity typically enjoyed by a Nurse?,"Nurses commonly enjoy activities such as:

- **Reading** — fiction, medical journals, or self-improvement books
- **Puzzles & crosswords** — a mental break after shifts
- **Gardening** — nurturing plants like they care for patients
- **Cooking/baking** — creative and rewarding
- **Yoga or light exercise** — physical wellness complements their profession
- **Volunteering** — giving back through community service
- **Crafts & hobbies** — knitting, painting, photography
- **Traveling** — exploring new places when off duty

Many nurses also enjoy social activities like meeting friends, attending professional conferences, or participating in nursing support groups.."
114,Nurse,What is an activity typically enjoyed by a Nurse?,"Nurses typically enjoy a variety of activities both in and outside of work:

1.  **Reading** – Many nurses read during shifts (medical journals) or after hours (novels, self-improvement books)."
115,Nurse,What is an activity typically enjoyed by a Nurse?,"A common activity enjoyed by nurses is **reading medical journals and nursing research** — staying current on evidence-based practices, new treatments, and clinical guidelines keeps them professionally engaged and informed. 

Other frequently mentioned ones include:

- **Exercise or physical fitness** — given the physically demanding nature of bedside care, many nurses maintain active routines (yoga, walking, strength training) for both recovery and stress management."
116,Nurse,What is an activity typically enjoyed by a Nurse?,"Activities nurses commonly enjoy include:

- **Reading** — often as a way to unwind after shifts
- **Traveling** — taking breaks between or after shifts
- **Volunteering** — community health events, hospital charity drives
- **Outdoor activities** — hiking, yoga, running (helpful for managing physical demands)
- **Cooking/baking** — sometimes with colleagues during break time
- **Photography** — capturing moments from work and personal life

Nursing is demanding, so downtime pursuits tend to center on relaxation, creativity, or getting outside.."
117,Nurse,What is an activity typically enjoyed by a Nurse?,"Nurses typically enjoy activities that align with their profession and work-life balance:

**Work-related:**
- Reading medical journals or health science books
- Volunteering in community health programs
- Participating in hospital charity events

**Personal wellness:**
- Yoga, exercise, or gym workouts (especially after long shifts)
- Nature walks or outdoor activities during breaks
- Meditation and mindfulness practices

**Creative/social:**
- Reading fiction (as a mental break from clinical work)
- Gardening (popular among nurses who appreciate nurturing life)
- Art, music, photography
- Traveling with colleagues for team bonding
- Craft projects or baking

The most common answer: **nurses often enjoy reading and spending time in nature** — these provide both intellectual stimulation and a restorative break from their demanding shifts.."
118,Nurse,What is an activity typically enjoyed by a Nurse?,"Nurses often enjoy activities that help them unwind after long, emotionally demanding shifts:

1.  **Reading** – novels, magazines, or medical journals for professional growth  
2."
119,Nurse,What is an activity typically enjoyed by a Nurse?,"Nurses enjoy a variety of activities — both professional and personal:

**Professional interests:**
- **Continuing education & study** — staying current on medical advances, certifications (like ACLS/NAPLEX)
- **Advocacy & community health volunteering** — outreach programs, patient support groups
- **Mentoring preceptors or new nurses** — teaching and sharing clinical experience

**Personal life:**
- **Reading** — fiction to unwind after shifts, or medical journals for intellectual stimulation
- **Exercise & fitness** — maintaining physical health is both a personal choice and professional necessity
- **Cooking/baking** — especially appreciated after long hours on feet
- **Travel** — many nurses take advantage of flexible schedules to explore new places
- **Creative pursuits** — music, art, crafting — used as decompression from clinical stress

A lot also comes down to the shift schedule and work-life balance.  What are you asking specifically about — career planning, team bonding ideas, or just general knowledge?."
120,Nurse,What is an activity typically enjoyed by a Nurse?,"# Activities Typically Enjoyed by Nurses

Nurses often gravitate toward activities that help them unwind after physically and emotionally demanding shifts.  Common favorites include:

- **Reading** — especially fiction or self-help books to decompress
- **Cooking/baking** — a creative outlet that many find soothing
- **Yoga or stretching** — counterbalancing long hours standing on their feet
- **Hiking or outdoor activities** — getting fresh air after hospital environments
- **Spending time with family and friends** — nurses value work-life balance
- **Writing or journaling** — processing experiences from their shifts
- **Puzzles, crosswords, Sudoku** — mentally engaging but relaxing pastimes

The common thread is that these activities help them recover from the unique physical (long standing, lifting) and emotional demands of nursing."
121,Nurse,What is an activity typically enjoyed by a Nurse?,"A common activity enjoyed by nurses outside of clinical work is **reading** — many find solace and stimulation in books, whether fiction or nonfiction.  Others enjoy **yoga or fitness**, which helps counteract the physically demanding nature of nursing."
122,Nurse,What is an activity typically enjoyed by a Nurse?,"Nurses typically enjoy a variety of activities that help them unwind after their demanding shifts:

- **Reading** – Whether fiction or professional journals, many nurses read during breaks or at home to relax and learn. 
- **Exercise & fitness** – Yoga, running, or gym workouts are popular ways to maintain physical health after long days on their feet."
123,Nurse,What is an activity typically enjoyed by a Nurse?,"A common activity that nurses typically enjoy is **patient interaction** — building relationships with patients and families, providing comfort, advocacy, and emotional support alongside clinical care.  Many nurses find deep professional satisfaction in making a tangible difference in people's lives during vulnerable moments."
124,Nurse,What is an activity typically enjoyed by a Nurse?,"Activities commonly enjoyed by nurses include:

- **Reading** – many nurses are avid readers between shifts or during downtime at work. 
- **Cooking/baking** – a popular pastime for winding down after long hours."
125,Nurse,What is an activity typically enjoyed by a Nurse?,"Nurses often enjoy activities that help them relax and recharge after physically and emotionally demanding shifts.  Common ones include:

- **Reading** — fiction, self-help, or professional journals during breaks or evenings
- **Cooking/baking** — creative and satisfying way to unwind
- **Gardening** — peaceful outdoor activity that many find restorative
- **Yoga or fitness** — helpful given the physical demands of nursing
- **Traveling** — rewarding downtime away from clinical environments
- **Puzzles / crosswords** — mentally engaging pastimes for decompression
- **Volunteering** — aligns naturally with their caring, community-oriented nature

The best choice often depends on an individual nurse's schedule, interests, and stress levels."
126,Nurse,What is an activity typically enjoyed by a Nurse?,"Nurses often enjoy activities that provide mental breaks from the demands of patient care:

**Common interests:**
- **Reading** — many nurses grab books on shifts or during downtime
- **Cooking & meal prepping** — preparing nutritious meals for themselves and family after shifts
- **Traveling** — exploring new places to decompress and unwind
- **Spending time with family/friends** — especially weekends and evenings when they're home
- **Exercise & fitness** — maintaining physical health through running, yoga, or gym workouts
- **Crafts, gardening, or creative hobbies** — relaxing hands-on activities
- **Watching movies or TV series** — low-effort entertainment after long shifts

Many nurses also value **volunteering or mentoring** nursing students and new grad nurses as a meaningful way to stay connected to the profession.."
127,Nurse,What is an activity typically enjoyed by a Nurse?,"Nurses typically enjoy activities that align with their profession and personal wellness:

1.  **Professional development** – attending workshops, conferences, or pursuing certifications (e."
128,Nurse,What is an activity typically enjoyed by a Nurse?,"Activities typically enjoyed by nurses often reflect their need for:

**Physical wellness** – Hiking, yoga, swimming, or gardening (nurses stand/walk all day, so they value low-impact exercise)

**Mental decompression** – Reading fiction, puzzles, or journaling after long shifts to unwind from emotionally demanding work

**Social connection** – Meeting friends for coffee, group workouts, or community events (nursing has a strong sense of camaraderie)

**Creative outlets** – Cooking/baking, crafting, photography, or writing — activities that engage different parts of the brain from clinical work

**Travel** – Especially those with flexible shift schedules who can plan trips around their calendar

**Volunteering** – Many nurses enjoy giving back to community causes, which aligns naturally with their profession

The common thread: nurses tend to favor activities that are restorative and help them recharge after physically and emotionally taxing shifts.."
129,Nurse,What is an activity typically enjoyed by a Nurse?,"Nurses often enjoy **reading** — whether it's fiction during their commute or downtime between shifts, or professional journals to stay current on best practices. 

Other common activities nurses enjoy include:

- **Volunteering** at community health events or charity drives
- **Yoga and fitness**, as a way to recover after physically demanding shifts
- **Gardening**, which serves as a calming hobby outside of clinical settings
- **Cooking/baking**, often for family, friends, or patients
- **Traveling** during their time off between shift schedules

The most universally relatable answer: **reading**."
130,Nurse,What is an activity typically enjoyed by a Nurse?,"This seems like either a casual question or possibly a riddle — the phrasing ""typically enjoyed by"" suggests wordplay rather than a literal question about nursing preferences. 

If it's meant as a riddle, common answers include:

- **Playing Doctor** (a children's game where kids take turns being nurses/doctors)
- **Tag** (some riddles play on the idea of nurses running around in uniforms catching patients)

If you're asking literally — what nurses typically enjoy doing outside work — that could be reading, exercising, spending time with family, or pursuing hobbies like cooking, painting, etc."
131,Nurse,What is an activity typically enjoyed by a Nurse?,"Nurses often enjoy:

1.  **Volunteering & Charitable Work** — Many nurses are drawn to helping others outside their clinical setting (food banks, shelters, community health outreach)."
132,Nurse,What is an activity typically enjoyed by a Nurse?,"Nurses typically enjoy activities that complement their patient-centered, caring nature and help them decompress from emotionally demanding work:

| Category | Examples |
|----------|----------|
| **Creative** | Reading (fiction & medical journals), painting, writing, crafting/knitting |
| **Physical** | Yoga, hiking, swimming, running — activities that rebuild energy after long shifts |
| **Social** | Volunteering at community clinics or food banks, joining book clubs or support groups |
| **Relaxing** | Gardening, cooking/baking, puzzle solving (crosswords, Sudoku), listening to music/podcasts |

A particularly common one is **reading** — many nurses use it both as a hobby and as professional development (medical literature, nursing research).  Others find that **volunteering** gives them purpose outside their paid work."
133,Nurse,What is an activity typically enjoyed by a Nurse?,"Nurses commonly enjoy several activities that fit well with their demanding yet flexible lifestyles:

**Popular Activities:**

- **Reading** — Many nurses read books, medical journals, or e-books during breaks or commutes
- **Walking/Exercise** — Physical fitness is important given the physical demands of nursing
- **Yoga/Meditation** — Helps manage stress from emotionally taxing work
- **Cooking/Baking** — Comfort food after long shifts; baking breads and desserts are especially popular
- **Puzzles & Crosswords** — Popular during downtime in hospital settings
- **Knitting/Crafts** — Hand activities done while waiting between patients
- **Traveling** — Flexible schedules allow nurses to explore new destinations
- **Gardening** — Stress relief and connection to nature
- **Photography** — Capturing moments at home or with colleagues

The most commonly cited hobbies include reading, cooking, exercising, puzzles, and travel.."
134,Nurse,What is an activity typically enjoyed by a Nurse?,"Nurses, like many people, enjoy a wide variety of activities in their personal time.  Some commonly mentioned ones include:

- **Reading** — often during breaks or commutes; nursing literature, fiction, and nonfiction alike
- **Gardening** — a popular hobby for relaxation and creativity
- **Cooking / baking** — making meals at home after long shifts
- **Traveling** — exploring new places to unwind
- **Yoga / fitness** — staying active and managing stress
- **Music** — listening, playing instruments, or singing
- **Photography** — capturing moments with family or scenery
- **Volunteering** — giving back in the community (distinct from clinical work)
- **Socializing** — spending time with friends and family

Of course, every nurse is different."
135,Nurse,What is an activity typically enjoyed by a Nurse?,"Nurses typically enjoy activities that fit around their demanding schedules:

1.  **Reading** — Many nurses love books, especially fiction and self-help, as it's easy to do during downtime or commutes."
136,Nurse,What is an activity typically enjoyed by a Nurse?,"A nurse is often associated with being active and health-conscious, so here are activities they typically enjoy:

1.  **Sports & Fitness** — Running, yoga, swimming, or team sports (many nurses stay physically fit)."
137,Nurse,What is an activity typically enjoyed by a Nurse?,"Some activities nurses typically enjoy include:

- **Reading** — medical journals, novels, or anything that keeps the mind sharp
- **Gardening** — a popular hobby for many healthcare workers
- **Cooking and baking** — creating comfort food to unwind after shifts
- **Yoga and exercise** — staying physically active is especially appealing given their demanding jobs
- **Puzzles and crosswords** — good mental stimulation during downtime
- **Volunteering** — many nurses are drawn to giving back in community settings
- **Socializing with colleagues** — sharing stories from shifts builds bonds
- **Watching TV/movies** — a classic after-work relaxation activity

The best activities often depend on whether they're doing them at home or trying to find moments during work.."
138,Nurse,What is an activity typically enjoyed by a Nurse?,"A nurse, much like any other professional, enjoys a variety of leisure activities in their free time.  Common ones include:

- **Reading** – many nurses read books or e-books for relaxation after shifts."
139,Nurse,What is an activity typically enjoyed by a Nurse?,"Nurses often enjoy activities that complement their caring nature and active lifestyle:

**Outdoor & Active:**
- Hiking, running, or cycling — staying physically fit to handle demanding shifts
- Gardening — nurturing growth parallels patient care

**Creative/Intellectual:**
- Reading (medical journals, fiction, wellness books)
- Photography — capturing life moments
- Cooking/baking — preparing nutritious meals for self and others

**Community-Oriented:**
- Volunteering at shelters or community events
- Teaching or mentoring new nurses/students
- Participating in health fairs or wellness programs

**Relaxation & Wellness:**
- Yoga or meditation (often after long shifts)
- Travel — decompressing between assignments
- Music, art, or writing as creative outlets

Many nurses gravitate toward activities that involve helping others, staying active, and finding moments of calm after intense work periods.."
140,Nurse,What is an activity typically enjoyed by a Nurse?,"Nurses typically enjoy a variety of relaxing and fulfilling activities, such as:

- **Reading** — often considered the top choice; it's calming and mentally stimulating
- **Puzzles & crosswords** — engaging brain work after long shifts
- **Gardening or nature walks** — great for mental reset
- **Cooking/baking** — creative outlet, especially weekend hobby
- **Photography** — capturing moments, a popular leisure pursuit
- **Writing/journaling** — processing experiences and emotions
- **Exercise/yoga** — physical recovery after demanding work
- **Volunteering at hospitals/clinics** — meaningful use of skills

Among these, **reading** is widely cited as the most common post-shift activity nurses enjoy.."
141,Nurse,What is an activity typically enjoyed by a Nurse?,"Nurses often enjoy activities that help them unwind after demanding shifts.  Common ones include:

- **Reading** — fiction during breaks or evenings at home
- **Cooking and baking** — a creative outlet after work
- **Spending time with family and friends** — social connection is important
- **Traveling** — decompressing in new places
- **Volunteering** — many nurses find personal fulfillment in community service
- **Exercise or yoga** — physical activity helps manage stress
- **Crafts, gardening, painting** — creative hobbies
- **Music and podcasts** — background entertainment during downtime

The specifics vary by person, but the common thread is finding balance and relaxation outside of clinical duties."
142,Nurse,What is an activity typically enjoyed by a Nurse?,"Nurses typically enjoy a variety of activities outside their profession, including:

- **Reading** — many nurses unwind with books after long shifts at work
- **Cooking or baking** — creative and relaxing pastimes
- **Walking or exercising** — staying physically active to maintain health in a demanding job
- **Puzzles/crosswords** — mentally stimulating activities during downtime
- **Gardening** — peaceful and rewarding hobby time
- **Watching TV/movies** — classic leisure entertainment
- **Volunteering** — giving back to the community

These are common hobbies that help nurses decompress from their high-responsibility work environment.."
143,Nurse,What is an activity typically enjoyed by a Nurse?,"Nurses typically enjoy a variety of activities that help them unwind after demanding shifts:

**Common hobbies:**
- Reading books or magazines during breaks
- Watching TV shows or movies in the evening
- Cooking or baking (often with limited time)
- Exercise, yoga, or gym workouts
- Gardening or crafting
- Volunteering at community events
- Puzzles and board games

**Work-related interests:**
- Professional development workshops
- Medical conferences
- Online learning platforms (Coursera, Khan Academy)
- Nursing forums and discussion groups

The specific activities depend on the nurse's personal interests, shift schedule, and available time.  Many nurses choose hobbies that can be done during short breaks or in their spare evenings/weekends."
144,Nurse,What is an activity typically enjoyed by a Nurse?,"A nurse might enjoy many things — much like anyone else! Some commonly cited ones include:

* **Reading** – quiet downtime after shifts. 
* **Volunteering** – giving back to the community."
145,Nurse,What is an activity typically enjoyed by a Nurse?,"Some activities nurses commonly enjoy outside of their demanding work include:

**Reading & Learning** — Medical journals, fiction, or self-help books (many nurses report reading as a primary relaxation activity). 

**Exercise & Wellness** — Yoga, running, gym workouts, or meditation to decompress after long shifts."
146,Nurse,What is an activity typically enjoyed by a Nurse?,"Nurses, like many professionals, enjoy a wide variety of activities — but some are particularly common:

- **Reading** — fiction, medical journals, or self-improvement books
- **Traveling** — exploring new places to decompress after shifts
- **Cooking/baking** — a creative outlet and comfort activity
- **Volunteering/humanitarian work** — aligns with their caring nature
- **Exercise/yoga** — maintaining physical health after long standing hours
- **Spending time with family and friends** — recharging socially
- **Creative hobbies** — writing, painting, crafting

Would you like me to explore any of these in more detail?."
147,Nurse,What is an activity typically enjoyed by a Nurse?,"Nurses, like many professionals, enjoy a variety of leisure activities during their off time.  Common ones include:

- **Reading** — fiction books, medical journals, or news on breaks
- **Exercise & sports** — walking, running, yoga to stay physically fit
- **Traveling** — exploring new places and cultures
- **Cooking/baking** — preparing meals at home
- **Spending time with family & friends** — socializing and relaxing
- **Watching movies/TV shows** — entertainment during downtime
- **Hobbies** — gardening, knitting, crafting, photography
- **Music listening** — a simple way to unwind
- **Volunteering** — giving back in the community

The most typical answer is probably **reading** or **traveling**, as these are frequently cited among nurses' preferred activities."
148,Nurse,What is an activity typically enjoyed by a Nurse?,"Nurses, like many busy professionals, often pursue a variety of interests in their free time.  Common activities they typically enjoy include:

1."
149,Nurse,What is an activity typically enjoyed by a Nurse?,"# Activities Typically Enjoyed by Nurses

Outside of their demanding shifts, nurses often enjoy activities that help them unwind and recharge:

## Popular Hobbies

| Activity | Why It Appeals |
|----------|---------------|
| **Reading** | Quiet relaxation after long clinical hours |
| **Cooking/Baking** | Creative outlet to decompress |
| **Yoga/Meditation** | Physical wellness that complements their health focus |
| **Gardening** | Peaceful, rewarding nature connection |
| **Music** | Listening or playing instruments for stress relief |
| **Travel** | Exploring new places (though scheduling can be tricky with shifts) |
| **Puzzles/Crosswords** | Mental stimulation and downtime filler |

## Why These Activities?

Nurses often seek hobbies that:
- Offer a clear mental break from clinical responsibilities
- Provide physical relaxation to counter work-related stress
- Are flexible enough to fit around shift schedules
- Help maintain the empathy and patience they use professionally."
150,Nurse,What is an activity typically enjoyed by a Nurse?,"Nurses, like many professionals in healthcare, tend to enjoy a variety of activities — both as personal hobbies and ways to unwind after demanding shifts.  Some common ones include:

- **Reading** – Many nurses read for stress relief, whether fiction or professional journals
- **Fitness/yoga/running** – Physical activity is popular due to the active nature of nursing work
- **Traveling** – Often enjoyed during time off or between shifts
- **Cooking/baking** – A common creative outlet after long hours on their feet
- **Volunteering** – Aligns with the care-focused values many nurses hold
- **Music, podcasts, audiobooks** – Popular during commutes and downtime

The best answer really depends on the individual — just like any other person! 🩺📚🏃‍♀️."
151,Nurse,What is an activity typically enjoyed by a Nurse?,"Nurses are healthcare professionals who have diverse personal interests like most people — there isn't one activity uniquely defined by their profession.  Common ones include:

- **Reading** — many nurses read for relaxation or professional development
- **Exercise / yoga** — often to manage stress and stay healthy
- **Cooking** — a popular hobby after long shifts
- **Spending time with family and friends**
- **Hiking, walking, or outdoor activities**
- **Watching movies or TV shows**
- **Crafts, puzzles, or board games**

If you're looking for something specific (e."
152,Nurse,What is an activity typically enjoyed by a Nurse?,"Nurses often enjoy **reading** as a relaxing activity after their shifts — it's one of the most commonly mentioned hobbies among nurses, serving both mental decompression and intellectual stimulation.  Other popular activities include:

- **Exercise or yoga** (maintaining physical fitness)
- **Cooking or baking** (creative outlet at home)
- **Watching TV or movies** (entertainment after long shifts)
- **Gardening** (relaxing, peaceful hobby)
- **Writing or journaling** (processing experiences)

If you're looking for a single most-typical answer: **reading** is widely cited as the activity nurses enjoy most outside of work."
153,Nurse,What is an activity typically enjoyed by a Nurse?,"Nurses are known for being caring and resilient individuals — both at work and in their personal lives.  Common activities nurses enjoy include:

| Activity | Why it fits |
|---|---|
| **Yoga / Meditation** | Helps manage stress from long shifts |
| **Reading (fiction, biographies)** | Analytical minds love storytelling & learning |
| **Gardening** | A peaceful creative outlet after hospital hours |
| **Cooking / Baking** | Nurturing instinct translates to the kitchen |
| **Hiking / Walking** | Physical activity to stay healthy and unwind |
| **Photography** | Capturing moments — a natural parallel to documenting patient care |
| **Volunteering** | Many nurses enjoy giving back to communities |

If you're asking for something specific (e."
154,Nurse,What is an activity typically enjoyed by a Nurse?,"Nurses, like many professionals, enjoy a wide range of activities in their free time.  Some commonly enjoyed ones include:

**Creative & Relaxing**
- Reading (fiction, medical journals, self-help)
- Cooking and baking
- Painting, crafting, or other arts
- Gardening

**Active & Social**
- Exercise, yoga, running, or hiking
- Volunteering at community events
- Spending time with family and friends
- Traveling to new places

**Intellectual**
- Watching documentaries or educational content
- Puzzles, crosswords, or board games
- Podcasts on wellness or interesting topics

Since nursing is often physically and emotionally demanding, many nurses also value activities that help them unwind—whether that's a relaxing hobby like knitting, an active pursuit like cycling, or simply quiet time with good music."
155,Nurse,What is an activity typically enjoyed by a Nurse?,"Nurses, like anyone else, enjoy a wide range of leisure activities — there's no single ""typical"" hobby tied to the profession.  However, some common ones include:

- **Reading** — many nurses unwind with books after long shifts  
- **Cooking or baking** — preparing meals at home is a popular pastime  
- **Gardening** — growing plants and flowers after work  
- **Exercise/yoga** — staying physically active to recover from standing all day  
- **Watching TV/movies** — relaxing entertainment during downtime  
- **Traveling** — exploring new places when off duty  
- **Writing or crafting** — creative outlets for self-expression  

If you're looking for something more specific (e."
156,Nurse,What is an activity typically enjoyed by a Nurse?,"A nurse, like many healthcare professionals, often enjoys **reading** as a relaxing activity after their shifts — whether it's fiction, professional journals, or anything that helps them unwind. 

Other common pastimes include:
- **Spending time with family and friends** (many nurses value personal connections outside of work)
- **Traveling**, especially on days off
- **Cooking or baking** after a long shift
- **Exercise or fitness routines** to stay healthy
- **Watching TV/movies** as downtime entertainment

If you're asking about professional activities, nurses regularly enjoy **patient interaction and care**, which is central to their vocation."
157,Nurse,What is an activity typically enjoyed by a Nurse?,"Nurses enjoy a variety of activities both in and outside their professional lives.  Common ones include:

- **Caring for patients** — many nurses find deep satisfaction in helping others recover
- **Reading** — especially medical journals or fiction (a popular hobby during breaks)
- **Exercise** — running, yoga, or gym workouts to stay healthy physically and mentally
- **Socializing with colleagues** — debriefing, sharing stories after shifts
- **Gardening/nature walks** — a calming activity often done during downtime
- **Volunteering** — community health outreach or hospital charity events
- **Cooking/baking** — many nurses enjoy preparing meals for themselves and families
- **Continuing education** — pursuing certifications, online courses, or advanced degrees

The most universally cited passion is **patient care itself** — the sense of purpose it provides."
158,Nurse,What is an activity typically enjoyed by a Nurse?,"One activity nurses commonly enjoy is **mentoring new graduate nurses or nursing students**.  It's deeply rewarding because:

- **Continues their own learning** — teaching reinforces clinical judgment and current best practices
- **Builds professional relationships** — the healthcare environment thrives on collaboration and support
- **Fosters a sense of purpose** — helping someone grow in patient care mirrors what drew nurses to the profession in the first place

Many nurses also find satisfaction in community service, reading medical literature, or fitness activities that help them maintain the stamina needed for clinical work."
159,Nurse,What is an activity typically enjoyed by a Nurse?,"Nurses enjoy many activities outside of their demanding profession.  Common ones include:

- **Reading** — often the go-to relaxation activity after long shifts
- **Gardening** — popular among nurses as a calming hobby
- **Cooking and baking** — creative expression with tangible results
- **Exercise/fitness** — important given the physical demands of nursing work
- **Traveling** — decompresses from hospital stress
- **Puzzles, crosswords, or board games** — mental stimulation during downtime

These are typical, but individual nurses have diverse interests just like anyone else."
160,Nurse,What is an activity typically enjoyed by a Nurse?,"## Activities Typically Enjoyed by Nurses (in Personal Time)

Nurses often pursue hobbies and activities that complement their caring nature or help them decompress from physically/emotionally demanding work:

| Category | Examples |
|----------|----------|
| **Wellness & Fitness** | Yoga, Pilates, running, gym — helps maintain the physical stamina needed for long shifts |
| **Reading & Learning** | Medical journals, fiction, biographies — many nurses enjoy continuous education outside of work |
| **Creative Pursuits** | Painting, knitting, writing, photography — relaxing creative outlets after intense patient care days |
| **Gardening & Nature** | Therapeutic, calming, and rewarding — a popular stress-relief hobby |
| **Cooking/Nutrition** | Applying their health knowledge to prepare nutritious meals for family or themselves |
| **Volunteering** | Community service, mentoring, charity work — aligns with the empathetic nature of nursing |
| **Travel/Exploration** | Getting away from clinical environments, experiencing new cultures and scenery |

The most commonly cited among nurses are **reading**, **yoga/exercise**, and **volunteering** — activities that both nurture their well-being and honor their professional values.."
161,Nurse,What is an activity typically enjoyed by a Nurse?,"A common activity many nurses enjoy is **reading**.  Reading serves multiple purposes for nurses: it helps them relax after demanding shifts, supports continuous learning (especially with healthcare knowledge evolving rapidly), and provides mental stimulation during downtime."
162,Nurse,What is an activity typically enjoyed by a Nurse?,"Nurses typically enjoy activities that align with their caring nature and busy schedules:

1.  **Reading** – Medical journals, novels, or educational materials for professional development and relaxation."
163,Nurse,What is an activity typically enjoyed by a Nurse?,"# Activities Typically Enjoyed by Nurses (in Their Free Time)

Nurses often pursue these hobbies after shifts:

| Activity | Why They Enjoy It |
|----------|-------------------|
| **Reading** | Fiction, medical journals, or self-improvement books during rest periods |
| **Cooking/Baking** | Creative outlet and home comfort food preparation |
| **Exercise/Yoga** | Physical fitness to maintain their demanding profession |
| **Traveling** | Exploring new places as a mental break from clinical settings |
| **Spending time with family/friends** | Quality personal connection after long hours at work |
| **Gardening** | Relaxing outdoor activity that provides calm and green space |
| **Watching TV/Movies** | Entertainment to unwind after shifts, especially night nurses |

Many nurses also enjoy **music**, **crafts/hobbies like knitting or painting**, **volunteering**, and **meditation/mindfulness** for stress relief. 

The common theme: activities that provide a mental break from the clinical environment and help maintain work-life balance."
164,Nurse,What is an activity typically enjoyed by a Nurse?,"Nurses are healthcare professionals with diverse interests like anyone else, but some activities commonly associated with them include:

- **Reading** — medical journals, fiction, or self-help books during breaks
- **Gardening / nature walks** — many find it calming after a shift
- **Cooking / baking** — rewarding hands-on activity
- **Yoga or fitness** — staying physically fit for demanding work
- **Volunteering** — at community health events, shelters, etc. 
- **Traveling** — especially between shifts to see family and friends

There's no single ""typical"" nurse hobby — it varies widely by person, shift schedule, and personal interests."
165,Nurse,What is an activity typically enjoyed by a Nurse?,"Nurses typically enjoy a variety of activities both during and outside their work hours.  Common ones include:

- **Reading** — medical journals, novels, or poetry (many nurses are known for carrying books)
- **Puzzles & games** — crosswords, Sudoku, jigsaw puzzles
- **Gardening** — nurturing plants is a calming hobby
- **Exercise & fitness** — yoga, running, or gym workouts to manage physical demands of the job
- **Cooking & baking** — especially for home-cooked meals after long shifts
- **Travel** — exploring new places when time and budget allow
- **Volunteering** — community health outreach or supporting other charitable causes

The choice often depends on personality, shift schedule, and personal interests."
166,Nurse,What is an activity typically enjoyed by a Nurse?,"Nurses, like many healthcare professionals, often enjoy activities that help them unwind after long shifts and manage stress:

**Common leisure pursuits:**

- **Reading** — fiction for escapism or medical journals to stay current
- **Gardening** — a calming outdoor activity after busy hospital hours
- **Cooking/baking** — creative outlet and a way to relax at home
- **Yoga or meditation** — stress management and physical recovery
- **Hiking/outdoor exercise** — physical activity that promotes well-being
- **Puzzles, crosswords, brain games** — mental stimulation during downtime
- **Music listening** — relaxation after emotionally demanding shifts

**Professional-related enjoyment:**

- **Volunteering at community health events** — using their skills outside the hospital setting
- **Teaching or mentoring** new nurses or students — many find teaching rewarding and intellectually stimulating

The exact mix varies by individual, but these reflect common patterns in how nurses spend their personal time.."
167,Nurse,What is an activity typically enjoyed by a Nurse?,"A Nurse typically enjoys **reading** — whether it's medical journals to stay current with practice, or fiction and self-help books during downtime between shifts. 

Other commonly enjoyed activities include:
- 🏃‍♀️ **Exercise/Yoga** — for stress relief after long shifts
- 🧩 **Puzzles/Crosswords** — popular mental breaks
- 🌿 **Gardening** — relaxing and rewarding
- 👨‍👩‍👧‍👦 **Volunteering/Community service** — aligns with their caring nature
- ✈️ **Traveling** — many nurses save for trips after shifts

Would you like me to search for more specific or current information on this topic?."
168,Nurse,What is an activity typically enjoyed by a Nurse?,"A common activity nurses enjoy is **reading** — whether fiction, non-fiction, or even medical journals — often as a relaxing way to decompress after long shifts. 

Other popular ones include:
- **Puzzles/crosswords** (stress relief)
- **Gardening** (calming, creative)
- **Cooking/baking**
- **Yoga or meditation** (for burnout prevention)
- **Traveling** to unwind from routine

It depends on the individual nurse — but after hours of standing and patient care, something low-energy and mentally engaging tends to win out."
169,Nurse,What is an activity typically enjoyed by a Nurse?,"Nurses typically enjoy activities like **reading**, **walking or hiking** (great stress relief after long shifts), **cooking/baking**, **yoga**, and **volunteering**.  Many also find relaxation in **gardening**, **watching movies/TV**, or simply getting creative projects done on their days off."
170,Nurse,What is an activity typically enjoyed by a Nurse?,"Nurses often enjoy activities that help them recharge and unwind after clinical shifts.  Common ones include:

- **Reading** — fiction, health literature, or even puzzle books during breaks
- **Cooking and baking** — a popular way to relax at home
- **Traveling** — many nurses save up trips between rotations or holidays
- **Exercise / yoga** — staying physically active is important in their profession
- **Spending time with family and friends** — quality personal time away from work
- **Volunteering or community service** — using compassion outside the hospital setting

The specific choice usually depends on whether they're looking for a quick break at work (puzzles, reading) or something more substantial after shift."
171,Nurse,What is an activity typically enjoyed by a Nurse?,"Nurses often enjoy activities that help them relax and recharge after demanding shifts.  Common ones include:

- **Reading** — medical journals, fiction, or non-fiction books
- **Exercise & fitness** — yoga, running, gym workouts
- **Cooking & baking** — preparing meals at home
- **Socializing** — time with friends and family
- **Traveling** — exploring new places during breaks
- **Creative hobbies** — painting, crafting, gardening

The specific choice depends on personal interests, but many nurses value downtime after long shifts."
172,Nurse,What is an activity typically enjoyed by a Nurse?,"Nurses often enjoy activities that help them decompress after long, emotionally demanding shifts.  Common ones include:

**Relaxation & Self-care**
- Reading (fiction or medical journals)
- Meditation and mindfulness
- Bathing with essential oils, skincare routines
- Yoga, Pilates, or other exercise

**Creative & Hands-on**
- Cooking or baking
- Gardening
- Drawing, painting, photography
- Playing music or singing

**Social & Community**
- Volunteering
- Board games and puzzles
- Traveling to recharge
- Attending support groups or professional conferences

**Intellectual**
- Writing (diaries, blogs, articles)
- Puzzles (crosswords, Sudoku)
- Watching documentaries or educational content

The choice often depends on whether the nurse needs active decompression (exercise, creative hobbies) or quiet reflection (reading, meditation)."
173,Nurse,What is an activity typically enjoyed by a Nurse?,"Nurses are known for being active and caring individuals both professionally and personally.  Some common activities they typically enjoy include:

**Physical/Active:**
- Running, yoga, or gym workouts (balancing long shifts on their feet)
- Hiking or outdoor walks during breaks

**Creative/Mindful:**
- Reading — many nurses love books as a way to unwind after patient care
- Knitting, drawing, or other crafts

**Social/Community:**
- Volunteering in community health programs (aligning with their caregiving values)
- Board games or social gatherings with friends and family

**Nature-Based:**
- Gardening — nurturing plants parallels nurturing patients
- Birdwatching or nature photography (a fun, observational hobby)

The most widely cited one is **reading**, as it's accessible during short breaks, promotes mental recovery, and many nurses share book recommendations on social media."
174,Nurse,What is an activity typically enjoyed by a Nurse?,"A common activity enjoyed by nurses both professionally and personally is **spending quality time with patients** — many find deep satisfaction in building trust, providing comfort, and making meaningful connections during care.  

Outside of work, nurses often enjoy:
- **Reading** (medical journals or fiction)
- **Puzzles & crosswords** (great stress relief after long shifts)
- **Gardening** (relaxing and therapeutic)
- **Volunteering** (aligns with their caring nature)

Would you like me to explore any of these in more detail, or is this related to a specific coding task?."
175,Nurse,What is an activity typically enjoyed by a Nurse?,"Nurses often enjoy activities that align with their values—caring, growth, and community—alongside maintaining physical stamina for the demanding nature of the job.  Common ones include:

1."
176,Nurse,What is an activity typically enjoyed by a Nurse?,"# Activities Nurses Typically Enjoy

Nurses are often drawn to activities that support their well-being and complement their caring nature:

| Category | Examples |
|----------|----------|
| **Physical wellness** | Yoga, gym, running, stretching — staying fit is important for demanding shifts |
| **Creative/hobby** | Painting, knitting, photography, gardening |
| **Reading & learning** | Medical journals, fiction, audiobooks during commutes |
| **Social** | Board games, card games with colleagues, coffee breaks, community events |
| **Service-oriented** | Volunteering at health fairs, mentoring nursing students, charity runs |

---

> 🏥 One popular answer to this trivia-style question: **Yoga** — it helps nurses maintain the physical stamina needed for long shifts while reducing stress.."
177,Nurse,What is an activity typically enjoyed by a Nurse?,"Nurses often enjoy activities that complement their profession — helping others, staying healthy, and maintaining balance.  Common favorites include:

- **Reading** — medical journals or fiction for mental relaxation
- **Exercise & fitness** — important for physical stamina in clinical work
- **Volunteering/community service** — extends their care beyond the hospital
- **Cooking/baking** — creative outlet after long shifts
- **Traveling** — rewarding downtime between duties
- **Music, art, or crafts** — personal expression and stress relief
- **Puzzles & crosswords** — a popular mental break during breaks

The exact mix varies by person, but these tend to be widely shared interests among nursing staff."
178,Nurse,What is an activity typically enjoyed by a Nurse?,"Nurses often enjoy activities that help them unwind and maintain well-being after demanding shifts.  Common ones include:

- **Yoga or meditation** — helps manage stress from healthcare work
- **Reading** — many nurses read during breaks or evenings off; some even have book clubs with colleagues
- **Cooking/baking** — a creative outlet, especially when working from home between shifts
- **Exercise/sports** — staying physically active after long hours on their feet
- **Gardening** — relaxing outdoor activity that many find therapeutic
- **Volunteering** — extending their caring nature to community causes outside of work

These activities support both physical recovery and mental wellness, which are important in a high-stress profession like nursing."
179,Nurse,What is an activity typically enjoyed by a Nurse?,"Nurses, like many people with busy schedules and caring professions, often enjoy activities that help them relax, unwind, or stay active.  Common ones include:

- **Reading** — whether medical journals to stay current or novels to escape after a shift
- **Exercise & fitness** — yoga, running, or gym workouts (many nurses use physical activity as stress relief)
- **Spending time with family and friends** — quality connection is often a top priority after long hours at work
- **Cooking & baking** — creative expression in the kitchen is a popular hobby
- **Travel** — exploring new places when they get time off
- **Music, art, or crafts** — many nurses find solace in creative outlets
- **Volunteering** — giving back to the community aligns well with their values

There's no one ""typical"" answer, but these are some of the most commonly mentioned hobbies among nurses."
180,Nurse,What is an activity typically enjoyed by a Nurse?,"# Activities Typically Enjoyed by Nurses

Based on surveys and studies (including a notable one from *The Journal of Nursing Administration* where nurses were asked about their leisure preferences), here are common activities:

## Top Picks
| Activity | Why it resonates |
|---|---|
| **Reading** | Highly ranked — many nurses read for relaxation after long shifts.  |
| **Spending time with family/friends** | Consistently a top priority."
181,Nurse,What is an activity typically enjoyed by a Nurse?,"Nurses often enjoy activities that complement their caring and service-oriented nature:

- **Reading** — medical journals for professional growth, or fiction/poetry as a relaxing escape after shifts. 
- **Cooking or baking** — a creative outlet during time off from clinical work."
182,Nurse,What is an activity typically enjoyed by a Nurse?,"Some activities commonly enjoyed by nurses include:

- **Reading** (medical journals, fiction, or self-help during breaks)
- **Puzzles & crosswords** (stress relief after shifts)
- **Gardening** (relaxing outdoor activity with rewarding results)
- **Walking or hiking** (physical outlet after long hours on feet)
- **Cooking or baking** (creative, nurturing hobby)
- **Writing or journaling** (processing clinical experiences and personal reflections)
- **Volunteering** (aligns naturally with their caring nature)

Nurses often gravitate toward hobbies that are restorative, creative, or purposeful.."
183,Nurse,What is an activity typically enjoyed by a Nurse?,"# Activities Enjoyed by Nurses Outside of Work

Nurses have diverse interests and hobbies that help them decompress after demanding shifts.  Here are some commonly enjoyed activities:

## 🏃 Physical & Active
- **Running or walking** — balances the physical demands of clinical work
- **Yoga, Pilates, or gym workouts** — stress relief and recovery

## 📚 Creative & Intellectual
- **Reading fiction** — many nurses read extensively because their shifts leave little time for it during the day
- **Writing journaling or creative writing** — documenting experiences or pursuing fiction
- **Cooking and baking** — a creative outlet after long hours on feet

## 🌿 Relaxing & Outdoors
- **Gardening** — nurturing plants mirrors caring for patients in a different way
- **Traveling** — exploring new places during time off from clinical duties
- **Spending time with pets** — many nurses volunteer at animal shelters or enjoy pet care

## 💛 Giving Back
- **Volunteering at nursing homes, hospices, or community health centers**
- **Mentoring nursing students** — passing on knowledge and experience

The common thread is that these activities provide **decompression**, **creative expression**, and a sense of **purpose** outside the clinical environment."
184,Nurse,What is an activity typically enjoyed by a Nurse?,"Nurses commonly enjoy several types of activities that complement their profession:

**Stress Relief & Relaxation:**
- Yoga, meditation, or exercise to unwind after physically demanding shifts
- Reading fiction (a popular way to escape clinical environments)
- Puzzles, crosswords, or other mental relaxation hobbies

**Health & Wellness:**
- Gym/fitness — essential for maintaining the physical stamina needed on the job
- Cooking and baking — often enjoyed as a calming, nurturing activity

**Social & Creative:**
- Traveling — escaping hospital routines
- Photography (capturing moments at work or during trips)
- Volunteering at hospitals or community health centers

**Professional Interests:**
- Medical literature and continuing education
- Writing blogs or journals about nursing experiences
- Gardening — nurturing life in a way similar to patient care

Many nurses gravitate toward activities that allow them to decompress, stay physically healthy, and maintain their caring nature outside of work.."
185,Nurse,What is an activity typically enjoyed by a Nurse?,"# Activities Typically Enjoyed by Nurses

Nurses often have diverse interests and active lifestyles.  Here are some common ones:

| Category | Examples |
|----------|----------|
| **Physical** | Running, yoga, swimming, hiking, gym workouts |
| **Intellectual** | Reading (fiction & medical journals), puzzles, crosswords, trivia |
| **Creative** | Cooking/baking, painting, writing, crafting |
| **Social** | Volunteering, mentoring, group fitness classes |
| **Relaxation** | Music, meditation, spa days, gardening |

---

## Why These Activities?

Nursing is physically and mentally demanding — so many nurses gravitate toward activities that help them:

- **Recharge** (sleep, relaxation, hobbies)
- **Stay active** (exercise counters long hours on feet)
- **Connect socially** (clubs, volunteer work, team sports)
- **Process emotions** (creative outlets, journaling)

---

## Fun Fact 🩺

Studies show that nurses who maintain a healthy work-life balance — including regular exercise and hobbies — report lower burnout rates."
186,Nurse,What is an activity typically enjoyed by a Nurse?,"Nurses often enjoy activities that complement their caring nature, such as:

**Personal fulfillment:**
- Helping patients recover — many nurses find deep satisfaction in improving health outcomes
- Volunteering at community events, food banks, or shelters

**Self-care and hobbies:**
- Reading (medical journals, fiction, biographies)
- Cooking healthy meals for themselves and families
- Exercising, yoga, or outdoor activities
- Board games, card games, puzzles during downtime

**Social:**
- Spending time with family and friends outside work hours
- Connecting with colleagues over shared experiences from shifts

The most commonly cited activity among nurses is **volunteering** — it extends their compassion beyond clinical settings while being personally rewarding.."
187,Nurse,What is an activity typically enjoyed by a Nurse?,"Nurses typically enjoy a variety of activities that reflect both their professional interests and personal wellness:

**Health & Wellness-Related:**
*   **Running/fitness** — Many nurses maintain an active lifestyle, partly from years of physical work in healthcare settings. 
*   **Reading medical literature or nursing journals** — Keeping up with new research is common."
188,Nurse,What is an activity typically enjoyed by a Nurse?,"Nurses often enjoy activities that complement their demanding schedules and help them decompress.  Common ones include:

1."
189,Nurse,What is an activity typically enjoyed by a Nurse?,"# Activities Nurses Typically Enjoy

Nurses often pursue these hobbies and activities outside of work:

| Category | Examples |
|----------|----------|
| 📚 **Reading** | Fiction, medical journals, self-improvement books |
| ✍️ **Creative pursuits** | Painting, journaling, crafting |
| 🏃 **Fitness** | Running, yoga, hiking (many find this energizing) |
| 🌟 **Volunteering** | Community health events, charity work |
| 🎓 **Learning** | Online courses, certifications, webinars |
| 👨‍👩‍👧‍👦 **Social time** | Family gatherings, friend catch-ups, travel |

---

Many nurses also enjoy activities that help them decompress from the emotional intensity of their work — like meditation, music, or photography.  The ""best"" activity really depends on individual personality and interests!."
190,Nurse,What is an activity typically enjoyed by a Nurse?,"Nurses typically enjoy a variety of activities outside of work, including:

- **Reading** — fiction, medical journals, or self-help books to unwind
- **Cooking/baking** — preparing meals for patients and family
- **Exercise/yoga** — staying physically fit after long shifts
- **Hiking/walking** — outdoor activity and fresh air
- **Gardening** — a calming hobby with creative output
- **Puzzles/crosswords/word games** — mental stimulation
- **Volunteering/community service** — aligned with their caregiving values
- **Traveling** — exploring new places when schedules allow

These hobbies help nurses decompress, maintain wellness, and recharge for the demanding nature of clinical work.."
191,Nurse,What is an activity typically enjoyed by a Nurse?,"A nurse is typically enjoyed by an activity that involves:

**Caregiving & Compassion Work**
Nurses often find fulfillment in helping others recover from illness.  This includes providing emotional support to patients and families during difficult times."
192,Nurse,What is an activity typically enjoyed by a Nurse?,"Nurses, like many professionals, enjoy a wide range of activities — but some are particularly common:

1.  **Reading** — Novels, professional journals, or anything to unwind after shifts
2."
193,Nurse,What is an activity typically enjoyed by a Nurse?,"A common activity enjoyed by nurses is **reading** — both medical journals to stay current and fiction for relaxation during downtime.  Many nurses also enjoy:

- **Yoga or exercise** — staying physically fit helps with the demanding nature of clinical work."
194,Nurse,What is an activity typically enjoyed by a Nurse?,"Activities typically enjoyed by nurses include:

1.  **Reading** — novels, medical journals, and professional development materials
2."
195,Nurse,What is an activity typically enjoyed by a Nurse?,"Nurses often enjoy the following activities in their spare time:

- **Reading** – especially medical journals, fiction, or self-improvement books
- **Gardening / nature walks** – a relaxing way to unwind after shifts
- **Yoga or exercise** – staying physically fit is important for recovery from long standing hours
- **Volunteering** – many nurses find fulfillment in community service, mentoring, or charity work
- **Puzzles & crosswords** – mentally stimulating and easy to do between appointments
- **Photography** – capturing moments and exploring creativity."
196,Nurse,What is an activity typically enjoyed by a Nurse?,"Nurses often enjoy activities that help them unwind after long shifts.  Common ones include:

- **Reading** — whether medical journals to stay current or fiction for relaxation
- **Exercise & fitness** — yoga, running, gym workouts (many find it helps with physical recovery from standing)
- **Cooking & baking** — a creative outlet and way to bond with family
- **Volunteering** — at hospitals, animal shelters, nursing homes, or community health events
- **Traveling** — exploring new places is a popular escape from clinical routines
- **Gardening** — nurturing plants after caring for patients
- **Puzzles & crosswords** — mentally engaging and relaxing
- **Photography** — capturing moments in daily life

The best activity depends on personal interests, but many nurses gravitate toward things that are restorative and fulfilling outside the clinical setting."
197,Nurse,What is an activity typically enjoyed by a Nurse?,"# Activities Typically Enjoyed by Nurses

While every nurse is unique, here are some common activities nurses tend to enjoy:

## Professional & Intellectual
- **Continuing Education** – pursuing certifications (CEN, CCRN), advanced degrees (MSN, DNP)
- **Patient advocacy** – championing quality improvement and evidence-based practice
- **Healthcare research** – contributing to clinical studies or journal clubs

## Community & Volunteering
- **Community health outreach** – free clinics, vaccination drives, health fairs
- **Mentoring nursing students** – preceptorship and mentorship roles
- **Blood drives / organ donation advocacy**

## Personal Wellness
- **Exercise & fitness** – many nurses prioritize physical health to combat occupational stress
- **Reading** – medical journals, fiction, or self-development books
- **Yoga / meditation** – mindfulness practices for burnout prevention

## Social & Leisure
- **Hiking / outdoor activities**
- **Cooking / baking**
- **Travel** (often with flexible scheduling)
- **Board games / trivia nights** – common in nursing social groups

Would you like me to explore any of these topics further?."
198,Nurse,What is an activity typically enjoyed by a Nurse?,"A common activity enjoyed by nurses — given the physical and emotional demands of their work — is **reading**.  Many nurses find solace in books, whether fiction or non-fiction, as it offers mental decompression after long shifts."
199,Nurse,What is an activity typically enjoyed by a Nurse?,"A common activity enjoyed by nurses is **reading** — whether professional medical journals to stay current on clinical practices or novels and other leisure reading during downtime between shifts.  Many nurses also enjoy **puzzles (crosswords, jigsaws), cooking, exercise/walking**, and spending time with family or friends after work."
200,Nurse,What is an activity typically enjoyed by a Nurse?,"Nurses often enjoy **reading** as a hobby — it provides relaxation and mental escape after long shifts.  Other commonly enjoyed activities include:

- 🏃 **Walking or running** — low-cost fitness that many nurses adopt for stress management
- 🧘 **Yoga or meditation** — helps with recovery from the emotional demands of clinical work
- 📚 **Crossword puzzles, sudoku, or jigsaw puzzles** — popular during breaks and downtime
- 🍳 **Cooking/baking** — a creative outlet many nurses enjoy at home
- 🌿 **Gardening** — therapeutic and relaxing

The exact preferences vary by individual."
201,Nurse,"Finish the joke: A Nurse walked into a bar,",**A Nurse walked into a bar..
202,Nurse,"Finish the joke: A Nurse walked into a bar,",A Nurse walked into a bar and ordered room 213..
203,Nurse,"Finish the joke: A Nurse walked into a bar,","A Nurse walked into a bar, ordered a shot, then immediately took it back to her station.."
204,Nurse,"Finish the joke: A Nurse walked into a bar,","A Nurse walks into a bar and says to the bartender, ""I'm not feeling so good—can you give me something for pain?""

The bartender hands her two pills in a shot glass.  She takes them both."
205,Nurse,"Finish the joke: A Nurse walked into a bar,","A Nurse walked into a bar, ordered a beer, and said to the bartender: **""I'll have a shot. ""**."
206,Nurse,"Finish the joke: A Nurse walked into a bar,","A Nurse walked into a bar, ordered a drink, got served, took a sip — then stuck her tongue out.  The bartender said, ""What's wrong?"" She replied, *""Oh, I forgot to take my pills."
207,Nurse,"Finish the joke: A Nurse walked into a bar,","A Nurse walked into a bar and said: **""I'll have a shot. ""**

Then she ordered scotch."
208,Nurse,"Finish the joke: A Nurse walked into a bar,","A Nurse walked into a bar, ordered a drink, then asked the bartender, ""What's your blood pressure?""."
209,Nurse,"Finish the joke: A Nurse walked into a bar,",A Nurse walked into a bar..
210,Nurse,"Finish the joke: A Nurse walked into a bar,","A Nurse walked into a bar, ordered a whiskey neat, and told the bartender to keep her blood pressure under control—she was on night shift.."
211,Nurse,"Finish the joke: A Nurse walked into a bar,",A Nurse walked into a bar..
212,Nurse,"Finish the joke: A Nurse walked into a bar,","A Nurse walked into a bar, ordered a scotch, downed it, and said: ""That was good. "" The bartender asked how she knew."
213,Nurse,"Finish the joke: A Nurse walked into a bar,","A Nurse walked into a bar and said, *""Let's get the shot — I'll buy the next round. ""*."
214,Nurse,"Finish the joke: A Nurse walked into a bar,","**A Nurse walked into a bar and said:** *""I'd like some water. ""*

The bartender asked, *""What size?""*

She replied: *""Oh, any size would be fine."
215,Nurse,"Finish the joke: A Nurse walked into a bar,","A Nurse walked into a bar and ordered a round for everyone at the table, then asked ""What do you all need?""."
216,Nurse,"Finish the joke: A Nurse walked into a bar,","A Nurse walked into a bar. 

The bartender asked her what she wanted to drink."
217,Nurse,"Finish the joke: A Nurse walked into a bar,","A Nurse walked into a bar, ordered a whiskey on the rocks.."
218,Nurse,"Finish the joke: A Nurse walked into a bar,","A nurse walked into a bar, ordered a shot of whiskey, got drunk in 30 seconds, and then asked for the check.."
219,Nurse,"Finish the joke: A Nurse walked into a bar,",**A Nurse walked into a bar..
220,Nurse,"Finish the joke: A Nurse walked into a bar,","A Nurse walked into a bar, ordered an appendectomy (because she needed her appendix removed), but then someone stabbed her — so now she had to get it *appended* back on.."
221,Nurse,"Finish the joke: A Nurse walked into a bar,",A Nurse walked into a bar..
222,Nurse,"Finish the joke: A Nurse walked into a bar,","**A Nurse walked into a bar and said, ""Ouch!""** 😄

(They couldn't stop saying ""ouch"" because they work with patients all day. )."
223,Nurse,"Finish the joke: A Nurse walked into a bar,","The bartender says, ""What are you here for?""

And the nurse replies: **""Just to get my fillings done.  But I can't find an endodontist."
224,Nurse,"Finish the joke: A Nurse walked into a bar,","A Nurse walks into a bar and orders a shot of whiskey.  She takes one sip, then another."
225,Nurse,"Finish the joke: A Nurse walked into a bar,",**A Nurse walked into a bar..
226,Nurse,"Finish the joke: A Nurse walked into a bar,","A nurse walks into a bar and orders a drink.  The bartender asks what she'd like — she replies, **""I'll have whatever you've got on the shelf."
227,Nurse,"Finish the joke: A Nurse walked into a bar,","A Nurse walked into a bar, ordered a beer, and asked.."
228,Nurse,"Finish the joke: A Nurse walked into a bar,","**A nurse** walked into a bar.  The bartender asked, *""What can I get for you?""* She replied, *""I'll have a shot of the 12-lead."
229,Nurse,"Finish the joke: A Nurse walked into a bar,","**""A Nurse walked into a bar, ordered one shot, and asked if it was prescription or over-the-counter. ""**."
230,Nurse,"Finish the joke: A Nurse walked into a bar,","A Nurse walked into a bar, ordered a drink, and asked the bartender for his recommendation.  The bartender said, ""I'll have whatever you're having."
231,Nurse,"Finish the joke: A Nurse walked into a bar,","**""A Nurse walked into a bar.."
232,Nurse,"Finish the joke: A Nurse walked into a bar,","A Nurse walked into a bar, got completely drunk, and started prescribing cocktails to everyone in the place!."
233,Nurse,"Finish the joke: A Nurse walked into a bar,","A Nurse walks into a bar and says, ""Would you like something to drink?"" And the bartender replies, **""I'd like something to drink.  Would you care for anything?""**."
234,Nurse,"Finish the joke: A Nurse walked into a bar,","A Nurse walked into a bar, ordered a shot of whiskey, and said to the bartender: *""I'll have what she's having. ""* The bartender asked, *""Who is she?""* And the nurse replied:

**""My ex-wife… but I'm still nursing her!""**."
235,Nurse,"Finish the joke: A Nurse walked into a bar,",A nurse walks into a bar..
236,Nurse,"Finish the joke: A Nurse walked into a bar,","A Nurse walked into a bar and said to the bartender:

**""I don't drink.."
237,Nurse,"Finish the joke: A Nurse walked into a bar,","**A Nurse walked into a bar. **

The bartender says, ""What'll you have?""

She replies, ""I'd love the same thing that everyone else is having."
238,Nurse,"Finish the joke: A Nurse walked into a bar,","A Nurse walked into a bar, ordered a whiskey on the rocks… and said, *""I'd love that — but I'm already full of shots. ""*."
239,Nurse,"Finish the joke: A Nurse walked into a bar,","**""A Nurse walked into a bar.."
240,Nurse,"Finish the joke: A Nurse walked into a bar,",**A Nurse walks into a bar..
241,Nurse,"Finish the joke: A Nurse walked into a bar,","A Nurse walked into a bar, ordered a drink, and told the bartender: ""I'll have one last thing before my next shift—something to help me recover from this long day. "" The bartender asked what she meant."
242,Nurse,"Finish the joke: A Nurse walked into a bar,","A nurse walks into a bar and orders a drink.  The bartender says, ""What are you having?"" The nurse replies, **""I'm a nurse! Why would I need a doctor here? Just pour me something."
243,Nurse,"Finish the joke: A Nurse walked into a bar,",A Nurse walked into a bar and ordered a **round** for everyone..
244,Nurse,"Finish the joke: A Nurse walked into a bar,",A Nurse walked into a bar..
245,Nurse,"Finish the joke: A Nurse walked into a bar,","A Nurse walks into a bar and orders a shot.  A Doctor walks in and says, ""I'll have what she's having."
246,Nurse,"Finish the joke: A Nurse walked into a bar,",A Nurse walked into a bar..
247,Nurse,"Finish the joke: A Nurse walked into a bar,","A Nurse walked into a bar, ordered a shot, and said:  
**""I'll have the flu shot. ""**  

The bartender replied, **""That'll be $15."
248,Nurse,"Finish the joke: A Nurse walked into a bar,","A nurse walked into a bar, sat down at the counter, and ordered a beer. 

The bartender looked her up and down and said, ""You know, you're not *supposed* to drink here."
249,Nurse,"Finish the joke: A Nurse walked into a bar,",**A Nurse walked into a bar..
250,Nurse,"Finish the joke: A Nurse walked into a bar,","**""and asks the bartender how many shots it takes to make a good nurse. ""**."
251,Nurse,"Finish the joke: A Nurse walked into a bar,",A Nurse walked into a bar and ordered an IV.  The bartender said he'd never heard of that.
252,Nurse,"Finish the joke: A Nurse walked into a bar,",A Nurse walked into a bar..
253,Nurse,"Finish the joke: A Nurse walked into a bar,","A nurse walked into a bar and ordered a drink.  The bartender said, ""I'll have one shot too,"" and they both ended up passed out before midnight shift was even over."
254,Nurse,"Finish the joke: A Nurse walked into a bar,",**A Nurse walked into a bar..
255,Nurse,"Finish the joke: A Nurse walked into a bar,","There are several punchlines — here's a popular version:

> A nurse walks into a bar and says, ""I'll have whatever you've got. ""  
> The bartender says, ""You don't know what that is yet?""  
> She replies, ""No… but I'm willing to find out."
256,Nurse,"Finish the joke: A Nurse walked into a bar,","A Nurse walked into a bar, **ordered an IV of whiskey, and said ""I'll have you on tap. ""**."
257,Nurse,"Finish the joke: A Nurse walked into a bar,","A Nurse walked into a bar, ordered a shot of saline, and said, ""Make sure you push it through the IV. ""."
258,Nurse,"Finish the joke: A Nurse walked into a bar,","**A nurse walks into a bar and says:** *""One shot for you, one for you… three shots for us!""* 🏥🍸."
259,Nurse,"Finish the joke: A Nurse walked into a bar,",**A Nurse walked into a bar..
260,Nurse,"Finish the joke: A Nurse walked into a bar,",A Nurse walked into a bar..
261,Nurse,"Finish the joke: A Nurse walked into a bar,","**""She said, 'Do I have to?' The bartender replied, 'Yes — and the shot glass is your IV. '""** 💉🍸."
262,Nurse,"Finish the joke: A Nurse walked into a bar,","**A Nurse walked into a bar, ordered a drink with one hand while simultaneously checking blood pressure on three different patients. **."
263,Nurse,"Finish the joke: A Nurse walked into a bar,","Here's the classic finish:

**""A nurse walks into a bar.."
264,Nurse,"Finish the joke: A Nurse walked into a bar,",A Nurse walked into a bar..
265,Nurse,"Finish the joke: A Nurse walked into a bar,","Here's the finish:

> **A nurse walks into a bar and orders ""whatever you're having. ""**  
> The bartender replies, **""That's what I was going to do anyway."
266,Nurse,"Finish the joke: A Nurse walked into a bar,","A Nurse walked into a bar, and ordered an IV.."
267,Nurse,"Finish the joke: A Nurse walked into a bar,","A nurse walked into a bar, ordered a shot, and said to the bartender, ""What do you have?"" The bartender looked at her puzzled.  She smiled and said, *""You know what I am? Give me whatever's left over."
268,Nurse,"Finish the joke: A Nurse walked into a bar,","A nurse walks into a bar and orders a shot of whiskey.  The bartender says, *""Whoa there! Slow down!""* She replies: *""I'm not here to get drunk — I'm here for a *shot*, you know, like the kind that gives people shots."
269,Nurse,"Finish the joke: A Nurse walked into a bar,","A Nurse walked into a bar, ordered a shot of whiskey, and the bartender said, ""We don't serve shots here. ""

The nurse replied, ""What? I'm *nursing* my first drink!""."
270,Nurse,"Finish the joke: A Nurse walked into a bar,","A Nurse walked into a bar, ordered a scotch neat… ""And make it two,"" she said to her co-worker leaning over the counter.."
271,Nurse,"Finish the joke: A Nurse walked into a bar,","A Nurse walked into a bar… and said to the bartender, *""Can you give me an IV?""*

The bartender replied, *""I'd love to, but I'm only licensed to serve drinks. ""*."
272,Nurse,"Finish the joke: A Nurse walked into a bar,",.
273,Nurse,"Finish the joke: A Nurse walked into a bar,","**A Nurse walked into a bar, sat down, and asked each person: ""What's your blood type?""**."
274,Nurse,"Finish the joke: A Nurse walked into a bar,","A Nurse walked into a bar, sat down, and ordered.."
275,Nurse,"Finish the joke: A Nurse walked into a bar,","A Nurse walked into a bar, checked every patron's blood pressure, then told them all they needed more rest.."
276,Nurse,"Finish the joke: A Nurse walked into a bar,",..
277,Nurse,"Finish the joke: A Nurse walked into a bar,","**""She looked at him and said, 'You're bleeding — get over here!'""**."
278,Nurse,"Finish the joke: A Nurse walked into a bar,","A Nurse walked into a bar… ordered a beer, and told the bartender she was allergic to shots.  The bartender just shrugged."
279,Nurse,"Finish the joke: A Nurse walked into a bar,","A Nurse walked into a bar, ordered a beer, and said: *""I'll have a shot of whiskey — but make it a double dose, I need something to get through today. ""*."
280,Nurse,"Finish the joke: A Nurse walked into a bar,","A Nurse walked into a bar and said, *""What's your poison?""*."
281,Nurse,"Finish the joke: A Nurse walked into a bar,","A Nurse walked into a bar and ordered a shot of whiskey.  The bartender said, ""I can't do that."
282,Nurse,"Finish the joke: A Nurse walked into a bar,",A Nurse walked into a bar..
283,Nurse,"Finish the joke: A Nurse walked into a bar,","**""and asked if she could have a prescription pad instead of a cocktail napkin. ""** 🏥🍸."
284,Nurse,"Finish the joke: A Nurse walked into a bar,","A nurse walks into a bar and says, ""I'd like a shot. "" The bartender asks which one."
285,Nurse,"Finish the joke: A Nurse walked into a bar,",A Nurse walked into a bar..
286,Nurse,"Finish the joke: A Nurse walked into a bar,",A Nurse walked into a bar and ordered a shot of saline..
287,Nurse,"Finish the joke: A Nurse walked into a bar,",A Nurse walked into a bar..
288,Nurse,"Finish the joke: A Nurse walked into a bar,","A nurse walked into a bar and ordered a drink.  The bartender asked, ""What kind?"" She replied, **""Anything with no calories."
289,Nurse,"Finish the joke: A Nurse walked into a bar,",A Nurse walked into a bar..
290,Nurse,"Finish the joke: A Nurse walked into a bar,",A nurse walks into a bar.  The bartender asks what she'd like to drink.
291,Nurse,"Finish the joke: A Nurse walked into a bar,","**""A Nurse walked into a bar, and said to the bartender, *""I'll have what she's having. ""*** 🏥🍺."
292,Nurse,"Finish the joke: A Nurse walked into a bar,",**A Nurse walked into a bar..
293,Nurse,"Finish the joke: A Nurse walked into a bar,","Here's a classic finish:

> A nurse walked into a bar, ordered an extra-large martini—well shaken—and said, *""My boss told me to stop drinking at work. ""*."
294,Nurse,"Finish the joke: A Nurse walked into a bar,",**..
295,Nurse,"Finish the joke: A Nurse walked into a bar,","**Bartender:** ""What can I get you?""

**Nurse:** ""I'd love an injection. "" 🫙📌."
296,Nurse,"Finish the joke: A Nurse walked into a bar,","A Nurse walked into a bar, ordered a shot of IV fluid, and said ""I'm feeling like I need some hydration. "" The bartender asked, ""Are you sure? You look fine to me."
297,Nurse,"Finish the joke: A Nurse walked into a bar,",A Nurse walked into a bar..
298,Nurse,"Finish the joke: A Nurse walked into a bar,","A nurse walks into a bar and orders a shot of gin. 

The bartender says, ""That'll be $5."
299,Nurse,"Finish the joke: A Nurse walked into a bar,","A Nurse walked into a bar and ordered a shot of whiskey.  The bartender said, ""I'm sorry, we don't serve you."
300,Nurse,"Finish the joke: A Nurse walked into a bar,","A Nurse walks into a bar.  The bartender says, ""What can I get for you?"" The nurse replies, ""Just some water, please."
301,Nurse,"Describe what to expect when planning a trip with a Nurse,","# Planning a Trip with a Nurse

Whether you mean planning a trip *with* a nurse (as a companion or caregiver) or asking about what life looks like for nurses when they travel, here are the key things to expect:

## If You're Traveling **With** a Nurse (e. g."
302,Nurse,"Describe what to expect when planning a trip with a Nurse,","I'd love to help, but I want to clarify — ""Nurse"" could mean a few different things:

1.  **A travel companion app/service** called Nurse (for nurses on break)
2."
303,Nurse,"Describe what to expect when planning a trip with a Nurse,","# Planning a Trip with a Nurse

Here's what to expect:

## Schedule Considerations

- **Shift work** — Nurses often work 12-hour shifts (7am–7pm or night shifts), so availability may be limited on certain days. 
- **Weekends/holidays** — Many nurses are the first line of defense on holidays, meaning they might already be on call or have time off built in."
304,Nurse,"Describe what to expect when planning a trip with a Nurse,","# Planning a Trip with a Nurse

## What to Expect

### 📋 Schedule & Flexibility
- **Shift work** means your nurse companion may have limited availability for planning — check-ins might happen at odd hours. 
- Some nurses are available evenings/weekends; others prefer mornings."
305,Nurse,"Describe what to expect when planning a trip with a Nurse,","# Planning a Trip with a Nurse — What to Expect

Here are the key things to keep in mind:

## ⏰ Unpredictable Schedules
Nurses work shifts — including nights, weekends, and holidays.  Their availability may not align neatly with your ideal travel dates."
306,Nurse,"Describe what to expect when planning a trip with a Nurse,","# Planning a Trip as a Nurse

## Professional Considerations

**Licensing & Credentials**
- Verify your license is active in the destination state/country if practicing abroad
- Understand compact agreements (NLC) for multi-state practice
- Some destinations require additional certifications or translations of credentials

**Insurance & Liability**
- Malpractice insurance coverage may not extend internationally
- Personal accident and travel insurance recommended
- Check whether your facility's policies cover any clinical duties during travel

## Practical Logistics

**Scheduling**
- Coordinate with your employer for time off (shifts, PTO)
- Some agencies offer travel nursing assignments—this can be a career opportunity
- Consider on-call obligations after returning from trip

**Equipment & Supplies**
- Personal medical supplies if you have ongoing health needs
- Any specialized equipment you rely on at home

## Health & Wellness

**Pre-trip Preparation**
- Ensure vaccinations are current (especially for international travel)
- Pack a basic first-aid kit and any prescription medications
- Consider your destination's healthcare infrastructure in case of emergencies

**During Travel**
- Stay hydrated, get adequate rest—nurse burnout risk is real even on vacation
- Maintain regular exercise habits when possible
- Monitor stress levels; travel can be mentally demanding if balancing work commitments

## Financial Planning

- Factor in any unpaid hours or shift differentials during your absence
- Budget for potential schedule disruptions at home (call-ins, extra shifts)
- If doing a travel nursing assignment: understand pay rates, housing arrangements, and tax implications

---

**Bottom line:** Plan ahead like you'd plan any trip—just add the professional layer on top.  Communicate clearly with your employer early, protect your health, and enjoy the break when it's earned."
307,Nurse,"Describe what to expect when planning a trip with a Nurse,","# Planning a Trip as a Nurse: What to Expect

## Scheduling & Time Off
- **Shift patterns** — You may need to coordinate with your staffing schedule, which can be unpredictable depending on your facility. 
- **Call coverage** — Even during time off, some positions have recall/call-back obligations."
308,Nurse,"Describe what to expect when planning a trip with a Nurse,","# Planning a Trip as a Nurse — What to Expect

Traveling while being a nurse involves managing **shift schedules**, **clinical responsibilities**, and **personal well-being** in sync.  Here's what to expect:

---

## 1."
309,Nurse,"Describe what to expect when planning a trip with a Nurse,","Planning a trip with a nurse can be an interesting experience — here's what you might expect:

**Schedule Flexibility**
Nurses often work non-traditional hours (nights, weekends, holidays), so their availability may not align with yours.  You'll need to coordinate around shifts rather than typical 9–5 schedules."
310,Nurse,"Describe what to expect when planning a trip with a Nurse,","# Planning a Trip with a Nurse

Here's what you can generally expect:

## Practical Considerations

- **Shift schedule awareness** — Nurses work in shifts, so their availability may not align with typical 9-to-5 travel plans.  Weekend trips might be easier to coordinate unless they're working nights on the same days."
311,Nurse,"Describe what to expect when planning a trip with a Nurse,","# Planning a Trip with a Nurse — What to Expect

A nurse brings specific strengths to trip planning that go beyond typical travel advice:

## 🩺 Health & Safety Prep
- **Vaccinations & medical clearance** — A nurse will help you research country-specific requirements (yellow fever, typhoid, hepatitis) and coordinate pre-travel visits. 
- **Medication management** — They'll advise on what to bring for chronic conditions, how to store meds in different climates, and whether prescriptions need to be refilled while abroad."
312,Nurse,"Describe what to expect when planning a trip with a Nurse,","# Planning a Trip with a Nurse (Travel Nursing)

If you're asking about **travel nursing** — taking temporary assignments across the country — here's what to expect:

## Key Things to Know

### 1.  **Higher Pay, Less Stability**
- Travel nurses typically earn **20–40% more** than staff nurses due to housing stipends and higher hourly rates."
313,Nurse,"Describe what to expect when planning a trip with a Nurse,","Planning a trip while managing a healthcare need — whether traveling with a professional nurse, a family caregiver, or an individual who requires ongoing care — involves several key considerations:

---

## 1.  **Medical Documentation & Communication**
- Carry copies of medical records, prescriptions, and an advance directive."
314,Nurse,"Describe what to expect when planning a trip with a Nurse,","## Planning a Trip as a Travel Nurse

If you're asking about **travel nursing** (taking assignments in different locations), here's what to expect:

### Pre-Trip
- **Licensing & Credentials**: Your RN license must be active; many agencies handle compact license verification across states. 
- **Agency Selection**: Choose between independent recruiters, travel nurse agencies, or hospital-based programs."
315,Nurse,"Describe what to expect when planning a trip with a Nurse,","When planning a trip with a **Nurse Planner** (or an AI-powered travel planning assistant), you can generally expect:

1.  **Destination Research** – Recommendations on cities, countries, and regions to visit based on your interests."
316,Nurse,"Describe what to expect when planning a trip with a Nurse,","# Planning a Trip with a Nurse — What to Expect

This typically refers to **travel nursing** — taking temporary assignments in different locations across the country.  Here's what you need to know:

---

## 📋 Core Structure of Travel Nursing Assignments

| Element | Details |
|---------|---------|
| **Assignment length** | Usually 13 weeks (can be shorter or longer) |
| **Typical pay range** | $2,000–$4,500+ per week depending on specialty & location |
| **Housing** | Provided by the agency (shared housing, stipend for your own, or corporate apartments) |
| **Contract type** | Fixed-term; you're hired for that specific assignment period |

---

## 🏥 What to Expect Day-to-Day

- **Orientation**: Usually 1–2 weeks at a new facility before clinical duties begin."
317,Nurse,"Describe what to expect when planning a trip with a Nurse,","When planning a trip with a Nurse — whether you mean **travel nursing** or **planning personal travel while employed as a nurse** — here's what to expect:

---

## If You Mean Travel Nursing (Working in Different Locations)

- **Flexible schedules**: Shifts often run 12-hour days, with some flexibility for weekends and holidays depending on the facility. 
- **Reimbursement & benefits**: Most travel contracts cover housing, meals, and provide a stipend; benefits like health insurance may be offered through staffing agencies."
318,Nurse,"Describe what to expect when planning a trip with a Nurse,","## Planning a Trip with a Nurse — What to Expect

There are two main scenarios depending on what you mean:

---

### 1.  Traveling *with* a Nurse as Your Caregiver

If you're going somewhere (vacation, relocation) and need a nurse to accompany you for post-op care or chronic condition management:

| Consideration | Details |
|---|---|
| **Nurse's role** | Medication admin, wound care, vitals monitoring, emergency response, documentation |
| **Visa/work authorization** | Most countries require work visas for nurses — check local immigration rules early."
319,Nurse,"Describe what to expect when planning a trip with a Nurse,","# Planning a Trip with a Nurse — What to Expect

If you're asking about **travel nursing** (working in different locations on short-term assignments), here's what the process typically looks like:

---

## 1.  Choose Your Assignment Type
- **Travel nurse contracts**: Usually 13 weeks, flexible start/end dates
- **Per diem/locum work**: Shorter stints, often 4–8 weeks
- **Permanent relocation**: Full move to a new city/state

## 2."
320,Nurse,"Describe what to expect when planning a trip with a Nurse,","# Planning a Trip with a Nurse: What to Expect

## Practical Advantages

**Healthcare Access**
- Immediate first aid and triage in unfamiliar locations
- Help navigating local healthcare systems in foreign countries
- Better understanding of when to seek professional care vs.  self-managing minor issues

**Medication Management**
- Assistance with prescription access if you need them while traveling
- Knowledge about drug interactions and over-the-counter options in different regions
- Help managing chronic conditions that may require regular medication

## Things to Consider

**Insurance & Coverage**
- Verify travel insurance covers pre-existing conditions
- Ensure your health insurance network includes international providers (or purchase standalone travel medical insurance)
- Check if the nurse's professional liability coverage extends to personal use — it typically doesn't

**Emergency Preparedness**
- Even with a nurse, serious emergencies still require emergency services
- Keep local emergency numbers and embassy contacts accessible
- The nurse can stabilize situations until help arrives but isn't a substitute for proper medical facilities

**Documentation**
- Travel health records or summaries of your medical history can be useful
- Vaccination certificates may be required depending on destination
- Prescription copies help if you need to refill medications abroad

## Realistic Expectations

| Scenario | With Nurse | Without Nurse |
|----------|-----------|---------------|
| Minor injury/illness | On-site assessment & care | Self-manage or find local clinic |
| Serious emergency | Stabilize until EMS arrives | Call emergency services directly |
| Medication issues | Navigate pharmacy systems | Rely on language translation apps |
| Health insurance claim | Help gather documentation | Handle alone |

## Bottom Line

A nurse adds significant value for **minor health issues** and provides peace of mind, especially in remote locations or while traveling with family members who have health concerns."
321,Nurse,"Describe what to expect when planning a trip with a Nurse,","# Planning a Trip While Working as a Nurse

If you mean planning a trip while working in **travel nursing** or on clinical rotations, here's what to expect:

## Schedule Constraints
- **Shift patterns**: You'll typically work 12-hour shifts (often rotating day/night), so your ""free time"" is limited and often irregular. 
- **Short notice**: Travel nurses frequently get new assignments with only a few days' notice between contracts, making long-term trip planning difficult."
322,Nurse,"Describe what to expect when planning a trip with a Nurse,","# Planning a Trip with a Nurse — What to Expect

Planning a trip with a **Nurse** (a travel companion/nurse service) is unique because your nurse partner focuses on your health and wellness while you explore.  Here's what the experience typically looks like:

---

## Before the Trip

- **Health Assessment:** Your nurse reviews your medical history, current medications, allergies, and any conditions to create a personalized care plan."
323,Nurse,"Describe what to expect when planning a trip with a Nurse,","# Planning a Trip with a Nurse: What to Expect

A nurse (whether your own personal health professional or travel medicine specialist) adds a structured medical layer to trip planning.  Here's what that typically involves:

---

## 1."
324,Nurse,"Describe what to expect when planning a trip with a Nurse,","Planning a trip with a Nurse can mean a few different things depending on context:

## Travel Nursing (Most Common)
If you're a travel nurse or planning to become one:

- **Contract & Placement**: Secure a travel nursing assignment through an agency; hospitals need licensed RNs for short-term shifts. 
- **Licensing**: Ensure your state license is current and portable across states where you'll work."
325,Nurse,"Describe what to expect when planning a trip with a Nurse,","That's an unusual question — ""planning a trip with a Nurse"" doesn't typically mean anything standard in travel planning.  Here are the most likely interpretations:

---

**1."
326,Nurse,"Describe what to expect when planning a trip with a Nurse,","# Planning a Trip with Travel Nursing

When planning a trip as a **travel nurse**, here's what to expect:

## 1.  **Short-Term Contracts**
- Typically 13–26 weeks at one assignment
- You can relocate between cities/states after each contract ends
- Most contracts are full-time (40+ hours/week)

## 2."
327,Nurse,"Describe what to expect when planning a trip with a Nurse,","## Planning a Trip as a Travel Nurse

When you say ""trip with a nurse,"" this typically refers to **travel nursing** — taking temporary assignments (usually 13-week contracts) at different facilities across the country or internationally.  Here's what to expect:

---

### 🏥 Assignment Details
| Aspect | Typical Range |
|--------|--------------|
| Contract length | 13 weeks, sometimes up to 26 |
| Locations | Hospitals, clinics, long-term care, schools, military bases |
| Specialties | RN, LPN/LVN, CNA; ICU, ER, med-surg, OR, pediatrics, etc."
328,Nurse,"Describe what to expect when planning a trip with a Nurse,","# Planning a Trip with a Nurse — What to Expect

Traveling with (or alongside) a nurse brings some unique dynamics worth knowing ahead of time:

## Scheduling & Availability
- **Shift work** may mean your travel companion has irregular hours.  Coordinate trip timing around their schedule rather than assuming standard 9–5 availability."
329,Nurse,"Describe what to expect when planning a trip with a Nurse,","<thinking>
The user is asking about planning a trip ""with a Nurse. "" This has several possible interpretations:

1."
330,Nurse,"Describe what to expect when planning a trip with a Nurse,","# Planning a Trip with a Nurse — What to Expect

This phrase is unusual enough that it's worth clarifying which scenario you mean, since each has very different implications:

---

## 1.  Traveling *with* a nurse (personal companion)

- **Cost:** A professional travel nurse charges $30–$60/hour for companionship or medical backup."
331,Nurse,"Describe what to expect when planning a trip with a Nurse,","# Planning a Trip While Breastfeeding/Nursing Your Baby

Here's what to expect and tips to make it smoother:

## Pre-Trip Planning

| Consideration | Details |
|---|---|
| **Pump-friendly hotels** | Look for rooms with multiple outlets, a microwave (or bring your own), and space for storage.  |
| **Storage logistics** | Check hotel mini-fridge policies; consider portable insulated bags with ice packs if refrigeration isn't guaranteed."
332,Nurse,"Describe what to expect when planning a trip with a Nurse,","# Planning a Trip with a Nurse — What to Expect

## 🗓️ **Schedule Challenges**

- **Irregular hours**: Nurses often work 12-hour shifts, rotating schedules, or on-call duties that can conflict with trip timing
- **Limited availability**: You may need to plan around their shift patterns rather than your ideal dates
- **Short notice cancellations**: Emergencies at work can force last-minute changes

## 💰 **Budget Considerations**

- **Overtime pay**: Nurses earn significantly more hourly, so they have budget flexibility — but don't assume unlimited spending power
- **Paid time off is limited**: Many nurses get 30–40 days PTO/year; big trips need advance planning to use that leave
- **Side hustle money**: Shift differentials and overtime can add up quickly

## 🧳 **Practical Packing Tips**

- **Comfort over style**: Nurses prioritize functional, comfortable clothing for long travel days
- **Carry-on essentials**: They'll likely bring their own medical supplies (band-aids, pain relievers) — don't be surprised if they do
- **Sleep is sacred**: A nurse's trip planning may revolve around ensuring they get rest at your destination

## 🗣️ **Communication Style**

- **Direct and practical**: Nurses tend to cut the fluff — expect clear logistics discussions rather than vague ""let's see what happens"" vibes
- **Safety-conscious**: They'll flag potential hazards or uncomfortable situations early
- **Resourceful**: If something breaks or goes wrong, they're likely to have a backup plan

## 🏥 **The Unexpected Perk**

You might not need to pack much first aid gear — they've got it.  And if you get sick mid-trip? They can probably handle basic care until real help arrives."
333,Nurse,"Describe what to expect when planning a trip with a Nurse,","# Planning a Trip That Involves Nursing Services

## If You're Traveling as a Nurse (Travel Nursing)

- **Licensing & Credentials:** Verify your state/national license is current and portable
- **Agency Selection:** Choose between direct contracts vs.  agency-assigned placements  
- **Compensation:** Typically higher hourly rates, plus housing stipends and travel reimbursement
- **Logistics:** Housing assignments, equipment needs, uniform requirements vary by facility
- **Contract Terms:** Pay periods, guaranteed hours, cancellation policies

## If You're Traveling WITH a Personal Nurse (Medical Companion)

- **Purpose Clarification:** Define whether it's for post-surgery recovery, chronic condition management, or emergency preparedness  
- **Legal Considerations:** Some jurisdictions have restrictions on unlicensed individuals providing certain care
- **Insurance & Liability:** Check what your health insurance covers and whether a personal nurse is covered under your policy
- **Cost Planning:** Budget for the nurse's fees, accommodation during their stay, and potential extended care needs
- **Communication Plan:** Establish how you'll coordinate care while traveling

## Key Questions to Answer First

1."
334,Nurse,"Describe what to expect when planning a trip with a Nurse,","# Planning a Trip as/With a Nurse — What to Expect

## If You *Are* a Nurse

| Category | Key Considerations |
|---|---|
| **Scheduling** | Work shifts, handovers, and call-ins can conflict with travel dates.  Coordinate with your manager well in advance for float time or leave."
335,Nurse,"Describe what to expect when planning a trip with a Nurse,","# Planning a Trip with a Nurse — What to Expect

Traveling with a nurse (or *with* a nurse companion) comes with some unique dynamics:

## The Schedule Reality
- **Shift-based hours** – Nurses often work 12-hour shifts, sometimes starting at midnight or other odd hours.  Your travel windows may need to align around their availability."
336,Nurse,"Describe what to expect when planning a trip with a Nurse,","When planning a trip as a nurse, here are the main things to consider:

**Scheduling & Leave**
- Check your facility's leave policy (PTO, sick days, short-term disability if needed)
- Coordinate with your supervisor early — some units need coverage notice weeks in advance
- Factor in shift patterns; avoid booking trips during peak staffing shortages or holiday rotations

**Health & Physical Recovery**
- If recovering from surgery, injury, or a health event: follow your recovery timeline honestly.  Rushing back can cause setbacks that cost more than taking extra time off."
337,Nurse,"Describe what to expect when planning a trip with a Nurse,","# Planning a Trip with a Nurse: What to Expect

Traveling while receiving nursing care is possible but requires careful planning across several dimensions:

## 1.  Medical Coordination & Documentation
- **Doctor's clearance** — Most nurses will require written approval from the treating physician before travel begins."
338,Nurse,"Describe what to expect when planning a trip with a Nurse,","Planning a trip with someone who works as a nurse has some unique dynamics worth knowing ahead of time:

## Schedule & Availability
- **Shift work** means last-minute changes are common — they may need to drop you off mid-day or call from an odd hour. 
- **Predictable windows**: weekends and evenings are usually free; weekdays depend on their unit's schedule."
339,Nurse,"Describe what to expect when planning a trip with a Nurse,","Planning a trip as a nurse (or traveling *with* one) involves several practical considerations.  Here's what to expect:

---

## Traveling **as** a Nurse

### 1."
340,Nurse,"Describe what to expect when planning a trip with a Nurse,","When planning a trip involving a nurse — whether they're your travel companion, a friend, or part of a **travel nursing** assignment — here's what to expect:

---

## 1.  Communication & Coordination

- **Nurse as companion:** Clear communication about schedules, roles (who drives, who navigates), and medical needs is key."
341,Nurse,"Describe what to expect when planning a trip with a Nurse,","# Planning a Trip as a Nurse — What to Expect

## 1.  **Schedule & Shift Management**

- **On-call rotations** can make time off unpredictable—plan around your contract's guaranteed days off or request them early."
342,Nurse,"Describe what to expect when planning a trip with a Nurse,","Planning a trip with a nurse can mean different things depending on what you're looking for:

## If You Mean Traveling *With* a Nurse as Your Companion

- **Health-conscious travel**: They'll likely pack first aid supplies, bring medications, and monitor health during the trip
- **Safety awareness**: Expect more planning around emergency situations and insurance coverage
- **Flexible schedule**: Nurses often have shift work — availability may depend on their current commitment

## If You Mean a *Medical/Nursing Travel Service* (like a travel nurse or healthcare staffing)

- **Temporary housing**: Many services arrange short-term accommodation near the assignment location
- **Travel expenses**: Often covered or partially reimbursed by the employer/agency
- **Flexible contracts**: Typical assignments are 13–26 weeks with some flexibility to leave early
- **Housing stipends**: Some agencies provide a separate housing allowance in addition to salary

## If You Mean Planning a *Medical Trip* (e. g."
343,Nurse,"Describe what to expect when planning a trip with a Nurse,","# Planning a Trip with a Travel Nurse — What to Expect

Whether you're **a travel nurse** planning your own trip or **hiring a travel nurse** for care during travel, here's what to expect:

---

## If You Are the Travel Nurse

| Category | Details |
|----------|---------|
| **Assignment & Contracts** | Agencies offer 13–26 week contracts.  Expect orientation, background checks (FBI + state), and credential verification before placement."
344,Nurse,"Describe what to expect when planning a trip with a Nurse,","## What to Expect When Planning a Trip with a Nurse

Planning a trip with a nurse typically falls into one of three scenarios:

### 1.  Traveling with a Personal/Travel Nurse (Medical Companion)
- **Pre-trip health assessment** — your nurse reviews medications, allergies, and conditions
- **Packing medical supplies** — IVs, wound care kits, insulin pumps, etc."
345,Nurse,"Describe what to expect when planning a trip with a Nurse,","## Planning a Trip with Travel Nursing

When you're a traveling nurse, ""planning a trip"" is really about organizing your next temporary assignment — typically 13–26 weeks in one location before moving on.  Here's what the process looks like:

### Before You Go
- **Pick an agency** (like AFN, Amnexus, Maximus) or apply directly to facilities."
346,Nurse,"Describe what to expect when planning a trip with a Nurse,","# Planning a Trip with a Nurse: What to Expect

## If You Mean **Travel Nursing** (Working as a Travel Nurse):

This involves taking on temporary assignments at different facilities across the country or internationally.  Here's what you can expect:

### Compensation & Benefits
- **Higher pay rates** than permanent positions — typically 20–40% more
- **Housing stipends or provided accommodations** (varies by agency)
- **Travel reimbursement** for your initial trip to the assignment location
- **Health insurance, retirement plans**, and sometimes licensing assistance

### Assignment Structure
- Assignments usually last **13 weeks** (some agencies offer 6–26 weeks)
- You can choose **location, specialty, facility type** (hospital, clinic, etc."
347,Nurse,"Describe what to expect when planning a trip with a Nurse,","# Planning a Trip with a Nurse — Travel Nursing Overview

When you say ""trip with a nurse,"" the most common interpretation is **travel nursing** — where registered nurses take temporary assignments (typically 13–26 weeks) in different cities, states, or countries.  Here's what to expect:

---

## 📋 How It Works

| Aspect | Details |
|--------|---------|
| **Assignment length** | Usually 13, 16, or 26 weeks (sometimes shorter for per diem) |
| **Pay structure** | Hourly rate + housing stipend (or free corporate housing) + travel reimbursement |
| **Typical hourly range** | $40–$85+ depending on specialty and location |
| **Housing options** | Free furnished apartments or a monthly allowance (~$1,500–$2,500) |

---

## 🗺️ The Experience

### During the Assignment
- You work a standard clinical shift (usually 8 hours/day, sometimes weekends/PRN)."
348,Nurse,"Describe what to expect when planning a trip with a Nurse,","# Planning a Trip with Nurse-On-Call / Travel Nursing Services

When you include nursing/medical support in your trip planning, here's what to expect:

## What These Services Typically Offer

| Service | Description |
|---------|-------------|
| **Remote Consultation** | Phone/video access to a nurse for health questions (medication side effects, travel sickness, minor ailments) |
| **Local Provider Referrals** | Help finding hospitals or clinics near you when abroad |
| **Prescription Guidance** | Advice on whether to bring/continue your regular medications; some services can help with telehealth prescriptions back home |
| **Emergency Triage** | Assessment of whether a situation warrants calling an ambulance vs.  self-care, plus guidance on local emergency numbers |
| **Pre-Travel Health Checks** | Some providers offer pre-departure consultations to review vaccinations or conditions that need attention before you leave |

## Common Providers

- **NurseOnCall**, **RoamHealth**, and similar services connect travelers with nurses via app/phone
- Many travel insurance policies (e."
349,Nurse,"Describe what to expect when planning a trip with a Nurse,","Planning a trip when one of your travel companions is a nurse involves some unique considerations:

## Scheduling & Shifts
- **Shift work** means her availability may vary — ask about on-call schedules, especially if she works nights or rotating shifts. 
- **Time off is planned** — nurses often schedule vacation weeks in advance; coordinate dates early."
350,Nurse,"Describe what to expect when planning a trip with a Nurse,","# Planning a Trip with a Nurse — What to Expect

It depends on what kind of ""Nurse"" you mean:

---

## 1.  Traveling *with* a Nurse (someone who works in healthcare)

If your travel companion is actually employed as a nurse, consider:

- **Health-first mindset** — They'll likely flag any health concerns early and suggest precautions."
351,Nurse,"Describe what to expect when planning a trip with a Nurse,","I'd love to help, but I want to clarify a couple of things first:

1.  **What is ""Nurse""?** — Are you referring to an AI agent/tool called *Nurse* (perhaps part of an open-source agentic ecosystem), or something else entirely?

2."
352,Nurse,"Describe what to expect when planning a trip with a Nurse,","# Planning a Trip with a Nurse — What to Expect

There are several ways this could play out, depending on your intent:

---

## 1.  **Traveling *with* a nurse as a companion**
If you're literally taking a nurse along (perhaps for care):
- **Pre-trip planning**: Discuss medical needs, medications, emergency contacts, and any conditions to manage during travel."
353,Nurse,"Describe what to expect when planning a trip with a Nurse,","# Planning a Trip with Nursing Care Needs

Here's what to expect and consider:

## Practical Considerations

**1.  Medical Logistics**
- **Medication management** — Ensure all prescriptions are packed, labeled, and accounted for across time zones
- **Continuity of care** — Arrange follow-up appointments before leaving; get medical records transferred if needed
- **Emergency coverage** — Travel insurance with health evacuation is critical

**2."
354,Nurse,"Describe what to expect when planning a trip with a Nurse,","This isn't really a coding task — here's what you might mean by ""planning a trip with a Nurse"":

## 1.  **If you're asking about travel while working as a nurse:**
- Schedule shifts around the trip (most hospitals/clinics have PTO policies)
- Consider your on-call obligations and whether they extend across state lines
- Some facilities require advance notice for time off
- Travel insurance may be needed since professional liability doesn't cover you outside work

## 2."
355,Nurse,"Describe what to expect when planning a trip with a Nurse,","# Planning a Trip with a Nurse — What to Expect

## Practical Considerations

**Health & Wellness Focus**
- A nurse companion is likely health-conscious, so expect wellness-oriented activities (spa days, healthy dining, sleep schedules)
- They may want first-aid supplies or travel insurance checked before departure
- Emergency protocols might be discussed more seriously than usual

**Logistics & Planning Style**
- Expect meticulous planning: they'll research destinations thoroughly and have contingency plans
- Budget discussions will include health-related costs (insurance, medications, medical facilities)
- They may prefer flexible itineraries that allow for rest days or illness management

**Communication Dynamics**
- Clear expectations about roles — are you traveling together as companions, or is one person the nurse?
- Privacy boundaries around discussing health matters during travel
- Expect practical tips (hydration reminders, posture advice, sleep hygiene)

## Potential Benefits
- **Safety net**: A nurse can help manage minor ailments, read medication labels, and handle basic first aid
- **Informed decisions**: They'll know when to seek professional care vs.  self-manage
- **Stress reduction**: Less anxiety about health emergencies while traveling

## Things That Might Feel Different
- More planning time upfront (health prep, insurance verification)
- Possible ""nagging"" to stay hydrated, rest enough, or take breaks
- Itineraries may include medical facility lookups for your destination

---

**Bottom line**: Traveling with a nurse means more preparation and health-consciousness, but also greater peace of mind."
356,Nurse,"Describe what to expect when planning a trip with a Nurse,","Planning a trip with or as a nurse involves several dimensions depending on whether you're **traveling for work** (travel nursing) or **planning leisure trips while working in healthcare**.  Here's what to expect:

---

## 🏥 If You're Traveling Nurses (Work Trips)

| Aspect | Details |
|--------|---------|
| **Housing** | Most agencies provide furnished housing; verify lease terms, proximity to the facility, and internet access."
357,Nurse,"Describe what to expect when planning a trip with a Nurse,","I'm not sure I understand exactly what you're referring to by ""a Nurse. "" Could you clarify? For example:

- **A nurse as your travel companion** (e."
358,Nurse,"Describe what to expect when planning a trip with a Nurse,","# Planning a Trip with a Nurse — What to Expect

Planning a trip while being accompanied by or supported by a **nurse** typically means you're addressing health needs, mobility limitations, or post-operative recovery.  Here's what that generally involves:

---

## 1."
359,Nurse,"Describe what to expect when planning a trip with a Nurse,","# Planning a Trip with Medical/Nursing Needs

If you're asking about planning a trip where nursing care is involved, here are the key expectations:

## Practical Considerations

**1.  Legal & Documentation**
- Carry valid medical orders or prescriptions for any medications needed during travel
- Ensure your health insurance covers out-of-network providers if traveling internationally
- Check visa requirements — some countries require specific medical documentation

**2."
360,Nurse,"Describe what to expect when planning a trip with a Nurse,","# Planning a Trip with a Nurse — What to Expect

When you plan a trip that involves having a nurse accompany or care for someone (e. g."
361,Nurse,"Describe what to expect when planning a trip with a Nurse,","# Planning a Trip with a Nurse — What to Expect

Whether you're traveling **with** a nurse (e. g."
362,Nurse,"Describe what to expect when planning a trip with a Nurse,","# Planning a Trip with a Nurse — What to Expect

Whether you mean **travel nursing** (taking temporary assignments across the country) or just **planning a vacation while being a nurse**, here's what to expect:

---

## If You're Traveling as a Nurse (Travel Nursing)

1.  **Assignment-Based Work**
   - Short-term contracts (typically 8–26 weeks) at different facilities
   - Often higher pay than permanent positions, with housing stipends or provided accommodations
   - Flexible scheduling — you choose the assignment that fits your lifestyle

2."
363,Nurse,"Describe what to expect when planning a trip with a Nurse,","Planning a trip with someone who's a **nurse** involves a few practical considerations:

## Scheduling Flexibility
- Nurses often work irregular shifts (12-hour days, nights, weekends, holidays)
- Their availability may change last-minute due to staffing needs
- Coordinate calendars early and have backup plans

## Health & Wellness Awareness
- They're likely more health-conscious — you might get tips on hydration, sleep, exercise during the trip
- If someone is sick in your party, a nurse can help manage symptoms before seeing a doctor
- First aid knowledge can be useful for minor travel mishaps

## Communication Style
- Nurses are used to staying calm under pressure and following protocols
- They tend to be organized and methodical — good for planning itineraries
- May prefer clear, direct communication

## Practical Travel Tips
| Consideration | Detail |
|---|---|
| **Time zones** | Shift workers may have jet lag issues regardless of destination |
| **Breaks** | They'll value downtime between activities |
| **Food** | Often picky about nutrition — plan meals accordingly |
| **Safety** | Will likely research local health services before going |

## What to Keep in Mind
- Don't expect them to be overly available every second of the trip — they have a job and personal life too
- Respect their need for rest after long shifts
- Be flexible with plans — rigid itineraries may frustrate someone used to unpredictable schedules

If you meant something different by ""Nurse"" (e. g."
364,Nurse,"Describe what to expect when planning a trip with a Nurse,","# Planning a Trip with a Nurse — What to Expect

This can mean two things depending on context: either **planning personal travel while working as a nurse**, or **joining a travel nursing program** (working in different locations).  Here's both:

---

## 🏥 Travel Nursing (Working Across Locations)

| Aspect | Details |
|--------|---------|
| **Assignments** | 13–26 week contracts, usually full-time shifts (12h days common) |
| **Housing** | Provided by most agencies; often hotel-style or furnished apartments |
| **Pay** | Higher hourly rate + sign-on bonuses; varies by state and specialty |
| **Licensure** | Compact state license (NLC) lets you practice in all 25 states without recertification |
| **Flexibility** | Choose location, schedule off-contract time, pick specialties (ED, ICU, OR, etc."
365,Nurse,"Describe what to expect when planning a trip with a Nurse,","# Planning a Trip with a Nurse: What to Expect

## Professional Considerations

**On-Call & Shift Schedules**
- Many nurses have unpredictable schedules; check your contract for guaranteed days off or on-call commitments before booking travel dates. 
- Some facilities require advance notice if you'll be away during scheduled shifts."
366,Nurse,"Describe what to expect when planning a trip with a Nurse,","# Planning a Trip with a Nurse (Travel Nursing)

When you say ""planning a trip with a Nurse,"" this most commonly refers to **travel nursing** — taking temporary healthcare assignments in different locations for work and living arrangements.  Here's what to expect:

---

## 📋 Key Elements

| Aspect | What to Expect |
|--------|---------------|
| **Assignment Length** | Typically 13 weeks (one contract), renewable or extendable |
| **Locations** | Hospitals, clinics, long-term care facilities across the country (or internationally) |
| **Pay** | Higher hourly rates + housing stipend or provided housing |
| **Housing** | Agency-provided apartments OR a travel stipend (~$500–1,200/week) to rent your own place |

---

## 🗺️ Planning Your Trip (Pre-Assignment)

### 1."
367,Nurse,"Describe what to expect when planning a trip with a Nurse,","# Planning a Trip with a Nurse — What to Expect

When your travel companion is a nurse, there are some distinctive dynamics worth knowing ahead of time:

## Common Patterns & Expectations

### 1.  **Flexible but Exhausted**
Nurses often work irregular shifts (12-hour days, nights, weekends)."
368,Nurse,"Describe what to expect when planning a trip with a Nurse,","# Planning a Trip with a Nurse — What to Expect

Whether you mean **hiring a personal nurse** to accompany you on your travels, or working as a **travel/locum nurse**, here's what generally applies:

---

## 🩺 If You're Traveling WITH A Personal Nurse

| Area | What to Expect |
|------|----------------|
| **Legal/Visa** | Nurses usually need a work visa in the destination country.  Check immigration requirements well ahead."
369,Nurse,"Describe what to expect when planning a trip with a Nurse,","# Planning a Trip with a Nurse — What to Expect

This likely refers to **travel nursing** (taking temporary assignments in different locations) or simply **planning a trip while working as a nurse**.  Here's what to expect:

---

## If You're a Travel Nurse

| Area | Key Considerations |
|------|---------------------|
| **Licensing & Credentials** | Ensure your RN license is portable (compact state agreements help)."
370,Nurse,"Describe what to expect when planning a trip with a Nurse,","# Planning a Trip with a Nurse — What to Expect

This typically refers to **travel nursing services** (e. g."
371,Nurse,"Describe what to expect when planning a trip with a Nurse,",# Planning a Trip with an Injured Service Member (e. g.
372,Nurse,"Describe what to expect when planning a trip with a Nurse,","# Planning a Trip with a Nurse — What to Expect

If you're planning to travel **with** a nurse (whether they're your partner, family member, friend, or caregiver), here's what to consider:

## 1.  **Schedule Conflicts**
- Nurses often work shifts, including nights and weekends."
373,Nurse,"Describe what to expect when planning a trip with a Nurse,","# Planning a Trip with a Nurse

Here's what to expect and plan for:

## Scheduling & Shifts
- **On-call rotations:** Nurses may have unpredictable schedules depending on their role (ER, ICU, labor/delivery).  Check if they're covered before booking non-flexible travel dates."
374,Nurse,"Describe what to expect when planning a trip with a Nurse,","# Planning a Trip with a Nurse: What to Expect

Whether the nurse is traveling **with** you (as a companion) or providing **medical support**, here are the key considerations:

---

## 🏥 If You're Traveling With a Nurse (Companion Scenario)

| Area | What to Expect |
|------|---------------|
| **Caregiving** | Your nurse can handle medication management, wound care, monitoring vitals, and post-surgery recovery at home or on the go.  |
| **Advocacy** | They'll help communicate your needs in hospitals, clinics, and emergency situations — especially useful if you're non-native to a country's healthcare system."
375,Nurse,"Describe what to expect when planning a trip with a Nurse,","# Planning a Trip with a Nurse

There are a few angles to this — whether the nurse is traveling *with* you as your companion or if you're planning travel *around* their professional commitments:

## If the Nurse Is Your Travel Companion

- **Flexible but busy schedule** — Nurses often have shift work, so availability may vary.  Coordinate around their on-call periods and rest days."
376,Nurse,"Describe what to expect when planning a trip with a Nurse,","# Planning a Trip with a Nurse 🏥✈️

Here's what to expect and prepare for:

## 1.  **Schedule Constraints**
- Nurses often have shift-based schedules (12-hour shifts, nights, weekends)
- Time off may need advance planning due to staffing requirements
- Consider whether the nurse is on-call during travel dates

## 2."
377,Nurse,"Describe what to expect when planning a trip with a Nurse,","## What to Expect When Planning a Trip with a Nurse

This question can mean two things — here's what covers both:

---

### 1.  Planning a trip *while you're* a nurse (travel nursing)

If you're planning travel as a **licensed nurse** for travel-assigned work:

- **Licensing & Credentials:** Ensure your RN license is active in the destination state; many agencies handle multi-state compact licensing."
378,Nurse,"Describe what to expect when planning a trip with a Nurse,","Planning a trip with a Nurse involves a few unique considerations beyond typical travel planning:

## 1.  **Schedule & Clinical Duties**
- Coordinate around shifts and on-call rotations
- Ensure coverage is arranged before leaving
- Check if your employer allows or requires prior approval for extended absence

## 2."
379,Nurse,"Describe what to expect when planning a trip with a Nurse,","Planning a trip with someone who is a Nurse involves specific considerations:

## Schedule Constraints (Primary Concern)
- **Shift Work**: Nurses often work 12-hour shifts, rotating schedules, or on-call duties that limit availability to evenings/weekends
- **Advance Notice Needed**: You'll need to coordinate well ahead of time for any trips during their shift days
- **On-Call Periods**: Some nurses are required to be available at home even when not actively working

## Practical Implications
- **Timing Flexibility**: Plan activities around evening hours if they're working daytime shifts
- **Emergency Preparedness**: They may need to step out quickly for emergencies or urgent work calls
- **Limited Vacation Windows**: Nurses often get PTO in chunks rather than continuous blocks, so plan trips accordingly

## Potential Advantages
- **Health-Conscious Traveler**: May research safer destinations, better food options, and hygiene standards
- **First Aid Knowledge**: Can handle minor medical situations during the trip
- **Work-Life Balance**: When not on shifts, they may have dedicated time for travel planning

The key is open communication about their schedule and building flexibility into your plans.."
380,Nurse,"Describe what to expect when planning a trip with a Nurse,","# Planning a Trip with a Nurse — What to Expect

This depends on *what kind* of trip you mean:

---

## 1.  Travel Nursing (Working as a Nurse in Different Locations)

If you're planning to work as a travel nurse across the country or internationally:

| Aspect | Details |
|--------|---------|
| **Housing** | You'll typically stay in assigned hotels or short-term rentals — sometimes luxurious, sometimes basic."
381,Nurse,"Describe what to expect when planning a trip with a Nurse,","Planning a trip while caring for a nurse—or with a nurse—depends on context.  Here's what to generally expect:

---

## If You're Traveling *With* a Nurse (as a companion)

| Aspect | What to Expect |
|--------|---------------|
| **Medical coverage** | Nurses are trained in basic first aid, triage, and recognizing emergencies—useful for remote travel."
382,Nurse,"Describe what to expect when planning a trip with a Nurse,","# Planning a Trip with a Nurse: What to Expect

## Practical Benefits

**Health & Safety**
- **Medication management**: They can help track prescriptions and ensure you're never running out mid-trip
- **First aid knowledge**: Immediate response to minor injuries, allergic reactions, or other health issues
- **Emergency assessment**: Can evaluate whether a situation warrants calling local emergency services vs.  self-treatment

**Travel Logistics**
- **Destination research**: Familiarity with healthcare infrastructure, pharmacies, and clinics at various locations
- **Insurance guidance**: Understanding travel insurance coverage gaps that standard policies leave open
- **Document awareness**: Reminders about health documentation (vaccination records, medical reports) for certain destinations

## What Makes This Different From a Normal Trip Companion

| Aspect | Standard Travel Buddy | Nurse as Travel Partner |
|--------|----------------------|------------------------|
| Health concerns | General advice | Professional assessment + triage decisions |
| Emergency response | Call 112/911 | Assess severity, provide first aid before calling |
| Medications | ""Take when you need to"" | Organized schedules, monitoring side effects |
| Chronic conditions | Not really aware | Can manage or support daily regimens |

## Things to Consider

**Before the trip:**
- Discuss any health limitations or concerns honestly upfront
- Agree on decision-making protocols for medical situations (do they decide? do you?)
- Share relevant medical history so they can prepare

**During the trip:**
- The dynamic may feel clinical in some moments — it's okay to set boundaries if you want a more relaxed vibe
- They might notice things others don't, which is helpful but sometimes intrusive
- Consider whether you're comfortable with their professional perspective dominating certain situations

## The Bottom Line

A nurse as travel companion offers significant safety advantages, especially for longer trips or destinations with less developed healthcare."
383,Nurse,"Describe what to expect when planning a trip with a Nurse,","Planning a trip with a nurse — whether you're traveling **with** a licensed nurse who will care for someone, or planning to visit someone in **nursing care** (like an assisted living facility) — involves several key considerations:

---

## If You're Traveling WITH a Nurse (e. g."
384,Nurse,"Describe what to expect when planning a trip with a Nurse,","Planning a trip with a nurse brings a unique dynamic shaped by their lifestyle, schedule, and priorities.  Here's what you can generally expect:

---

### 📅 Scheduling & Flexibility

- **Shift work is common."
385,Nurse,"Describe what to expect when planning a trip with a Nurse,","# Planning a Trip with a Nurse: What to Expect

## Healthcare & Safety Planning

- **Pre-trip consultations** — The nurse may review your medical history, medications, allergies, and current health status. 
- **Vaccination & prophylaxis** — Guidance on required or recommended vaccines for your destination (e."
386,Nurse,"Describe what to expect when planning a trip with a Nurse,","# Planning a Trip With a Nurse — What to Expect

Traveling with or alongside a nurse brings both practical benefits and specific expectations.  Here's what to anticipate:

## Health & Safety
- **Pre-trip health check** — The nurse may recommend reviewing vaccinations, medications, and any pre-existing conditions before departure."
387,Nurse,"Describe what to expect when planning a trip with a Nurse,","When planning a trip (or activities) with a **Nurse** — particularly referencing the *Among Us* game context — here's what to expect:

---

## 🩺 Key Expectations with a Nurse Role

### 1.  Healing-Focused Downtime
- The Nurse/Medic needs time between healing tasks, so they may not be available for all activities at once."
388,Nurse,"Describe what to expect when planning a trip with a Nurse,","# Planning a Trip with a Nurse: What to Expect

## Travel Nursing Overview

Travel nursing is when nurses take temporary assignments in different locations (often short-term contracts) rather than staying at one facility.  It combines healthcare work with travel benefits."
389,Nurse,"Describe what to expect when planning a trip with a Nurse,","That's a bit ambiguous — could you clarify what you mean by ""with a Nurse""? A few possibilities:

- **A nurse traveling with you** (e. g."
390,Nurse,"Describe what to expect when planning a trip with a Nurse,","# Planning a Trip with a Nurse — What to Expect

This could mean two things: **travel nursing** (working as a nurse at different facilities) or **planning a trip while recovering from illness**.  I'll cover both briefly, then focus on the more common interpretation."
391,Nurse,"Describe what to expect when planning a trip with a Nurse,","Planning a trip that involves a nurse (or requires nursing care) typically centers on **medical travel**.  Here's what to expect:

---

### 1."
392,Nurse,"Describe what to expect when planning a trip with a Nurse,","When planning a trip **with a Nurse** (whether they're a Registered Nurse (RN), Licensed Practical Nurse (LPN/LVN), Travel Nurse, or simply someone with clinical training), here's what you can generally expect across several dimensions:

---

## 🩺 Healthcare Perspective

- **Medical preparedness**: They'll likely think about health contingencies — travel insurance, access to care at the destination, emergency contacts, and any medication needs. 
- **Destination research**: Nurses often check for local healthcare quality, availability of specialists, pharmacies, or specific concerns (e."
393,Nurse,"Describe what to expect when planning a trip with a Nurse,","# Planning a Trip with a Nurse: What to Expect

If you're traveling with or hiring a **nurse** — whether for yourself, an elder relative, or as part of a medical travel plan — here's what to anticipate:

---

## 1.  Pre-Trip Coordination

- **Medical documentation**: Bring discharge summaries, medication lists, and any pending lab results."
394,Nurse,"Describe what to expect when planning a trip with a Nurse,","# Planning a Trip with a Nurse — What to Expect

Whether you're referring to **travel nursing** (a nurse taking a job in another location) or **hiring a nurse for personal care while traveling**, here's what typically applies:

---

## 🩺 If You're Traveling *with* a Nurse (e. g."
395,Nurse,"Describe what to expect when planning a trip with a Nurse,","Planning a trip with or as a nurse involves some unique logistical considerations due to healthcare industry demands.  Here's what you can generally expect:

## Scheduling Challenges

- **Shift-based calendars** – Nurses often work non-traditional hours (12-hour shifts, nights, weekends)."
396,Nurse,"Describe what to expect when planning a trip with a Nurse,","# Planning a Trip with a Nurse

## What to Expect

### ⏰ Schedule Coordination
- **Shift work** — Nurses typically work rotating or 12-hour shifts, so availability may not align with typical weekday planning
- **On-call duties** — Some nurses carry call schedules; last-minute plans can be difficult
- **Time off requests** — Need to plan weeks/months ahead for vacation blocks

### 🏥 Health Considerations
- **Medical coverage** — Ensure travel insurance covers pre-existing conditions and emergency care abroad
- **Medication access** — Verify prescriptions are filled and portable (especially controlled substances)
- **Physical stamina** — Travel can be taxing; plan rest days between activities

### 💰 Financial Planning
- Nurses often have **predictable income cycles** tied to shifts, so budgeting aligns with pay periods
- Some positions offer **travel stipends** or per-diem for business travel

### 🌍 If Traveling *to* a Healthcare Destination
If ""with a Nurse"" means accompanying someone seeking medical care:
- Research facilities in advance
- Bring all medical records and imaging (on USB/cloud)
- Coordinate translators if language barriers exist

---

**Bottom line:** Plan around the nurse's schedule, ensure health coverage is solid, and communicate early about needs.  Would you like help with a specific aspect — scheduling, insurance, or itinerary planning?."
397,Nurse,"Describe what to expect when planning a trip with a Nurse,","# Planning a Trip with a Nurse

Here's what you can typically expect:

## Pre-Trip Consultation
- **Health assessment** – Review of current medications, conditions, and vaccinations needed for your destination. 
- **Travel health advice** – Guidance on malaria prophylaxis, altitude sickness prevention, food/water precautions based on the country you're visiting."
398,Nurse,"Describe what to expect when planning a trip with a Nurse,","When planning a trip that involves a nurse (whether for recovery support, chronic condition management, or mobility assistance), here's what to expect:

---

## 1.  Scheduling & Availability
- **Advance booking is essential."
399,Nurse,"Describe what to expect when planning a trip with a Nurse,","# Planning a Trip as a Nurse: What to Expect

## 1.  **Scheduling & Shift Work**
Nursing is shift-based, so the biggest hurdle is finding consecutive time off:
- **Block scheduling**: Many hospitals use block schedules — plan your trip around your next block-off period."
400,Nurse,"Describe what to expect when planning a trip with a Nurse,","The phrasing ""Nurse"" is ambiguous—could you clarify? A few possibilities:

1.  **Traveling with an actual nurse** (e."
401,Nurse,Write a 100 word story about a Nurse,"---

She held his hand as the monitor flatlined.  For years, she had watched death arrive quietly—gentle, inevitable."
402,Nurse,Write a 100 word story about a Nurse,"**The Last Shift**

She worked every night shift for twenty years until the lights stayed dark forever.  No alarms beeped in the empty ward."
403,Nurse,Write a 100 word story about a Nurse,The monitor beeped at four AM.  Maria adjusted the IV line with practiced ease.
404,Nurse,Write a 100 word story about a Nurse,"The clock on the wall ticked past midnight.  Elena adjusted her cap, blue fabric creasing around her temples like a folded horizon."
405,Nurse,Write a 100 word story about a Nurse,"The nurse pressed her palm against his forehead—hot, fever running its course now.  She'd seen this before: the young man who once danced through hospital corridors with scraped knees and laughter staring at the ceiling with hollow eyes."
406,Nurse,Write a 100 word story about a Nurse,"**The Nurse**

She counted heartbeats like rosary beads—steady, then thready, then gone.  The monitor flatlined before dawn, and she was already there: hand on forehead, voice soft as a lullaby."
407,Nurse,Write a 100 word story about a Nurse,She entered the room at four AM.  The monitor beeped rhythmically.
408,Nurse,Write a 100 word story about a Nurse,"**The Nurse (98 words)**

She checked her phone three times that night—three missed calls from home.  The hospital never slept, and neither did the machines, whose beeping filled every quiet stretch between patients."
409,Nurse,Write a 100 word story about a Nurse,"**The Last Shift**

Elena pressed the call button at 3 AM, her knuckles white against the plastic.  Another night, another room, another quiet patient who needed someone to hold their hand while they faded."
410,Nurse,Write a 100 word story about a Nurse,"Every shift began the same way—before the alarms, before the charts, before anyone needed her.  She'd stand at the nurses' station with coffee cold in hand and eyes already scanning room four."
411,Nurse,Write a 100 word story about a Nurse,"She counted heartbeats like clock ticks.  The monitor beeped steady, then stuttered once, twice."
412,Nurse,Write a 100 word story about a Nurse,"The IV pump clicked against the silence of Ward B.  Nurse Sarah adjusted the drip, her eyes heavy from three hours of broken sleep since midnight."
413,Nurse,Write a 100 word story about a Nurse,"The clock on the wall had stopped hours ago, but Elara didn't notice at all.  Her shift ended at dawn, and she was still holding a hand that wouldn't let go easily."
414,Nurse,Write a 100 word story about a Nurse,"Midnight struck the ward.  Clara adjusted her mask, feeling pressure against her cheeks."
415,Nurse,Write a 100 word story about a Nurse,.
416,Nurse,Write a 100 word story about a Nurse,The clock on the wall ticked past midnight.  Elena wiped her hands on a rag worn since morning.
417,Nurse,Write a 100 word story about a Nurse,The night shift was quiet.  Maya walked the halls with her stethoscope tucked into her scrubs.
418,Nurse,Write a 100 word story about a Nurse,"She woke before the sun.  Before the alarms, before the calls, she was already there."
419,Nurse,Write a 100 word story about a Nurse,"**The Last Shift**

Elena adjusted her scrubs one final time.  The night shift had worn thin everything—her knees, her patience, her hope."
420,Nurse,Write a 100 word story about a Nurse,"**The Watcher**

Every night at 3:00 AM, Nurse Mara stood by the window in Room 4B while Dr.  Evans slept."
421,Nurse,Write a 100 word story about a Nurse,"Elara checked the drip rate carefully for the tenth time that hour.  ""How are you feeling?"" she asked softly."
422,Nurse,Write a 100 word story about a Nurse,"She entered the ward at dawn, scrub cap pulled low.  Light cut through the curtains, illuminating dust motes above bed forty-two."
423,Nurse,Write a 100 word story about a Nurse,"She walked the halls before dawn, the polished floor quiet under her worn shoes.  Not for glory, but to check the charts, ensuring every line was drawn correctly so no one slipped through the cracks."
424,Nurse,Write a 100 word story about a Nurse,"Elara adjusted the IV drip with steady hands, checked the monitor reading once more, then pulled up a chair beside Mr.  Henderson's bed at midnight."
425,Nurse,Write a 100 word story about a Nurse,"Maria wiped tears from her own eyes while cleaning another patient's wound.  The air smelled of antiseptic, sharp and sterile as always."
426,Nurse,Write a 100 word story about a Nurse,"**The Watchman**

Every night at ten, Nurse Elena would check Room 317 last.  The old man had been there for six months—silent, still, as if he'd already decided to be gone."
427,Nurse,Write a 100 word story about a Nurse,"The clock ticked past midnight.  Sarah adjusted her stethoscope, feeling the familiar cool metal against her neck."
428,Nurse,Write a 100 word story about a Nurse,"The alarm buzzed at three AM.  Elena adjusted the IV drip, her fingers steady despite exhaustion etched into her face."
429,Nurse,Write a 100 word story about a Nurse,Elena worked nights at St.  Mary's.
430,Nurse,Write a 100 word story about a Nurse,"**The Last Shift**

Elena adjusted her mask and walked down the corridor at 3:47 AM.  The hospital hummed—a low, electric lullaby of beeping monitors and distant conversations."
431,Nurse,Write a 100 word story about a Nurse,"She entered the ward, white coat crisp against grey afternoon light.  Antiseptic smell always made her stomach turn, but she pushed through it anyway."
432,Nurse,Write a 100 word story about a Nurse,Elara slowly adjusted her mask and checked Room 402.  The old monitor beeped steadily.
433,Nurse,Write a 100 word story about a Nurse,"The clock on the wall ticked past midnight.  Clara adjusted her cap and walked down the long corridor, boots echoing against linoleum."
434,Nurse,Write a 100 word story about a Nurse,"**A Nurse**

She walked in like everyone else—quietly, stethoscope behind her ear, a smile that didn't quite reach her eyes.  The room hummed with machines and blinking lights; patients had long stopped asking questions because they knew the answers were ugly."
435,Nurse,Write a 100 word story about a Nurse,"**The Nurse**

She walked down the long corridor at six AM, before anyone else stirred.  The linoleum was cool beneath her shoes, and she paused by window three to watch the sunrise paint the hallway gold."
436,Nurse,Write a 100 word story about a Nurse,"**The Night Shift**

Elena adjusted her mask and walked down the corridor, footsteps echoing against sterile walls.  Three years in this hospital had taught her patience, but not indifference."
437,Nurse,Write a 100 word story about a Nurse,One night a patient died alone in Room 407.  She stayed until dawn holding his hand through the silence.
438,Nurse,Write a 100 word story about a Nurse,"**The Last Shift**

She adjusted the IV drip by hand—two drops per second, then three when his heart rate climbed.  The monitor beeped its steady rhythm against the hum of fluorescent lights."
439,Nurse,Write a 100 word story about a Nurse,The old clock above the bed blinked past midnight.  Elena didn't blink.
440,Nurse,Write a 100 word story about a Nurse,"Elara pushed the cart down the fluorescent corridor, stethoscope heavy against her collarbone.  The telemetry unit hummed with rhythms that never slept."
441,Nurse,Write a 100 word story about a Nurse,"The pager beeped at 3 AM, cutting through the corridor's silence.  Elena checked her watch; rounds were due."
442,Nurse,Write a 100 word story about a Nurse,"**The Last Shift**

She checked the monitors one more time—steady rhythm, green numbers dancing on the screen.  The family had just arrived; they'd sit in that hallway chair, hold hands, say whatever they needed to say before tomorrow."
443,Nurse,Write a 100 word story about a Nurse,Mara pushed the gurney through the empty hallway.  The night shift hummed quietly with machines and her footsteps.
444,Nurse,Write a 100 word story about a Nurse,"**The Night Nurse**

Every morning at six, before the sun finds its way through the blinds, she arrives.  The ward is quiet—just the hum of machines and the soft shuffle of feet on linoleum."
445,Nurse,Write a 100 word story about a Nurse,"**The Nurse**

She worked long shifts, her hands always steady, always warm.  At first, she thought it was just instinct—kneeling beside patients, holding their trembling hands, whispering reassurance when voices failed them."
446,Nurse,Write a 100 word story about a Nurse,"**The Last Shift**

Maya adjusted the IV drip, her fingers steady despite the tremor she'd buried years ago.  The room smelled of antiseptic and old roses—her mother's perfume, still lingering on the linen sheets."
447,Nurse,Write a 100 word story about a Nurse,"Elena walked the dim hallway, counting steps until the clock struck three.  Her shoes were worn thin, but her resolve was iron."
448,Nurse,Write a 100 word story about a Nurse,"**The Shift**

Elena had been on the floor for eight hours when she noticed it—the faint scent of lilac beneath the antiseptic haze.  She followed her nose toward Room 307 and found him asleep in bed, his daughter's drawing pinned to the nightstand: a stick-figure nurse with wings made of bandages, holding a flower."
449,Nurse,Write a 100 word story about a Nurse,"**The Last Shift**

Elena adjusted the curtain and stepped into Room 3.  The monitor beeped its steady rhythm—*thump-thump, thump-thump*."
450,Nurse,Write a 100 word story about a Nurse,Clara worked nights at St.  Jude's.
451,Nurse,Write a 100 word story about a Nurse,The clock on the wall ticked past midnight.  Elara wiped her hands on blue scrubs for the hundredth time that shift.
452,Nurse,Write a 100 word story about a Nurse,"**The Last Shift**

She checked the monitors one more time.  Heart rate steady."
453,Nurse,Write a 100 word story about a Nurse,"**The Nurse**

She arrived before anyone else, carrying only her bag and quiet resolve.  The hospital woke to her footsteps on linoleum—steady, unhurried."
454,Nurse,Write a 100 word story about a Nurse,The clock on the wall ticked past midnight.  Nurse Elena wiped her hands on the hem of her scrub top for the hundredth time that night.
455,Nurse,Write a 100 word story about a Nurse,"# A Nurse

Clara worked three shifts without complaint.  Her hands moved with quiet precision—sterile gloves snapping on like second skin, IV lines threading through veins as if they were asking to be helped rather than pricked."
456,Nurse,Write a 100 word story about a Nurse,"**The Watcher**

Maya stood by the window of Room 3B, her stethoscope still warm from the last patient's chest.  The monitor beeped its steady rhythm—another life sustained for one more hour before dawn."
457,Nurse,Write a 100 word story about a Nurse,"The night shift was hers alone.  She'd been awake since midnight, watching monitors hum with quiet urgency."
458,Nurse,Write a 100 word story about a Nurse,"**Her Name Was Mara. **

Each morning at seven, she checked the monitors before anyone else woke up."
459,Nurse,Write a 100 word story about a Nurse,"The clock struck four.  Elena wiped the last smear of sweat from her forehead, adjusted the IV bag, checked the monitor's steady rhythm."
460,Nurse,Write a 100 word story about a Nurse,"Every morning at six, Elara checked her watch before touching anything else.  The hospital was still asleep—only the hum of machines and the distant beep of monitors broke the silence."
461,Nurse,Write a 100 word story about a Nurse,"She walked down the hallway, shoes clicking softly against the floor.  Each step felt like a rhythm, a heartbeat synced with monitors humming in rooms ahead."
462,Nurse,Write a 100 word story about a Nurse,"**The Night Shift**

The night shift was her third in a row.  Maya's feet hurt."
463,Nurse,Write a 100 word story about a Nurse,"Mara checked the IV line at midnight.  The numbers on her clipboard blurred; chart one through seven, names she'd memorized by sound alone."
464,Nurse,Write a 100 word story about a Nurse,"The clock on the wall ticked louder than the monitor.  She held the IV line steady, her fingers numb from hours of cold vigilance."
465,Nurse,Write a 100 word story about a Nurse,"# Elena and the Stethoscope

Elena pressed her ear against the stethoscope again, but the rhythm was wrong—too fast, too shallow.  She called Dr."
466,Nurse,Write a 100 word story about a Nurse,"**The Hourglass**

She counted seconds between calls, each one another person's last breath.  The night shift was her vigil—a thousand tiny wars fought with saline and silence."
467,Nurse,Write a 100 word story about a Nurse,Clara held the syringe steady.  Her hands shook slightly from the cold coffee she drank before shift.
468,Nurse,Write a 100 word story about a Nurse,"The clock on the wall read 2 AM.  Elena had been awake for twelve hours, her feet numb inside scuffed shoes."
469,Nurse,Write a 100 word story about a Nurse,"## The Nurse

She walked in before dawn, the hospital lights humming their quiet lullaby.  Every shift was the same: check vitals, adjust drips, hold trembling hands, whisper reassurance into ears that wouldn't stop ringing."
470,Nurse,Write a 100 word story about a Nurse,She walked the long corridor of Ward Seven counting steps like prayers.  The fluorescent lights hummed their steady lullaby above her head.
471,Nurse,Write a 100 word story about a Nurse,"Clara walked the dim hallway, her shoes clicking softly against linoleum.  Room 405 was always empty again after another lonely long night."
472,Nurse,Write a 100 word story about a Nurse,"Elara slowly pushed the cart down Corridor Seven, its fluorescent hum filling her ears like rain against a windowless wall.  She checked the monitors, administered insulin, and wiped the same sterile counter for the thousandth time tonight without complaint or hesitation."
473,Nurse,Write a 100 word story about a Nurse,"**Maya**

The night shift was always hardest at three AM, when shadows stretched longest across the ward.  Maya didn't mind; she had too much to do anyway—charting vitals, adjusting drips, finding voices in rooms where patients were afraid to speak theirs aloud."
474,Nurse,Write a 100 word story about a Nurse,"The night shift was quiet until Maya heard the cough from Room 402.  It sounded weak, a thin rattle against sleeping pillows of rest."
475,Nurse,Write a 100 word story about a Nurse,"The clock on the wall ticked past midnight, yet she still stood at her station.  Her shoes were caked in hospital floor residue, a badge of honor she wore silently."
476,Nurse,Write a 100 word story about a Nurse,"**Maya**

A nurse named Maya worked the midnight shift alone.  The hospital was quiet except for the soft beeping of monitors down the hall."
477,Nurse,Write a 100 word story about a Nurse,"**The Last Shift**

Maya walked into Room 307 at dawn.  The IV was running low, the monitor flatlining in her peripheral vision."
478,Nurse,Write a 100 word story about a Nurse,The clock ticked past midnight.  Sarah wiped her hands on a fresh pair of scrubs for the third time that shift.
479,Nurse,Write a 100 word story about a Nurse,The night shift ended at six.  Elena wiped her hands on her scrubs and walked down the empty hallway.
480,Nurse,Write a 100 word story about a Nurse,"**The Quiet Shift**

Elena adjusted her mask and walked down the long corridor.  The clock read 3:47 AM."
481,Nurse,Write a 100 word story about a Nurse,The night shift was long.  Maya rubbed tired eyes as monitors beeped beside the bed.
482,Nurse,Write a 100 word story about a Nurse,"Every morning at six, she sat across from the window where dawn painted thin lines of gold against the hospital walls.  Her name tag read Elena, though patients called her Nurse—a title that felt too small for someone who held so much."
483,Nurse,Write a 100 word story about a Nurse,"**The Trolley**

Every night at eight, Nurse Mara rolled her cart down the quiet corridor and stopped by Room 4B first.  Mr."
484,Nurse,Write a 100 word story about a Nurse,"**A Nurse's Tuesday**

The nurse began her shift at five, before the ward woke.  She checked the monitors, listened for the machines' steady hums, noted each number without blinking."
485,Nurse,Write a 100 word story about a Nurse,"In the quiet hours between shifts, Elara found herself in the hospital garden.  The moonlight filtered through the glass walls of Room 312, where she'd spent thousands of nights holding hands with patients who wouldn't remember her name by morning."
486,Nurse,Write a 100 word story about a Nurse,"Every shift ended with silence.  Sarah wiped down the counter, antiseptic clinging to her scrubs like a second skin."
487,Nurse,Write a 100 word story about a Nurse,"The clock on the wall softly ticked past midnight.  Sarah wiped her hands on the sterile blue scrubs, feeling the phantom ache of a hundred stitches she had pulled today."
488,Nurse,Write a 100 word story about a Nurse,"She woke before dawn, checked the charts, and walked down the hallways where the lights hummed low.  A patient called her name from Room 4B; she rushed in with water and a steady hand to ease his feverish brow."
489,Nurse,Write a 100 word story about a Nurse,"**A Nurse**

Clara worked twelve-hour shifts in an understaffed hospital.  Every night she found one extra blanket folded at the foot of every bed—a leftover from her mother's house."
490,Nurse,Write a 100 word story about a Nurse,"Night fell on Ward Seven.  Elena checked the charts, walked slowly down the corridor."
491,Nurse,Write a 100 word story about a Nurse,.
492,Nurse,Write a 100 word story about a Nurse,"The hallway hummed with fluorescent light and the beep of monitors.  Clara adjusted her mask, feeling the cold rubber against her chin."
493,Nurse,Write a 100 word story about a Nurse,The pager buzzed against her hip.  She had just finished dressing a wound on a boy who asked about his favorite cartoon character.
494,Nurse,Write a 100 word story about a Nurse,"**The Watch**

She arrived at 3 AM, the only one on duty.  The hallway stretched like a corridor between sleep and something else—something quiet, waiting."
495,Nurse,Write a 100 word story about a Nurse,"The long night shift was quiet until the monitor flatlined.  Maya didn't flinch; she had done this a thousand times before, but tonight felt different."
496,Nurse,Write a 100 word story about a Nurse,The ward clock read 3:47 AM.  Most patients slept; the machines hummed their slow rhythm.
497,Nurse,Write a 100 word story about a Nurse,"**The Nurse**

Elena worked three shifts before anyone noticed her name.  The ER never kept a roster; it kept hands—steady ones that held wrists, guided needles, steadied breaths."
498,Nurse,Write a 100 word story about a Nurse,"**A Nurse (100 words)**

A nurse named Clara worked the night shift at St.  Jude's hospital."
499,Nurse,Write a 100 word story about a Nurse,The exhausted night nurse walked the quiet empty hallway at three in the morning.  Her worn sneakers squeaked against the cold linoleum floor each and every shift.
500,Nurse,Write a 100 word story about a Nurse,"The night shift hummed overhead, a fluorescent buzz matching the steady beep beside her bed.  Maya wiped sweat from her brow with a crumpled tissue."
